source_dataset,binary_label,fine_label,path,duration_used_s,rms_mean,rms_std,zcr_mean,centroid_hz,bandwidth_hz,rolloff_hz,flux_mean,mfcc1_mean,mfcc2_mean,mfcc_1,mfcc_2,mfcc_3,mfcc_4,mfcc_5,mfcc_6,mfcc_7,mfcc_8,mfcc_9,mfcc_10,mfcc_11,mfcc_12,mfcc_13
audioset_ev,non_emergency,audioset_negative,/kaggle/input/datasets/jeancdevx/audioset-ev/Negative_files/balanced_train/WRfobDRCIOc.wav,4.0,0.14680233597755432,0.06907354295253754,0.10331330926294821,1929.9348486700997,2084.7664659816187,4520.542828685259,28.603858947753906,-132.36219787597656,75.44230651855469,-132.36219787597656,75.44230651855469,16.54936981201172,22.931074142456055,12.041717529296875,8.540992736816406,-3.6018877029418945,1.4521414041519165,-11.229385375976562,0.2097817212343216,-4.374104022979736,2.5498111248016357,-3.5040526390075684
audioset_ev,non_emergency,audioset_negative,/kaggle/input/datasets/jeancdevx/audioset-ev/Negative_files/eval/-w8maIWtnUk.wav,4.0,0.11521286517381668,0.026936989277601242,0.01920832295816733,421.1802913821256,877.3872249785244,514.8779880478088,8.78134536743164,-401.2921142578125,150.04544067382812,-401.2921142578125,150.04544067382812,50.10371780395508,41.950355529785156,-3.4000020027160645,37.15647888183594,12.856917381286621,26.949691772460938,-6.141468524932861,-1.3065645694732666,2.509160041809082,3.5995473861694336,-8.03534984588623
audioset_ev,non_emergency,audioset_negative,/kaggle/input/datasets/jeancdevx/audioset-ev/Negative_files/balanced_train/CpnbQ3XlxM4.wav,4.0,0.09453392773866653,0.02651316113770008,0.1526238794820717,2062.6002199411178,1909.278532173037,4248.256972111554,19.41930389404297,-149.00759887695312,66.6212158203125,-149.00759887695312,66.6212158203125,-7.639967918395996,25.700069427490234,0.536432147026062,6.1321258544921875,0.6894927620887756,12.714308738708496,1.052850604057312,1.977676510810852,-3.4728033542633057,4.923432350158691,-5.183722019195557
audioset_ev,non_emergency,audioset_negative,/kaggle/input/datasets/jeancdevx/audioset-ev/Negative_files/eval/z2EHq_0aV3Q.wav,4.0,0.11777946352958679,0.04762864112854004,0.08813962898406374,1463.262780574435,1574.8768951319964,3145.667330677291,23.188934326171875,-176.50762939453125,103.03693389892578,-176.50762939453125,103.03693389892578,-19.370891571044922,41.57826614379883,-7.028440952301025,24.7103271484375,-5.158487319946289,24.185203552246094,-11.740171432495117,7.315533638000488,-17.07176399230957,-1.5977799892425537,-12.569887161254883
audioset_ev,emergency,multi_or_ev,/kaggle/input/datasets/jeancdevx/audioset-ev/Positive_files/unbalanced/9KXoW5jdVpE.wav,4.0,0.18753582239151,0.02387976087629795,0.20912833042828685,1883.9157175225312,1018.2791250940757,3157.059262948207,27.36847686767578,-233.71566772460938,120.97158813476562,-233.71566772460938,120.97158813476562,-137.83604431152344,54.7193489074707,-42.66355895996094,-10.23973560333252,30.376253128051758,-41.67796325683594,22.0366153717041,-0.1036338061094284,-12.759148597717285,2.0723838806152344,-29.945581436157227
audioset_ev,emergency,multi_or_ev,/kaggle/input/datasets/jeancdevx/audioset-ev/Positive_files/unbalanced/Cc7-P0py1Mc.wav,4.0,0.1285538375377655,0.040097977966070175,0.12808531499003983,1228.2317252293865,1160.9032267515827,2468.3142430278886,19.54840660095215,-200.88906860351562,146.8944091796875,-200.88906860351562,146.8944091796875,-53.77943801879883,55.7812614440918,-27.997974395751953,31.26032066345215,12.009379386901855,16.13751792907715,-2.993753433227539,-1.304278016090393,10.677302360534668,-7.248460292816162,7.7153143882751465
audioset_ev,non_emergency,audioset_negative,/kaggle/input/datasets/jeancdevx/audioset-ev/Negative_files/balanced_train/O7PvTDfGt20.wav,4.0,0.0022408042568713427,0.007659872993826866,0.14006863172310757,1257.1516389059996,520.2844830648694,1806.648406374502,0.6134079694747925,-811.9556884765625,-12.372329711914062,-811.9556884765625,-12.372329711914062,5.147626876831055,-4.011087894439697,0.768544614315033,0.6979742646217346,1.5939582586288452,1.7556415796279907,0.25838321447372437,1.8257116079330444,-2.8201370239257812,2.3579399585723877,-1.5209481716156006
audioset_ev,emergency,multi_or_ev,/kaggle/input/datasets/jeancdevx/audioset-ev/Positive_files/unbalanced/rbxLSqyCdak.wav,4.0,0.05167294666171074,0.00555749237537384,0.14134088645418327,1486.8414122761924,1215.9588214331452,2950.8839641434265,15.883257865905762,-320.4022216796875,120.73770904541016,-320.4022216796875,120.73770904541016,-51.03406524658203,15.359990119934082,-39.52804946899414,36.168643951416016,23.37433624267578,16.15880584716797,-4.6015238761901855,10.571687698364258,20.211772918701172,8.149968147277832,-6.219455242156982
audioset_ev,non_emergency,audioset_negative,/kaggle/input/datasets/jeancdevx/audioset-ev/Negative_files/eval/MosOtH1imQA.wav,4.0,0.02650749497115612,0.021510258316993713,0.11922622011952191,1551.5580543381898,1438.3979155862837,2969.2480079681277,6.060555458068848,-365.9886779785156,101.35304260253906,-365.9886779785156,101.35304260253906,-30.760892868041992,6.125107765197754,-35.05043411254883,2.7030022144317627,-13.477335929870605,-8.1333646774292,-10.41746711730957,-4.410080909729004,-4.830937385559082,-6.857726097106934,-6.163286209106445
audioset_ev,non_emergency,audioset_negative,/kaggle/input/datasets/jeancdevx/audioset-ev/Negative_files/eval/C25xvcl4YAU.wav,4.0,0.02312176115810871,0.007705401163548231,0.18283117529880477,2215.827381522353,1754.4225278820222,4388.570717131474,5.399895668029785,-340.92572021484375,75.83013153076172,-340.92572021484375,75.83013153076172,-36.72475051879883,88.26924133300781,-38.2795524597168,56.97100830078125,-21.674348831176758,34.54404830932617,-13.154073715209961,5.883360862731934,1.593264102935791,-2.866692304611206,-0.05150587484240532
audioset_ev,emergency,multi_or_ev,/kaggle/input/datasets/jeancdevx/audioset-ev/Positive_files/unbalanced/yo5GJ2-BRfo.wav,4.0,0.06644372642040253,0.08015218377113342,0.2413120953685259,2637.061540547057,2244.664228079722,5553.971613545817,8.365827560424805,-354.3666076660156,66.18328857421875,-354.3666076660156,66.18328857421875,35.29862594604492,-25.481216430664062,31.459461212158203,16.03293228149414,-22.86229705810547,-6.384629726409912,-12.911603927612305,-7.388270854949951,-5.661521911621094,13.416537284851074,-12.156061172485352
audioset_ev,non_emergency,audioset_negative,/kaggle/input/datasets/jeancdevx/audioset-ev/Negative_files/eval/828eRs9Gb7A.wav,4.0,0.0246331337839365,0.009389095939695835,0.16502739043824702,2260.3045912180514,2217.140739652233,5160.483067729084,5.670462608337402,-257.162353515625,74.90875244140625,-257.162353515625,74.90875244140625,6.2978410720825195,3.617055892944336,7.402426719665527,1.4061330556869507,3.3359782695770264,1.5011224746704102,-1.5764636993408203,-0.8606566190719604,-5.124006748199463,4.532023906707764,-0.08278214931488037
audioset_ev,non_emergency,audioset_negative,/kaggle/input/datasets/jeancdevx/audioset-ev/Negative_files/eval/AiV8hsnubyA.wav,4.0,0.10909737646579742,0.06072618439793587,0.0686472858565737,1146.3859144152605,1463.7242063651538,2289.3426294820715,21.469045639038086,-290.6664733886719,123.32814025878906,-290.6664733886719,123.32814025878906,26.455171585083008,32.573795318603516,5.0985260009765625,11.66788387298584,11.578521728515625,-7.308125972747803,0.269603967666626,4.798808574676514,-0.9370591044425964,8.232603073120117,-2.4250717163085938
audioset_ev,non_emergency,audioset_negative,/kaggle/input/datasets/jeancdevx/audioset-ev/Negative_files/balanced_train/Kv0hzGRKVYM.wav,4.0,0.40357735753059387,0.11381107568740845,0.08273546439243028,1787.1149640774136,1967.6439409974566,3960.3461155378486,61.65827560424805,-75.18253326416016,72.9137191772461,-75.18253326416016,72.9137191772461,5.375325679779053,22.495820999145508,11.090824127197266,-4.6915364265441895,2.6182262897491455,10.18018913269043,-3.114468812942505,8.81645679473877,0.242158904671669,10.515990257263184,2.924241542816162
audioset_ev,non_emergency,audioset_negative,/kaggle/input/datasets/jeancdevx/audioset-ev/Negative_files/eval/rcnaWIJ2QOw.wav,4.0,0.12084481865167618,0.09642353653907776,0.2103694596613546,1896.860206852426,1556.9495490186466,3357.258466135458,12.776871681213379,-263.5049743652344,96.29237365722656,-263.5049743652344,96.29237365722656,0.2850251793861389,15.882932662963867,-9.668659210205078,2.040743827819824,4.30649995803833,2.6325325965881348,5.4265642166137695,11.66668701171875,0.7621309161186218,-4.810272216796875,-15.598544120788574
audioset_ev,non_emergency,audioset_negative,/kaggle/input/datasets/jeancdevx/audioset-ev/Negative_files/balanced_train/-eEhWLICanU.wav,4.0,0.061411574482917786,0.03617805615067482,0.06266729955179283,716.3415411215683,635.4973174497973,1232.258466135458,4.811630725860596,-433.5224609375,151.24227905273438,-433.5224609375,151.24227905273438,-9.363829612731934,17.355165481567383,-11.390427589416504,-13.443109512329102,-0.3998504877090454,-27.270092010498047,-34.87712860107422,-17.347679138183594,-12.058137893676758,-21.98379898071289,-23.9688720703125
audioset_ev,emergency,multi_or_ev,/kaggle/input/datasets/jeancdevx/audioset-ev/Positive_files/unbalanced/9YPnEBtfxHU.wav,4.0,0.10104230046272278,0.09039951860904694,0.16305870268924302,1899.527717845551,1573.5113774026638,3308.2046812749004,9.464218139648438,-245.16651916503906,63.85175323486328,-245.16651916503906,63.85175323486328,-46.289276123046875,-4.405800819396973,2.672016143798828,4.779082298278809,1.2099952697753906,9.454790115356445,6.022402763366699,-2.6519079208374023,-20.00893783569336,-2.919996500015259,-4.380928039550781
audioset_ev,non_emergency,audioset_negative,/kaggle/input/datasets/jeancdevx/audioset-ev/Negative_files/balanced_train/u__XGncVbM4.wav,4.0,0.015970900654792786,0.007213831879198551,0.3080023655378486,3140.7070519892422,2030.7796809814868,5707.544820717131,3.688399314880371,-294.8652648925781,2.238326072692871,-294.8652648925781,2.238326072692871,-39.68610763549805,-12.85190486907959,-17.69719123840332,-10.788034439086914,-13.362640380859375,-6.018528461456299,-12.772764205932617,-10.460470199584961,-13.70703411102295,-2.8320186138153076,-1.7074089050292969
audioset_ev,non_emergency,audioset_negative,/kaggle/input/datasets/jeancdevx/audioset-ev/Negative_files/balanced_train/Ovk5EfFj7Ws.wav,4.0,0.13808026909828186,0.03477592021226883,0.10780316235059761,2066.2033980602796,2055.7863839494016,4548.86703187251,25.24795150756836,-143.6248016357422,60.418392181396484,-143.6248016357422,60.418392181396484,3.0195672512054443,22.981761932373047,4.197296619415283,11.828964233398438,5.454772472381592,7.544580936431885,4.296297073364258,16.127384185791016,6.686398983001709,12.296001434326172,1.471014142036438
audioset_ev,non_emergency,audioset_negative,/kaggle/input/datasets/jeancdevx/audioset-ev/Negative_files/eval/pzbO6YfqYII.wav,4.0,0.08741844445466995,0.12851764261722565,0.17534160234063745,2001.602432629312,1616.251786814874,3564.616533864542,21.82720375061035,-306.1864929199219,51.17506408691406,-306.1864929199219,51.17506408691406,-55.03373336791992,-12.662403106689453,-14.819075584411621,-20.31569480895996,-26.29829978942871,-8.274445533752441,-11.542227745056152,-16.12334632873535,-12.081703186035156,-16.043800354003906,-17.690927505493164
audioset_ev,emergency,multi_or_ev,/kaggle/input/datasets/jeancdevx/audioset-ev/Positive_files/unbalanced/AYkhrqm8_aw.wav,4.0,0.4714563488960266,0.0363227017223835,0.1525421750498008,1280.9672791090027,730.0049052774679,1618.7749003984063,69.1288070678711,-208.1156005859375,147.99928283691406,-208.1156005859375,147.99928283691406,-63.58060836791992,20.608158111572266,-6.31946325302124,7.987486839294434,-0.1088864728808403,-4.249009609222412,-1.2441643476486206,5.274341583251953,-1.6173343658447266,-15.59355640411377,-3.557742118835449
audioset_ev,emergency,multi_or_ev,/kaggle/input/datasets/jeancdevx/audioset-ev/Positive_files/unbalanced/HV7kNkjlks0.wav,4.0,0.05869176238775253,0.04558664187788963,0.150382843625498,1445.430136545776,1226.8735254593705,2284.300298804781,11.732268333435059,-286.1024169921875,121.70014953613281,-286.1024169921875,121.70014953613281,-48.23854064941406,9.918305397033691,-1.2408946752548218,10.642768859863281,-3.6169261932373047,2.006046772003174,3.061293840408325,3.72355318069458,-7.634083271026611,3.645925283432007,0.6033032536506653
audioset_ev,non_emergency,audioset_negative,/kaggle/input/datasets/jeancdevx/audioset-ev/Negative_files/balanced_train/O5__MaYsiWQ.wav,4.0,0.01836993731558323,0.01662166602909565,0.06482274028884462,1444.4610866499138,1841.6349757449423,3439.3675298804783,4.120465278625488,-433.04998779296875,99.74603271484375,-433.04998779296875,99.74603271484375,35.47675704956055,28.592144012451172,9.680596351623535,7.342896938323975,-1.5777671337127686,7.884791374206543,1.1484185457229614,4.764267921447754,2.1568448543548584,3.734753370285034,-3.0247786045074463
audioset_ev,non_emergency,audioset_negative,/kaggle/input/datasets/jeancdevx/audioset-ev/Negative_files/eval/4yPdhTHZqLg.wav,4.0,0.0,0.0,0.0,0.0,0.0,0.0,0.0,-1131.3709716796875,0.0,-1131.3709716796875,0.0,0.0,0.0,0.0,0.0,0.0,0.0,0.0,0.0,0.0,0.0,0.0
audioset_ev,emergency,multi_or_ev,/kaggle/input/datasets/jeancdevx/audioset-ev/Positive_files/unbalanced/BgLu-RPMq1U.wav,4.0,0.21744734048843384,0.021100271493196487,0.10300205428286853,1099.7770454783802,1234.0367308377267,2007.905876494024,43.48786163330078,-118.50552368164062,146.1298370361328,-118.50552368164062,146.1298370361328,-15.356104850769043,8.169280052185059,-9.805749893188477,21.135122299194336,20.765748977661133,1.3618544340133667,-18.070598602294922,4.655654430389404,8.110132217407227,-3.304884433746338,-15.562227249145508
audioset_ev,emergency,multi_or_ev,/kaggle/input/datasets/jeancdevx/audioset-ev/Positive_files/eval/JWd6vF4yfG8.wav,4.0,0.0857202410697937,0.06934143602848053,0.20691452938247012,1690.1391207331362,974.7880432208983,2632.3456175298807,20.665090560913086,-291.7488098144531,109.81106567382812,-291.7488098144531,109.81106567382812,-98.83214569091797,15.047870635986328,-28.795103073120117,-59.169158935546875,10.386649131774902,12.835122108459473,-11.186535835266113,26.46235466003418,4.148610591888428,-2.3487179279327393,14.010783195495605
audioset_ev,non_emergency,audioset_negative,/kaggle/input/datasets/jeancdevx/audioset-ev/Negative_files/balanced_train/NrZA3gyQ__Q.wav,4.0,0.030832866206765175,0.025211533531546593,0.13595617529880477,1812.8904880199975,1746.316464330021,3700.8217131474103,6.306321144104004,-311.6610107421875,91.21629333496094,-311.6610107421875,91.21629333496094,-11.460626602172852,29.27204132080078,4.420804023742676,2.666029691696167,9.142102241516113,6.588685035705566,6.84038782119751,2.1258535385131836,-0.9038865566253662,6.2860636711120605,-0.038686562329530716
audioset_ev,non_emergency,audioset_negative,/kaggle/input/datasets/jeancdevx/audioset-ev/Negative_files/balanced_train/wM9wNgY8d4g.wav,4.0,0.13923533260822296,0.014548039995133877,0.2248895044820717,2535.048426246722,2021.706299641827,5076.506474103586,29.204030990600586,-69.43342590332031,38.78835678100586,-69.43342590332031,38.78835678100586,-41.47624588012695,-23.387550354003906,-25.917198181152344,-21.735389709472656,-19.49477767944336,-11.213027954101562,-6.891352653503418,-4.619416236877441,-7.654786586761475,-1.614650011062622,-4.598615646362305
audioset_ev,emergency,multi_or_ev,/kaggle/input/datasets/jeancdevx/audioset-ev/Positive_files/unbalanced/BuO0n1_KoUM.wav,4.0,0.06560587882995605,0.017443377524614334,0.04545878984063745,959.7948660717686,1269.7219086374803,2026.456673306773,10.380212783813477,-265.3717041015625,139.5469970703125,-265.3717041015625,139.5469970703125,-7.821490287780762,39.86997985839844,-3.528550863265991,12.17346477508545,-1.6114299297332764,11.662260055541992,-8.206006050109863,-3.0456676483154297,-6.591701030731201,1.1168849468231201,-13.014062881469727
audioset_ev,non_emergency,audioset_negative,/kaggle/input/datasets/jeancdevx/audioset-ev/Negative_files/eval/E8SPrMj1cto.wav,4.0,0.07169734686613083,0.07906090468168259,0.18703700821713148,2242.97508901225,1906.9860615878272,4403.8844621513945,10.494457244873047,-313.359130859375,56.67609786987305,-313.359130859375,56.67609786987305,-7.875972747802734,0.752092719078064,-1.9422143697738647,8.843812942504883,-2.3043038845062256,6.994387149810791,-3.1580123901367188,-8.035000801086426,-11.001730918884277,1.4119096994400024,2.6641845703125
audioset_ev,emergency,multi_or_ev,/kaggle/input/datasets/jeancdevx/audioset-ev/Positive_files/unbalanced/efchS6a9Zhw.wav,4.0,0.1352110207080841,0.11213105171918869,0.178718718874502,2095.5465981039065,1858.0919317725436,4211.528884462152,19.25169563293457,-200.37196350097656,62.749629974365234,-200.37196350097656,62.749629974365234,-24.12604331970215,-3.0267815589904785,-16.04521942138672,-15.657424926757812,-16.9267520904541,-2.3092522621154785,-10.051752090454102,-7.898343563079834,-18.399131774902344,-8.494241714477539,-18.57084846496582
audioset_ev,emergency,multi_or_ev,/kaggle/input/datasets/jeancdevx/audioset-ev/Positive_files/unbalanced/GBMKQiOqzho.wav,4.0,0.48082584142684937,0.13222067058086395,0.1648639815737052,1574.5907319825692,1214.0570681820632,2809.9477091633466,87.22892761230469,-105.07376861572266,110.70964813232422,-105.07376861572266,110.70964813232422,-59.17881393432617,33.6130485534668,0.6001647710800171,15.740907669067383,26.876609802246094,-9.630477905273438,-3.930488348007202,6.607485294342041,-12.227518081665039,3.3357138633728027,-5.479643821716309
audioset_ev,non_emergency,audioset_negative,/kaggle/input/datasets/jeancdevx/audioset-ev/Negative_files/eval/aUq3toj7jDo.wav,4.0,0.0016181780956685543,0.002798797097057104,0.03660747634462151,600.5451953437386,969.7254491756462,1048.8670318725099,0.37876439094543457,-708.34375,155.40724182128906,-708.34375,155.40724182128906,27.504322052001953,4.450944423675537,22.723112106323242,8.82403564453125,-0.9820247888565063,10.28281021118164,9.340131759643555,-3.0505452156066895,-2.7378220558166504,3.732786178588867,2.8613996505737305
audioset_ev,emergency,multi_or_ev,/kaggle/input/datasets/jeancdevx/audioset-ev/Positive_files/unbalanced/BrC_rudtmv4.wav,4.0,0.4459226727485657,0.06402052938938141,0.2951125186752988,2939.075352375385,1767.1591615573307,4927.353087649402,69.3445816040039,-30.835586547851562,-11.436357498168945,-30.835586547851562,-11.436357498168945,-39.94145202636719,7.051129341125488,-23.542665481567383,-12.059447288513184,-21.382164001464844,-8.795966148376465,-20.995304107666016,-9.199074745178223,3.06036639213562,4.851741313934326,3.815929651260376
audioset_ev,non_emergency,audioset_negative,/kaggle/input/datasets/jeancdevx/audioset-ev/Negative_files/eval/HigTx0yxhIE.wav,4.0,0.02985416166484356,0.026177339255809784,0.2019577938247012,2166.239675192629,1686.1599907442817,4012.2634462151395,7.075737476348877,-310.0638732910156,70.81746673583984,-310.0638732910156,70.81746673583984,-32.56181716918945,17.080764770507812,-8.653054237365723,13.603364944458008,-3.0683443546295166,7.095670223236084,1.6809532642364502,5.162408351898193,0.07861384004354477,2.862518787384033,-1.8010791540145874
audioset_ev,emergency,multi_or_ev,/kaggle/input/datasets/jeancdevx/audioset-ev/Positive_files/unbalanced/rJIP-7lpiro.wav,4.0,0.14532427489757538,0.048540543764829636,0.11905892056772908,1315.5497397601562,1138.6975030153858,1980.5154382470118,39.345680236816406,-213.7838897705078,115.2035140991211,-213.7838897705078,115.2035140991211,-47.90943145751953,-27.285402297973633,-40.11907196044922,8.346282958984375,14.12817096710205,21.830533981323242,5.306290626525879,1.3818590641021729,6.037235260009766,4.505447864532471,-17.86263084411621
audioset_ev,non_emergency,audioset_negative,/kaggle/input/datasets/jeancdevx/audioset-ev/Negative_files/eval/PlQibWaPAcM.wav,4.0,0.21407952904701233,0.05338145047426224,0.12165789965139442,1374.4104972458156,1150.413464024591,1842.691733067729,22.62868881225586,-314.9935607910156,74.8798599243164,-314.9935607910156,74.8798599243164,-60.12392807006836,-75.71605682373047,-49.083133697509766,10.807514190673828,29.513301849365234,29.47739601135254,2.7517268657684326,-18.609106063842773,-24.030057907104492,6.149316787719727,2.921342134475708
audioset_ev,emergency,multi_or_ev,/kaggle/input/datasets/jeancdevx/audioset-ev/Positive_files/unbalanced/2aF25UVP4Pc.wav,4.0,0.14893083274364471,0.018425624817609787,0.19623459287848605,1897.8445464234355,1240.3425764624708,2729.332669322709,16.40326499938965,-230.8220672607422,62.25065994262695,-230.8220672607422,62.25065994262695,-65.12884521484375,-7.760659694671631,-3.952393054962158,-1.0671712160110474,-4.2644734382629395,4.377347469329834,-18.62531089782715,3.7522473335266113,-10.578459739685059,-5.752938270568848,-15.838289260864258
audioset_ev,non_emergency,audioset_negative,/kaggle/input/datasets/jeancdevx/audioset-ev/Negative_files/balanced_train/eeU3VAba-og.wav,4.0,0.026481665670871735,0.016794564202427864,0.18600986678286852,1980.0286991569394,1506.0212467481754,3503.3615537848605,5.4524054527282715,-417.71844482421875,92.42955780029297,-417.71844482421875,92.42955780029297,-0.9018272757530212,19.70746612548828,-20.716808319091797,-20.524044036865234,-29.852468490600586,-26.967191696166992,-1.8147140741348267,-5.124431610107422,-18.977060317993164,-6.836368560791016,-9.980122566223145
audioset_ev,emergency,multi_or_ev,/kaggle/input/datasets/jeancdevx/audioset-ev/Positive_files/unbalanced/j5fbq_Q2Dpo.wav,4.0,0.4277487099170685,0.04938666895031929,0.15355764442231076,1575.7179141997342,874.7439821248017,2470.1195219123506,51.281959533691406,-172.5882110595703,106.82532501220703,-172.5882110595703,106.82532501220703,-138.9202880859375,0.3758849501609802,-34.840171813964844,-17.094104766845703,14.648604393005371,-15.141664505004883,17.597925186157227,4.29550313949585,-2.929086208343506,14.660883903503418,-11.090346336364746
audioset_ev,non_emergency,audioset_negative,/kaggle/input/datasets/jeancdevx/audioset-ev/Negative_files/eval/3XeMR8lX0dg.wav,4.0,0.21027697622776031,0.0647064596414566,0.1609382781374502,1956.979954937518,1693.8348097502678,3736.180278884462,37.48714065551758,-85.45564270019531,76.39381408691406,-85.45564270019531,76.39381408691406,-28.428237915039062,22.967761993408203,-12.926261901855469,2.120201587677002,7.582061767578125,-8.935389518737793,3.8774375915527344,8.224210739135742,-4.80897855758667,5.086788654327393,-13.077790260314941
audioset_ev,emergency,multi_or_ev,/kaggle/input/datasets/jeancdevx/audioset-ev/Positive_files/unbalanced/SQHZRqr5hYU.wav,4.0,0.16442133486270905,0.02685202844440937,0.12561472858565736,1281.9706078367558,894.515751279149,2332.7938247011953,30.124113082885742,-197.3024139404297,191.0511016845703,-197.3024139404297,191.0511016845703,-116.77157592773438,42.9049072265625,-15.806933403015137,-30.598623275756836,21.03338623046875,-36.99642562866211,-1.7674375772476196,3.2543625831604004,-18.510290145874023,3.1250078678131104,-25.650310516357422
audioset_ev,non_emergency,audioset_negative,/kaggle/input/datasets/jeancdevx/audioset-ev/Negative_files/eval/Y0cDPFkhkHU.wav,4.0,0.03451243415474892,0.04252718389034271,0.16918653510956175,2228.253281868395,1941.8047936662194,4492.467629482072,7.742654323577881,-317.186767578125,62.39076614379883,-317.186767578125,62.39076614379883,0.08985298871994019,15.07999038696289,-12.81031608581543,-2.8157904148101807,-17.66847801208496,1.0001471042633057,-9.240591049194336,-7.940385341644287,-8.582595825195312,-6.335574626922607,-6.117652893066406
audioset_ev,non_emergency,audioset_negative,/kaggle/input/datasets/jeancdevx/audioset-ev/Negative_files/balanced_train/4hjjHLIVZ50.wav,4.0,0.05315876007080078,0.10106318444013596,0.11439398655378485,1943.3426372851982,2018.8966838986094,4318.227091633466,11.151792526245117,-383.7614440917969,53.48041915893555,-383.7614440917969,53.48041915893555,11.781554222106934,16.35177230834961,12.80435848236084,10.434282302856445,10.183281898498535,13.542326927185059,9.667561531066895,9.586655616760254,3.391568660736084,1.7718017101287842,-1.9182943105697632
audioset_ev,non_emergency,audioset_negative,/kaggle/input/datasets/jeancdevx/audioset-ev/Negative_files/eval/7yK4-hsVX1o.wav,4.0,0.2614468038082123,0.08042140305042267,0.055574576693227094,1427.5733240412226,1741.2721102699122,3154.0712151394423,40.17300796508789,-158.96481323242188,95.89191436767578,-158.96481323242188,95.89191436767578,28.63735580444336,34.524139404296875,13.93858528137207,12.785990715026855,5.663421630859375,6.518104076385498,-2.549772262573242,2.4449729919433594,-1.704190969467163,5.720494747161865,-0.6001808643341064
audioset_ev,non_emergency,audioset_negative,/kaggle/input/datasets/jeancdevx/audioset-ev/Negative_files/balanced_train/M-1AH5mdxzw.wav,4.0,0.011064441874623299,0.011131232604384422,0.1092738421314741,1709.4537362679175,1812.1314152486866,3705.739541832669,2.4967398643493652,-380.14801025390625,92.1991195678711,-380.14801025390625,92.1991195678711,-5.206207275390625,18.67774772644043,-0.02057395502924919,15.859180450439453,2.7870218753814697,6.788448333740234,-1.9820588827133179,8.310404777526855,-2.378227710723877,4.035889148712158,-0.3479151129722595
audioset_ev,non_emergency,audioset_negative,/kaggle/input/datasets/jeancdevx/audioset-ev/Negative_files/balanced_train/TLWULkJAdpw.wav,4.0,0.04909950867295265,0.01733524538576603,0.07356122385458168,1049.5167439552015,1236.882210223148,1963.2096613545816,9.778510093688965,-272.60943603515625,141.12545776367188,-272.60943603515625,141.12545776367188,-19.999656677246094,36.15864562988281,17.66142463684082,5.266407012939453,-1.6302063465118408,2.7592520713806152,-6.104903697967529,-5.609231472015381,-6.88913631439209,6.157598495483398,-5.558309078216553
audioset_ev,non_emergency,audioset_negative,/kaggle/input/datasets/jeancdevx/audioset-ev/Negative_files/balanced_train/EMSbNOps4OU.wav,4.0,0.03074241243302822,0.022303402423858643,0.12770791832669323,1657.982445887113,1666.4141654428945,3122.883466135458,5.7554755210876465,-366.26251220703125,103.3448257446289,-366.26251220703125,103.3448257446289,6.591122627258301,23.0133056640625,18.284460067749023,-6.184450626373291,0.9420274496078491,-13.138213157653809,-6.0018630027771,4.572803020477295,-6.9781060218811035,3.859328031539917,-9.381590843200684
audioset_ev,non_emergency,audioset_negative,/kaggle/input/datasets/jeancdevx/audioset-ev/Negative_files/eval/sK6ltq0-zgY.wav,4.0,0.019734473899006844,0.006451678462326527,0.18604877365537847,2772.570255488299,2299.102321591526,5804.096115537848,3.27705979347229,-292.7769775390625,41.356231689453125,-292.7769775390625,41.356231689453125,11.669391632080078,7.665127754211426,-5.237377643585205,-6.731941223144531,-19.493837356567383,-9.443115234375,-1.7992371320724487,6.415061950683594,-0.47733673453330994,9.238357543945312,0.17267757654190063
audioset_ev,non_emergency,audioset_negative,/kaggle/input/datasets/jeancdevx/audioset-ev/Negative_files/balanced_train/7Ep2a7_sbmc.wav,4.0,0.1761361062526703,0.06861087679862976,0.12526067604581673,1566.8454364247114,1281.8354075644647,2782.4950199203186,33.59949493408203,-181.5083770751953,79.3784408569336,-181.5083770751953,79.3784408569336,-73.67807006835938,-8.109787940979004,-40.05988693237305,-13.24682331085205,-29.34528350830078,-15.277488708496094,-5.29384183883667,1.2295928001403809,3.2209441661834717,-4.559463024139404,-7.639875411987305
audioset_ev,non_emergency,audioset_negative,/kaggle/input/datasets/jeancdevx/audioset-ev/Negative_files/balanced_train/5JRvGMTjEzQ.wav,4.0,0.0422733835875988,0.04060663655400276,0.08861429282868526,1667.630347464946,1918.7085822296033,3772.2236055776893,4.942781925201416,-357.5147399902344,78.64048767089844,-357.5147399902344,78.64048767089844,20.875329971313477,23.0433292388916,4.623723030090332,-1.3140037059783936,-5.7920427322387695,2.116259813308716,-12.755049705505371,-10.067963600158691,-12.241483688354492,-4.686761379241943,-8.84819507598877
audioset_ev,non_emergency,audioset_negative,/kaggle/input/datasets/jeancdevx/audioset-ev/Negative_files/eval/2rW2I6KmWhw.wav,4.0,0.07893794029951096,0.042963657528162,0.10163253237051793,1066.7667111412918,928.3157673722244,1720.679780876494,13.886587142944336,-334.6690673828125,152.80398559570312,-334.6690673828125,152.80398559570312,-35.53189468383789,10.906142234802246,-23.70313262939453,-13.749678611755371,-9.180869102478027,-18.941816329956055,-10.249340057373047,-11.60460090637207,-13.691301345825195,-7.093245506286621,-7.981438159942627
audioset_ev,emergency,multi_or_ev,/kaggle/input/datasets/jeancdevx/audioset-ev/Positive_files/unbalanced/j_-zSb3Aj-E.wav,4.0,0.09090335667133331,0.04459789767861366,0.21110090886454183,1805.781557940531,1142.2558048479955,2755.2290836653387,17.219491958618164,-228.3946075439453,92.12113189697266,-228.3946075439453,92.12113189697266,-91.41078186035156,9.001028060913086,-7.145660400390625,-28.116588592529297,0.14246304333209991,-15.205143928527832,-11.121177673339844,17.50140380859375,-2.8221848011016846,10.344524383544922,-5.481349945068359
audioset_ev,emergency,multi_or_ev,/kaggle/input/datasets/jeancdevx/audioset-ev/Positive_files/unbalanced/q_ZBcREEMvY.wav,4.0,0.031769685447216034,0.02482357993721962,0.2660062873505976,2818.2504322813384,1862.8950181443558,4968.75,5.199512481689453,-379.66241455078125,19.566923141479492,-379.66241455078125,19.566923141479492,-17.42481231689453,12.599466323852539,10.935612678527832,8.414922714233398,6.431053161621094,10.807454109191895,-10.415570259094238,22.412261962890625,-11.30001449584961,-3.097479820251465,1.0180046558380127
audioset_ev,emergency,multi_or_ev,/kaggle/input/datasets/jeancdevx/audioset-ev/Positive_files/unbalanced/prScyxOyWhU.wav,4.0,0.12814198434352875,0.018104471266269684,0.12945094621513945,1406.1883666159856,1315.780648783869,2516.558764940239,27.87703514099121,-116.4383544921875,125.59764862060547,-116.4383544921875,125.59764862060547,-48.11054611206055,10.215109825134277,-5.0115065574646,3.187922239303589,2.8654913902282715,3.3111913204193115,-4.183737754821777,-1.9058252573013306,-12.383014678955078,-2.3447957038879395,-5.1977033615112305
audioset_ev,non_emergency,audioset_negative,/kaggle/input/datasets/jeancdevx/audioset-ev/Negative_files/eval/Ia3MOrU1tAA.wav,4.0,0.03475923091173172,0.06418915092945099,0.31109546190239046,2619.240640031812,1568.4477162586143,3954.8057768924305,9.881431579589844,-445.76324462890625,8.491122245788574,-445.76324462890625,8.491122245788574,-10.261109352111816,-12.274809837341309,-5.633786201477051,0.6419867873191833,-1.6582858562469482,3.7959752082824707,-5.577192306518555,4.413177967071533,-2.2643823623657227,-0.5782378315925598,-3.3088605403900146
audioset_ev,non_emergency,audioset_negative,/kaggle/input/datasets/jeancdevx/audioset-ev/Negative_files/eval/qie2k2gZ7wA.wav,4.0,0.1747540533542633,0.049076396971940994,0.15500498007968128,1484.6611004675153,1029.8833925308327,2614.7285856573703,34.362030029296875,-155.40017700195312,146.37554931640625,-155.40017700195312,146.37554931640625,-110.30204010009766,62.915985107421875,-32.761112213134766,-1.1189453601837158,-9.105908393859863,-16.93320083618164,-10.723220825195312,-16.978958129882812,-16.8572998046875,-21.5767879486084,-15.633418083190918
audioset_ev,non_emergency,audioset_negative,/kaggle/input/datasets/jeancdevx/audioset-ev/Negative_files/eval/fAfk9yrGhWw.wav,4.0,0.1800542026758194,0.034897323697805405,0.06524293451195219,925.5127761314993,1009.3654890409406,2172.746513944223,16.88022804260254,-240.11805725097656,157.97149658203125,-240.11805725097656,157.97149658203125,-48.092628479003906,74.464111328125,-17.2333984375,-17.668872833251953,-7.103959083557129,-17.795473098754883,-21.018497467041016,-15.518197059631348,-22.28119468688965,-9.108415603637695,-13.57584285736084
audioset_ev,non_emergency,audioset_negative,/kaggle/input/datasets/jeancdevx/audioset-ev/Negative_files/balanced_train/FFJfoBaWilQ.wav,4.0,0.18418657779693604,0.05128083378076553,0.1867140811752988,2604.42949329896,2378.726138235517,5776.332171314741,36.462303161621094,-94.18516540527344,50.242469787597656,-94.18516540527344,50.242469787597656,24.912900924682617,17.908727645874023,14.694395065307617,1.4532721042633057,3.9749948978424072,10.851500511169434,4.603808403015137,0.6263334155082703,-6.039560317993164,-4.768612861633301,-7.727415561676025
audioset_ev,non_emergency,audioset_negative,/kaggle/input/datasets/jeancdevx/audioset-ev/Negative_files/eval/6dFyXSkUu14.wav,4.0,0.11162719130516052,0.1976669430732727,0.1671050174302789,1560.9800163478099,968.1660882679985,2584.5368525896415,24.871374130249023,-270.0093994140625,107.42076873779297,-270.0093994140625,107.42076873779297,-82.47311401367188,14.630314826965332,-0.37077227234840393,-25.990163803100586,5.110535621643066,-1.2007369995117188,3.2965946197509766,-5.981258392333984,-25.407331466674805,-3.3876476287841797,-3.7066638469696045
audioset_ev,non_emergency,audioset_negative,/kaggle/input/datasets/jeancdevx/audioset-ev/Negative_files/balanced_train/dlYrOBvt9IQ.wav,4.0,0.0756310373544693,0.020031703636050224,0.08670007470119521,1486.096618436743,1685.1815070791404,3120.766932270916,12.181497573852539,-206.3011016845703,96.25891876220703,-206.3011016845703,96.25891876220703,-5.715022563934326,33.843143463134766,8.610549926757812,0.9610620737075806,-4.891586780548096,9.693929672241211,6.577456474304199,0.5428798794746399,1.7451738119125366,8.45528793334961,16.11025619506836
audioset_ev,non_emergency,audioset_negative,/kaggle/input/datasets/jeancdevx/audioset-ev/Negative_files/eval/d-KxsdWX9xE.wav,4.0,0.18640705943107605,0.02159123867750168,0.08312842380478087,1739.5203844831972,1976.5461785828434,4110.246513944223,23.728260040283203,-120.13081359863281,77.84520721435547,-120.13081359863281,77.84520721435547,16.06372833251953,36.64291763305664,6.595573902130127,17.1944522857666,1.517519474029541,10.88110637664795,2.0472207069396973,12.129471778869629,-1.389134168624878,3.907745599746704,-3.73020339012146
audioset_ev,emergency,multi_or_ev,/kaggle/input/datasets/jeancdevx/audioset-ev/Positive_files/unbalanced/9TGFOxt7DN0.wav,4.0,0.20757031440734863,0.07173904776573181,0.06674084910358566,1001.4240610468051,1116.3958176378817,1697.273406374502,16.86045265197754,-248.29722595214844,132.09552001953125,-248.29722595214844,132.09552001953125,-13.227761268615723,18.838489532470703,-39.829795837402344,10.160675048828125,-9.005242347717285,14.004286766052246,-12.22085952758789,5.486974716186523,-8.79110336303711,4.792250633239746,13.294431686401367
audioset_ev,non_emergency,audioset_negative,/kaggle/input/datasets/jeancdevx/audioset-ev/Negative_files/eval/J2BDMndrvhA.wav,4.0,0.2492177039384842,0.027991173788905144,0.050007003237051796,1604.4245315085589,2069.5699356939804,3977.216135458167,26.704795837402344,-176.45396423339844,93.32185363769531,-176.45396423339844,93.32185363769531,50.46429443359375,19.562715530395508,13.760483741760254,10.470020294189453,13.410959243774414,-1.687627911567688,0.19107970595359802,3.432819128036499,0.0017123583238571882,8.355587005615234,-0.28310081362724304
audioset_ev,non_emergency,audioset_negative,/kaggle/input/datasets/jeancdevx/audioset-ev/Negative_files/balanced_train/l5rYXr0uxFw.wav,4.0,0.18480423092842102,0.045938894152641296,0.055403386454183266,1069.954310655291,1362.3768545660985,1889.1932270916334,36.244571685791016,-161.93289184570312,129.54685974121094,-161.93289184570312,129.54685974121094,-15.516860961914062,6.962869167327881,14.100883483886719,8.835564613342285,-18.961050033569336,-10.051519393920898,-12.915864944458008,-13.248669624328613,-15.08199405670166,-17.18941879272461,-22.869220733642578
audioset_ev,non_emergency,audioset_negative,/kaggle/input/datasets/jeancdevx/audioset-ev/Negative_files/eval/YyAA2sORsHI.wav,4.0,0.16956625878810883,0.07388931512832642,0.11192340014940239,1373.097964100095,1311.5955311209557,2434.636454183267,40.26136016845703,-190.46063232421875,113.18091583251953,-190.46063232421875,113.18091583251953,-43.026458740234375,-1.1302169561386108,-21.105701446533203,-15.112499237060547,-2.357264280319214,-16.427940368652344,-9.515599250793457,8.606210708618164,-4.736010551452637,0.008290020748972893,-5.502870082855225
audioset_ev,emergency,multi_or_ev,/kaggle/input/datasets/jeancdevx/audioset-ev/Positive_files/unbalanced/PjX-wCpii7k.wav,4.0,0.22360201179981232,0.05134671553969383,0.12642399153386455,1705.075034173286,1450.8811429244438,2877.5522908366534,21.215333938598633,-201.31040954589844,62.83197784423828,-201.31040954589844,62.83197784423828,-59.041961669921875,-18.75477409362793,-17.79371452331543,-13.960470199584961,-35.654510498046875,-7.512711048126221,-19.947172164916992,16.15497589111328,1.076671838760376,15.213359832763672,-10.83868408203125
audioset_ev,emergency,multi_or_ev,/kaggle/input/datasets/jeancdevx/audioset-ev/Positive_files/unbalanced/gOVe_6TLE7s.wav,4.0,0.014189568348228931,0.016272693872451782,0.14768270667330677,1875.2285578856363,1654.4613753663746,3642.8037848605577,2.478553056716919,-515.0122680664062,60.657386779785156,-515.0122680664062,60.657386779785156,-20.240942001342773,-7.149543285369873,-23.785999298095703,-13.529728889465332,-16.085603713989258,1.6094447374343872,-0.8202147483825684,-1.2081248760223389,-6.491477966308594,-3.611365556716919,-22.611658096313477
audioset_ev,non_emergency,audioset_negative,/kaggle/input/datasets/jeancdevx/audioset-ev/Negative_files/balanced_train/_O1O4JIH7_o.wav,4.0,0.22091835737228394,0.07407400012016296,0.08532666210159362,1040.911106799099,1131.760544324462,1829.183266932271,25.497243881225586,-194.05178833007812,142.27944946289062,-194.05178833007812,142.27944946289062,-15.933755874633789,19.04532814025879,-16.257810592651367,7.837735176086426,-8.643444061279297,-15.48684310913086,-12.232657432556152,-20.668922424316406,-10.84838581085205,-13.874287605285645,-14.647955894470215
audioset_ev,non_emergency,audioset_negative,/kaggle/input/datasets/jeancdevx/audioset-ev/Negative_files/eval/31c2kosdtuo.wav,4.0,0.17793910205364227,0.08145326375961304,0.3051738359063745,3150.0670968025975,2071.263397197447,5871.762948207172,28.479867935180664,-185.73004150390625,7.861623764038086,-185.73004150390625,7.861623764038086,-8.071166038513184,0.9841781258583069,-21.646503448486328,10.289146423339844,17.296586990356445,15.877228736877441,15.234378814697266,-15.551128387451172,-10.854509353637695,5.458922863006592,6.149037837982178
audioset_ev,non_emergency,audioset_negative,/kaggle/input/datasets/jeancdevx/audioset-ev/Negative_files/balanced_train/x3AEOXNYzQk.wav,4.0,0.19275689125061035,0.13521774113178253,0.09326755478087649,1331.5150817444267,1369.1570637846107,2549.738545816733,41.60026168823242,-194.4185791015625,121.4918212890625,-194.4185791015625,121.4918212890625,-14.071223258972168,21.008220672607422,-5.012101173400879,19.83681297302246,-5.776058673858643,-5.637548446655273,-1.361402988433838,-6.037491798400879,5.7981367111206055,-1.9642460346221924,0.5326012969017029
audioset_ev,non_emergency,audioset_negative,/kaggle/input/datasets/jeancdevx/audioset-ev/Negative_files/balanced_train/UedlY9Ijhsc.wav,4.0,0.09719522297382355,0.06885719299316406,0.3483410109561753,3205.934469295648,1566.6799305001357,4725.161852589641,23.064136505126953,-219.95347595214844,-23.015193939208984,-219.95347595214844,-23.015193939208984,-35.31513214111328,20.10465431213379,-32.71638870239258,2.9439711570739746,-1.2921724319458008,-1.5783329010009766,-10.007043838500977,-0.030040664598345757,-5.259396076202393,-7.232059001922607,-2.1113696098327637
audioset_ev,emergency,multi_or_ev,/kaggle/input/datasets/jeancdevx/audioset-ev/Positive_files/unbalanced/owyDJYjuDE0.wav,4.0,0.264821857213974,0.02291182056069374,0.13783926792828685,1493.4467930130145,1401.9608238667129,2249.4397410358565,48.590248107910156,-111.6483154296875,117.29859161376953,-111.6483154296875,117.29859161376953,-32.341060638427734,-19.959617614746094,0.7636935114860535,-11.027475357055664,-1.6132265329360962,23.759801864624023,3.096461534500122,-11.85999584197998,-25.072498321533203,-2.6856038570404053,-0.5995656251907349
audioset_ev,non_emergency,audioset_negative,/kaggle/input/datasets/jeancdevx/audioset-ev/Negative_files/eval/p8uKmESN6sc.wav,4.0,0.05141244828701019,0.01996522583067417,0.1123046875,2043.4101908752157,2102.9943179577813,4572.646912350598,10.121330261230469,-279.0278015136719,55.41817092895508,-279.0278015136719,55.41817092895508,8.966750144958496,23.190839767456055,18.666948318481445,0.5702624320983887,2.3646562099456787,1.2478801012039185,-10.33726978302002,5.541196823120117,-2.471158742904663,7.9075927734375,-3.474165916442871
audioset_ev,non_emergency,audioset_negative,/kaggle/input/datasets/jeancdevx/audioset-ev/Negative_files/balanced_train/W57xTvMqzRo.wav,4.0,0.14265340566635132,0.06259386241436005,0.10338723232071713,1184.9765587857237,849.1132533276559,2121.264940239044,16.73016357421875,-337.7884521484375,125.3801498413086,-337.7884521484375,125.3801498413086,-61.00727081298828,29.618051528930664,-31.521318435668945,-25.75783920288086,13.217985153198242,-24.230024337768555,4.343045234680176,8.530810356140137,9.161177635192871,19.31439781188965,-6.432577610015869
audioset_ev,non_emergency,audioset_negative,/kaggle/input/datasets/jeancdevx/audioset-ev/Negative_files/eval/H4rdJlSSt5Y.wav,4.0,0.1003466472029686,0.060503751039505005,0.10749968874501992,1841.9316482503918,1980.481483952241,4047.6220119521913,14.183622360229492,-249.07066345214844,66.98486328125,-249.07066345214844,66.98486328125,-16.947175979614258,-28.854455947875977,-21.290929794311523,-41.41940689086914,-20.21347999572754,-22.61036491394043,-13.16195297241211,-18.738466262817383,-22.63732147216797,-12.273616790771484,-21.97714614868164
audioset_ev,emergency,multi_or_ev,/kaggle/input/datasets/jeancdevx/audioset-ev/Positive_files/balanced_train/sySBWsgVk5Y.wav,4.0,0.17398065328598022,0.04990782588720322,0.11271320966135458,1322.2026233114057,1322.8696742575491,2446.7753984063743,37.96730041503906,-103.91252899169922,133.2788848876953,-103.91252899169922,133.2788848876953,-35.38744354248047,8.802912712097168,-9.41117000579834,13.022562026977539,-1.1967852115631104,-4.7092604637146,-10.287823677062988,5.090875625610352,-5.134998321533203,5.284711837768555,-5.3392534255981445
audioset_ev,non_emergency,audioset_negative,/kaggle/input/datasets/jeancdevx/audioset-ev/Negative_files/balanced_train/VPXU21fNEMM.wav,4.0,0.07020431756973267,0.02013830840587616,0.2557932333167331,2839.085330797405,1918.355181819409,5119.086155378486,14.404162406921387,-161.1605987548828,14.755903244018555,-161.1605987548828,14.755903244018555,-44.64219284057617,-11.237991333007812,-20.419193267822266,2.3584024906158447,-21.568742752075195,9.387674331665039,-3.32403826713562,12.864910125732422,-5.798267841339111,-9.211099624633789,-8.379880905151367
audioset_ev,non_emergency,audioset_negative,/kaggle/input/datasets/jeancdevx/audioset-ev/Negative_files/eval/7Cg5tp9oQ6Y.wav,4.0,0.06809262186288834,0.07620182633399963,0.14095959910358566,1941.2919062358208,1942.3453209787103,3981.2001992031874,15.235098838806152,-269.72320556640625,81.80735778808594,-269.72320556640625,81.80735778808594,10.821531295776367,19.159812927246094,12.202629089355469,5.231578350067139,-12.600634574890137,4.520359039306641,-10.34460163116455,-5.439085483551025,-2.2395856380462646,-7.601212978363037,-0.4110526740550995
audioset_ev,non_emergency,audioset_negative,/kaggle/input/datasets/jeancdevx/audioset-ev/Negative_files/eval/aWzHvxPoWdo.wav,4.0,0.02848975919187069,0.00864641647785902,0.1509742280876494,1819.7325852904537,1628.1151023027833,3479.0836653386455,6.228523254394531,-265.29376220703125,84.83541870117188,-265.29376220703125,84.83541870117188,-36.986328125,-2.0654354095458984,-20.14558219909668,-10.252655029296875,-19.43351936340332,-10.032034873962402,-8.101261138916016,-2.3410444259643555,-11.253742218017578,-4.192487716674805,-12.371885299682617
audioset_ev,emergency,multi_or_ev,/kaggle/input/datasets/jeancdevx/audioset-ev/Positive_files/unbalanced/VNOCH0pJs2M.wav,4.0,0.16346457600593567,0.1472095400094986,0.06297466384462151,901.8300461750625,1201.16542506275,1650.2739043824702,25.749340057373047,-266.547607421875,119.93919372558594,-266.547607421875,119.93919372558594,13.37192153930664,30.487308502197266,8.59601879119873,23.595563888549805,19.13895606994629,15.623027801513672,0.07218197733163834,5.329283714294434,0.25392094254493713,4.3781890869140625,-0.00394746707752347
audioset_ev,non_emergency,audioset_negative,/kaggle/input/datasets/jeancdevx/audioset-ev/Negative_files/eval/POaBsehllg4.wav,4.0,0.06392467767000198,0.05695183575153351,0.1737075136952191,2046.2135137097926,1799.1656970265,4018.239541832669,16.552623748779297,-208.82679748535156,75.86018371582031,-208.82679748535156,75.86018371582031,-22.204599380493164,4.984055042266846,-9.198068618774414,0.22604042291641235,-9.712258338928223,-6.72474479675293,-3.6456291675567627,-0.4131581485271454,-7.436604022979736,-2.819305896759033,-9.954923629760742
audioset_ev,non_emergency,audioset_negative,/kaggle/input/datasets/jeancdevx/audioset-ev/Negative_files/eval/O28kY0aN8VI.wav,4.0,0.07748901098966599,0.050276726484298706,0.2134781187749004,2624.4223633648735,2124.0243571501123,5252.988047808765,20.459028244018555,-184.61636352539062,45.33730697631836,-184.61636352539062,45.33730697631836,-1.7598131895065308,3.570894718170166,-6.76616096496582,5.421517848968506,0.6553916931152344,3.4269328117370605,-8.28787612915039,1.193542242050171,2.106926202774048,1.8271844387054443,-5.275511264801025
audioset_ev,emergency,multi_or_ev,/kaggle/input/datasets/jeancdevx/audioset-ev/Positive_files/unbalanced/WQ4dQM_Nnhg.wav,4.0,0.15437662601470947,0.1295793354511261,0.18179236180278885,1993.3451671233165,1457.2595634293439,3393.550796812749,31.986011505126953,-183.59852600097656,56.98041534423828,-183.59852600097656,56.98041534423828,-69.63245391845703,-9.240199089050293,-22.44878387451172,-7.980605125427246,-25.237768173217773,-22.504241943359375,-20.623573303222656,1.5853849649429321,-8.096266746520996,-10.323967933654785,-8.984416961669922
audioset_ev,non_emergency,audioset_negative,/kaggle/input/datasets/jeancdevx/audioset-ev/Negative_files/eval/Vf0t_i_6Oy4.wav,4.0,0.1481277495622635,0.08768518269062042,0.0891667704183267,1221.408681317815,1248.2179753139108,2183.702689243028,24.85222625732422,-193.40252685546875,122.76659393310547,-193.40252685546875,122.76659393310547,-42.840553283691406,7.630086421966553,-7.912330150604248,-12.366134643554688,-25.413188934326172,-10.511140823364258,-20.129337310791016,-5.5529046058654785,-14.308256149291992,-5.842818260192871,-18.326202392578125
audioset_ev,non_emergency,audioset_negative,/kaggle/input/datasets/jeancdevx/audioset-ev/Negative_files/eval/S4VE32ziupw.wav,4.0,0.004890110343694687,0.007152958773076534,0.11710190488047809,1836.3555349151245,1957.2335772795832,4201.070717131474,1.1736420392990112,-498.62017822265625,90.9107666015625,-498.62017822265625,90.9107666015625,14.506484031677246,16.240882873535156,-2.0113320350646973,3.4805145263671875,-6.008434295654297,0.2107611447572708,-7.31716251373291,0.044288020581007004,-2.5333807468414307,0.950412929058075,-6.423403263092041
audioset_ev,non_emergency,audioset_negative,/kaggle/input/datasets/jeancdevx/audioset-ev/Negative_files/eval/9piLf5SXqEk.wav,4.0,0.15947771072387695,0.11350297182798386,0.09991284860557768,1491.4577467204801,1594.0204982684854,3076.4442231075695,35.2236328125,-192.54690551757812,78.68070220947266,-192.54690551757812,78.68070220947266,-0.1335272341966629,18.207664489746094,-3.7964119911193848,4.8711724281311035,0.5135259628295898,11.820110321044922,-1.0024604797363281,5.481611728668213,8.700010299682617,-1.4651477336883545,-1.5782421827316284
audioset_ev,non_emergency,audioset_negative,/kaggle/input/datasets/jeancdevx/audioset-ev/Negative_files/eval/X6QH6Op6_YA.wav,4.0,0.044792596250772476,0.06163211539387703,0.17133419447211157,2083.486667689291,1899.827448810126,4201.195219123506,10.305006980895996,-322.41241455078125,72.57112121582031,-322.41241455078125,72.57112121582031,-1.358171820640564,15.296841621398926,2.071229934692383,-3.462094783782959,-2.468247890472412,3.16416072845459,-2.3160336017608643,2.703432559967041,-7.599634647369385,0.1940375119447708,-6.958865165710449
audioset_ev,non_emergency,audioset_negative,/kaggle/input/datasets/jeancdevx/audioset-ev/Negative_files/balanced_train/kbMrZ7BE9hg.wav,4.0,0.027869051322340965,0.04216264933347702,0.1842668388944223,1863.7944058254334,1552.8776396147584,3691.297310756972,5.801524639129639,-351.6944580078125,78.25762939453125,-351.6944580078125,78.25762939453125,-36.2779426574707,35.69865798950195,-19.726537704467773,19.57819938659668,-16.784364700317383,11.309188842773438,-9.470797538757324,3.775336980819702,0.41461315751075745,-0.5215297341346741,6.255671501159668
audioset_ev,emergency,multi_or_ev,/kaggle/input/datasets/jeancdevx/audioset-ev/Positive_files/unbalanced/ZO0najcMtpI.wav,4.0,0.35366275906562805,0.1784295290708542,0.11639379980079681,1531.1664482895621,1522.6355674016781,2801.3570717131474,22.425800323486328,-181.34909057617188,86.04326629638672,-181.34909057617188,86.04326629638672,-0.6076171398162842,19.78704833984375,-8.95141315460205,-16.06246566772461,-4.065985679626465,10.620024681091309,5.114754676818848,2.804586172103882,-11.230646133422852,-15.695882797241211,-7.335809707641602
audioset_ev,non_emergency,audioset_negative,/kaggle/input/datasets/jeancdevx/audioset-ev/Negative_files/eval/gD6UoStqCsg.wav,4.0,0.16457678377628326,0.07562002539634705,0.09553971613545817,1876.6624094232714,1920.6985500896121,4128.050298804781,27.858867645263672,-151.6415557861328,71.6662368774414,-151.6415557861328,71.6662368774414,12.564776420593262,23.00263023376465,-21.478748321533203,-5.338144302368164,-18.16486358642578,-9.829947471618652,-10.730145454406738,-5.272886753082275,-19.320783615112305,-1.427150011062622,-4.427154064178467
audioset_ev,non_emergency,audioset_negative,/kaggle/input/datasets/jeancdevx/audioset-ev/Negative_files/balanced_train/jfxTOlXF3Kk.wav,4.0,0.23766371607780457,0.057422418147325516,0.028530409611553786,500.2348547302723,740.2171516952232,898.5308764940239,43.466094970703125,-227.62159729003906,207.29417419433594,-227.62159729003906,207.29417419433594,-6.855111598968506,45.558414459228516,-3.2782516479492188,10.67557430267334,13.123708724975586,-7.288878440856934,14.844667434692383,-3.0989232063293457,1.1114161014556885,4.096315860748291,-0.3193188011646271
audioset_ev,emergency,multi_or_ev,/kaggle/input/datasets/jeancdevx/audioset-ev/Positive_files/unbalanced/nS0Xv75V7qM.wav,4.0,0.023314299061894417,0.012736347503960133,0.13239230577689243,1604.6487754207417,1533.7272257837824,3047.2485059760957,4.8324761390686035,-384.4205627441406,99.18641662597656,-384.4205627441406,99.18641662597656,-1.981858253479004,25.70729637145996,-12.891794204711914,8.198660850524902,-21.194334030151367,-7.546485900878906,-9.88059139251709,-0.2824527621269226,-9.44881820678711,-1.88349187374115,-11.357429504394531
audioset_ev,emergency,multi_or_ev,/kaggle/input/datasets/jeancdevx/audioset-ev/Positive_files/unbalanced/pgQRrcD2j2I.wav,4.0,0.3448253273963928,0.15549863874912262,0.1379871140438247,1374.5218845787235,1326.512304187945,2489.915338645418,58.70682144165039,-134.29588317871094,114.43229675292969,-134.29588317871094,114.43229675292969,-15.388331413269043,20.454681396484375,-10.994982719421387,21.48476219177246,3.671954870223999,3.5597727298736572,-1.2692159414291382,-6.403532981872559,-3.2691943645477295,-7.859513759613037,-2.514907121658325
audioset_ev,emergency,multi_or_ev,/kaggle/input/datasets/jeancdevx/audioset-ev/Positive_files/unbalanced/2Zh3ArPf6V0.wav,4.0,0.1847289651632309,0.04662134870886803,0.16136625373505975,1454.8773568819126,839.1588140620903,1720.555278884462,29.808883666992188,-308.8247985839844,117.77149200439453,-308.8247985839844,117.77149200439453,-76.50643157958984,-33.67533874511719,-3.6811110973358154,20.85626792907715,-25.654300689697266,-20.05539894104004,-17.458850860595703,2.4889450073242188,-2.668734073638916,-22.498210906982422,2.0318424701690674
audioset_ev,non_emergency,audioset_negative,/kaggle/input/datasets/jeancdevx/audioset-ev/Negative_files/balanced_train/-RIzfomIqZc.wav,4.0,0.02532016858458519,0.020719969645142555,0.1565418015438247,1993.674599265521,1825.4907070999436,3907.4327689243028,6.115769386291504,-359.62774658203125,83.28004455566406,-359.62774658203125,83.28004455566406,17.947818756103516,22.3099308013916,4.6957173347473145,-6.478342056274414,-9.284405708312988,-13.817248344421387,-11.068107604980469,-5.230621814727783,-8.390046119689941,-2.8531267642974854,-4.260296821594238
audioset_ev,non_emergency,audioset_negative,/kaggle/input/datasets/jeancdevx/audioset-ev/Negative_files/eval/G1LY8Vt6GAU.wav,4.0,0.0064637851901352406,0.014890938997268677,0.21274277888446216,2042.4795820493025,1621.343839783922,4062.0019920318723,1.2765017747879028,-466.1803894042969,83.12052154541016,-466.1803894042969,83.12052154541016,-21.128162384033203,41.506858825683594,-23.508007049560547,25.814741134643555,-19.822553634643555,14.020145416259766,-1.179369568824768,-6.187986850738525,-1.3353030681610107,-6.806730270385742,7.924114227294922
audioset_ev,non_emergency,audioset_negative,/kaggle/input/datasets/jeancdevx/audioset-ev/Negative_files/eval/LhRNnXaSsCk.wav,4.0,0.1419653594493866,0.013735439628362656,0.14645714018924302,2013.0160326947712,1944.5930449873697,4379.6065737051795,29.70521354675293,-74.6562271118164,78.5403823852539,-74.6562271118164,78.5403823852539,-13.764628410339355,6.259476661682129,3.5045268535614014,13.16970157623291,-4.44112491607666,0.7097707986831665,-8.761374473571777,-7.023390769958496,-8.771617889404297,-1.3279664516448975,0.08470986783504486
audioset_ev,emergency,multi_or_ev,/kaggle/input/datasets/jeancdevx/audioset-ev/Positive_files/unbalanced/tuCH0qByMDY.wav,4.0,0.1840391457080841,0.022731849923729897,0.1655331797808765,1454.725209270194,978.7667800173898,2640.811752988048,39.5513916015625,-140.5141143798828,203.00831604003906,-140.5141143798828,203.00831604003906,-142.41860961914062,68.4970932006836,-31.30036163330078,4.9564738273620605,33.448978424072266,-25.229530334472656,26.130840301513672,-7.484123229980469,-4.8711113929748535,-5.632323741912842,-16.64596176147461
audioset_ev,emergency,multi_or_ev,/kaggle/input/datasets/jeancdevx/audioset-ev/Positive_files/unbalanced/gtx3zFfXh-s.wav,4.0,0.1630222648382187,0.05710788816213608,0.15005991658366533,1991.784201602111,1640.189501976821,3721.738047808765,26.89527702331543,-141.02223205566406,52.69573211669922,-141.02223205566406,52.69573211669922,-58.75579833984375,-24.17872428894043,-37.18843078613281,-19.62548065185547,-19.44683265686035,2.3222920894622803,4.047211647033691,2.456603765487671,-9.630030632019043,-11.769449234008789,-12.975503921508789
audioset_ev,non_emergency,audioset_negative,/kaggle/input/datasets/jeancdevx/audioset-ev/Negative_files/balanced_train/MFxMPOAbUPA.wav,4.0,0.22383688390254974,0.050437990576028824,0.1508964143426295,1834.1922991649947,1815.1816548617921,3686.0059760956174,41.7456169128418,-71.55687713623047,86.04439544677734,-71.55687713623047,86.04439544677734,-7.740722179412842,18.731216430664062,0.6439252495765686,-0.43620195984840393,1.8626725673675537,5.188185214996338,2.1603400707244873,0.36806023120880127,-4.4304585456848145,5.8985795974731445,-7.502049446105957
audioset_ev,emergency,multi_or_ev,/kaggle/input/datasets/jeancdevx/audioset-ev/Positive_files/unbalanced/uHRyorz1O_A.wav,4.0,0.04741426184773445,0.01772197335958481,0.15493105702191234,1652.6501264585213,1431.4305447184006,2899.3401394422312,14.025874137878418,-274.3779602050781,97.56382751464844,-274.3779602050781,97.56382751464844,-41.986392974853516,6.731517314910889,-3.2464792728424072,22.509258270263672,26.445266723632812,7.336289405822754,-14.137251853942871,-12.978474617004395,3.0081381797790527,-0.17309050261974335,1.367893934249878
audioset_ev,non_emergency,audioset_negative,/kaggle/input/datasets/jeancdevx/audioset-ev/Negative_files/balanced_train/MsIHSmpTFQg.wav,4.0,0.05321285128593445,0.024204127490520477,0.06737114043824702,1003.6805512057836,1088.4347405431251,1905.0049800796812,9.149035453796387,-362.9385681152344,146.4368438720703,-362.9385681152344,146.4368438720703,-27.349306106567383,33.67177200317383,-14.439478874206543,-18.259380340576172,-1.3691716194152832,-23.023283004760742,-11.678592681884766,-27.160242080688477,-28.916349411010742,-15.333684921264648,-21.523616790771484
audioset_ev,non_emergency,audioset_negative,/kaggle/input/datasets/jeancdevx/audioset-ev/Negative_files/eval/_sQ3jyZ2MnI.wav,4.0,0.10182200372219086,0.0318598635494709,0.2552757719123506,2401.864292566744,1608.7490362108633,4198.144920318725,23.777570724487305,-117.52056884765625,46.60961151123047,-117.52056884765625,46.60961151123047,-57.564247131347656,4.95221471786499,-35.234554290771484,16.324481964111328,-18.33369255065918,1.0593816041946411,-2.5246825218200684,-2.36692476272583,-11.07104778289795,-1.9220614433288574,-1.7283377647399902
audioset_ev,non_emergency,audioset_negative,/kaggle/input/datasets/jeancdevx/audioset-ev/Negative_files/eval/0zP9jebYSrk.wav,4.0,0.03324051946401596,0.05068756267428398,0.09290183017928287,1138.3964478531332,892.2999384264018,1784.4870517928287,7.227738380432129,-486.9515686035156,68.94537353515625,-486.9515686035156,68.94537353515625,-26.906917572021484,-13.472061157226562,-12.661029815673828,-8.794240951538086,-10.98348617553711,-7.790473937988281,-4.13001012802124,2.201057195663452,1.21001136302948,1.2193711996078491,-0.20480261743068695
audioset_ev,non_emergency,audioset_negative,/kaggle/input/datasets/jeancdevx/audioset-ev/Negative_files/balanced_train/3EOMe7CsL30.wav,4.0,0.03084605187177658,0.03489435464143753,0.12323362798804781,1497.270785169105,1376.5655154890178,2709.4123505976095,7.383078098297119,-359.8265380859375,109.19039154052734,-359.8265380859375,109.19039154052734,-43.76441955566406,13.976926803588867,-10.105764389038086,-11.088776588439941,-1.9061625003814697,-11.009251594543457,-7.2587690353393555,-1.519365906715393,-5.878394603729248,-1.9822694063186646,-8.323067665100098
audioset_ev,non_emergency,audioset_negative,/kaggle/input/datasets/jeancdevx/audioset-ev/Negative_files/eval/u70YSoJZXlk.wav,4.0,0.031070223078131676,0.024043740704655647,0.17033428784860558,2398.8925621612284,2145.2351853006835,5093.625498007968,7.143683433532715,-280.03228759765625,58.35161590576172,-280.03228759765625,58.35161590576172,10.12289810180664,15.020491600036621,5.328677177429199,-1.4628971815109253,-13.804697036743164,-8.90782356262207,-11.428972244262695,-7.87945032119751,-12.927277565002441,-6.372175216674805,-9.633801460266113
audioset_ev,non_emergency,audioset_negative,/kaggle/input/datasets/jeancdevx/audioset-ev/Negative_files/balanced_train/k5BH4oAEENU.wav,4.0,0.00699410866945982,0.013733546249568462,0.14353523406374502,1908.4713992128068,1735.2731484160522,3687.2509960159364,1.7888267040252686,-479.1179504394531,62.854122161865234,-479.1179504394531,62.854122161865234,-44.70835494995117,-33.34846878051758,-47.91995620727539,-39.8880615234375,-31.737102508544922,-27.528026580810547,-25.13592529296875,-14.9437894821167,-15.981271743774414,-2.0912938117980957,-5.323830604553223
audioset_ev,non_emergency,audioset_negative,/kaggle/input/datasets/jeancdevx/audioset-ev/Negative_files/eval/VfZlFiIozbw.wav,4.0,0.17170172929763794,0.11097878217697144,0.1543863608067729,2302.3064929846187,2236.00046677425,5114.977589641434,36.146820068359375,-152.05538940429688,54.084747314453125,-152.05538940429688,54.084747314453125,27.045167922973633,17.13864517211914,13.859762191772461,12.568155288696289,2.7234485149383545,5.09937858581543,-7.73088264465332,-6.368504524230957,-10.820967674255371,-7.571238040924072,0.8203558921813965
audioset_ev,non_emergency,audioset_negative,/kaggle/input/datasets/jeancdevx/audioset-ev/Negative_files/eval/rgcDePlYpCM.wav,4.0,0.10180597007274628,0.04130525887012482,0.18067573456175298,2176.7979279170418,1750.5238361549161,4270.667330677291,21.088523864746094,-190.14222717285156,51.456844329833984,-190.14222717285156,51.456844329833984,-32.43579864501953,6.835109710693359,-32.52717208862305,-7.5659685134887695,-26.705785751342773,-1.1724138259887695,-19.66318702697754,-18.13082504272461,-14.439549446105957,-17.890789031982422,-13.400506973266602
audioset_ev,non_emergency,audioset_negative,/kaggle/input/datasets/jeancdevx/audioset-ev/Negative_files/balanced_train/XvMzLnl9wk8.wav,4.0,0.19717276096343994,0.0729065090417862,0.11335517305776892,1805.3824274440985,1881.4078496785128,3937.8735059760957,35.7645378112793,-122.65106964111328,67.93608856201172,-122.65106964111328,67.93608856201172,-1.7420270442962646,46.36434555053711,17.213878631591797,10.948765754699707,1.2702022790908813,11.654351234436035,-2.1267356872558594,8.572907447814941,-5.020040035247803,-2.9271464347839355,-6.243746757507324
audioset_ev,emergency,multi_or_ev,/kaggle/input/datasets/jeancdevx/audioset-ev/Positive_files/unbalanced/gTx4agAsdXQ.wav,4.0,0.03438640013337135,0.03986026719212532,0.18795910109561753,2190.442319238359,1634.1346893961502,4189.927788844621,8.063040733337402,-500.6612854003906,53.67688751220703,-500.6612854003906,53.67688751220703,-58.73512268066406,31.317340850830078,-5.404173374176025,4.114529609680176,28.82171630859375,9.0224027633667,3.2483623027801514,0.9666418433189392,2.606229782104492,3.530198812484741,-12.571310043334961
audioset_ev,non_emergency,audioset_negative,/kaggle/input/datasets/jeancdevx/audioset-ev/Negative_files/eval/exjHJXAB8nA.wav,4.0,0.003972715698182583,0.004120655357837677,0.140625,2255.8871491931313,1974.9174895705191,4633.279382470119,0.8775514364242554,-589.7587280273438,51.718936920166016,-589.7587280273438,51.718936920166016,8.499089241027832,36.67872619628906,-1.767698049545288,12.863548278808594,-11.357319831848145,2.3920631408691406,-7.4769673347473145,-5.753908157348633,-3.563145875930786,8.008095741271973,4.595445156097412
audioset_ev,non_emergency,audioset_negative,/kaggle/input/datasets/jeancdevx/audioset-ev/Negative_files/balanced_train/Te2jqQS76dQ.wav,4.0,0.2767406105995178,0.07214029133319855,0.15991113670318724,2318.28402234771,2188.1829137450773,4973.9168326693225,53.54077911376953,-86.69368743896484,55.426368713378906,-86.69368743896484,55.426368713378906,30.92855453491211,26.660945892333984,11.875356674194336,26.026180267333984,-2.915095329284668,14.871950149536133,0.8960199356079102,9.871574401855469,1.58344304561615,-3.8429620265960693,-9.363147735595703
audioset_ev,non_emergency,audioset_negative,/kaggle/input/datasets/jeancdevx/audioset-ev/Negative_files/balanced_train/WeNPVgAMk2c.wav,4.0,0.15368929505348206,0.06687244027853012,0.03812873505976096,1176.2363900653359,1995.5053648302826,2955.5527888446213,18.101444244384766,-258.97320556640625,104.44000244140625,-258.97320556640625,104.44000244140625,59.69948196411133,19.05452537536621,25.031097412109375,10.029194831848145,12.259584426879883,2.5263051986694336,3.7238988876342773,10.683648109436035,-2.2162179946899414,-5.280747413635254,-5.288372039794922
audioset_ev,non_emergency,audioset_negative,/kaggle/input/datasets/jeancdevx/audioset-ev/Negative_files/eval/PPEE9GBYaAQ.wav,4.0,0.0862603634595871,0.07484058290719986,0.018270667330677292,508.4487418537751,981.6569607130908,1005.1668326693227,16.685070037841797,-423.93450927734375,93.1301040649414,-423.93450927734375,93.1301040649414,12.667386054992676,37.435508728027344,25.67694854736328,24.79767608642578,20.98462677001953,22.389366149902344,17.723052978515625,18.18344497680664,13.361525535583496,12.72349739074707,7.165053367614746
audioset_ev,non_emergency,audioset_negative,/kaggle/input/datasets/jeancdevx/audioset-ev/Negative_files/balanced_train/fiAcNMpd2vM.wav,4.0,0.1833920180797577,0.02552221156656742,0.15261998879482072,1741.7218766226115,1442.9287278481552,3512.574701195219,34.8083610534668,-110.99635314941406,122.97477722167969,-110.99635314941406,122.97477722167969,-69.2814712524414,60.43634796142578,-59.30210876464844,36.39994430541992,-35.84476089477539,19.63872718811035,-19.07625389099121,8.363175392150879,-2.837500810623169,1.7405143976211548,-2.0867598056793213
audioset_ev,non_emergency,audioset_negative,/kaggle/input/datasets/jeancdevx/audioset-ev/Negative_files/eval/fLSWntdznOk.wav,4.0,0.08291248977184296,0.05213892087340355,0.1515422684262948,1770.3163005116658,1443.531407330566,3143.1150398406376,19.40858268737793,-181.48129272460938,78.97515106201172,-181.48129272460938,78.97515106201172,-68.07958221435547,-10.67070198059082,-32.26762390136719,-18.634538650512695,-28.59591293334961,-14.528054237365723,-15.407342910766602,-7.007318496704102,-17.792253494262695,-12.094156265258789,-14.393545150756836
audioset_ev,emergency,multi_or_ev,/kaggle/input/datasets/jeancdevx/audioset-ev/Positive_files/unbalanced/IEAY7zI6gb4.wav,4.0,0.11425500363111496,0.0669233575463295,0.16886749875498008,1775.8808646080329,1375.5128829826278,2936.628486055777,21.440738677978516,-200.11688232421875,79.94296264648438,-200.11688232421875,79.94296264648438,-63.12372589111328,-20.804040908813477,-27.00119400024414,-5.621135234832764,-18.677457809448242,-19.32962989807129,-22.08264923095703,-5.975182056427002,-22.816436767578125,-14.458686828613281,-12.026728630065918
audioset_ev,non_emergency,audioset_negative,/kaggle/input/datasets/jeancdevx/audioset-ev/Negative_files/eval/v-TizzU5E08.wav,4.0,0.07007048279047012,0.021716566756367683,0.05406109935258964,1092.2934249086454,1617.33428397597,2275.0249003984063,9.649646759033203,-304.4779357910156,120.4801025390625,-304.4779357910156,120.4801025390625,43.83806610107422,7.69264030456543,-17.838788986206055,6.791796684265137,26.146820068359375,-6.441409587860107,-22.232667922973633,-3.9945342540740967,-23.290836334228516,4.5826802253723145,-1.1763097047805786
audioset_ev,non_emergency,audioset_negative,/kaggle/input/datasets/jeancdevx/audioset-ev/Negative_files/eval/ZUjxQXOwMZs.wav,4.0,0.19691747426986694,0.10819530487060547,0.10537537350597609,1831.3984470989803,1810.6675908945,3652.639442231076,37.220149993896484,-187.1770782470703,63.16203308105469,-187.1770782470703,63.16203308105469,-8.361860275268555,12.151501655578613,-14.647668838500977,1.0034677982330322,2.2569804191589355,-0.13066890835762024,6.416743278503418,3.835667371749878,1.1162410974502563,13.634318351745605,17.816116333007812
audioset_ev,non_emergency,audioset_negative,/kaggle/input/datasets/jeancdevx/audioset-ev/Negative_files/eval/cS2gRhH6it4.wav,4.0,0.14889435470104218,0.060991689562797546,0.10783817853585657,1396.4876100475624,1337.7246449486306,2479.5816733067727,23.59746551513672,-237.3475799560547,98.41670227050781,-237.3475799560547,98.41670227050781,-28.45228385925293,4.832783222198486,-24.553987503051758,11.428851127624512,-10.981636047363281,-3.6405844688415527,-7.3556036949157715,0.4495168626308441,-9.351346015930176,1.120724081993103,-7.292308807373047
audioset_ev,emergency,multi_or_ev,/kaggle/input/datasets/jeancdevx/audioset-ev/Positive_files/unbalanced/UhgqYfe86lQ.wav,4.0,0.10789243131875992,0.033040110021829605,0.15407510582669323,1487.9583933246433,1689.5873600297268,3282.183764940239,18.547657012939453,-273.3991394042969,116.67750549316406,-273.3991394042969,116.67750549316406,33.02361297607422,25.16579818725586,13.017533302307129,18.885801315307617,-15.2568998336792,-26.036876678466797,-11.514713287353516,7.613025188446045,-7.4332966804504395,-15.443110466003418,-6.722451210021973
audioset_ev,non_emergency,audioset_negative,/kaggle/input/datasets/jeancdevx/audioset-ev/Negative_files/eval/GKI-U3aTKSA.wav,4.0,0.06802863627672195,0.0161297470331192,0.20793388944223107,2409.688809834775,1920.471240831827,4690.488047808765,13.95957088470459,-226.55921936035156,44.3633918762207,-226.55921936035156,44.3633918762207,-7.2925124168396,14.39098072052002,-12.324134826660156,-2.2977468967437744,-5.8733744621276855,-4.933633327484131,-10.496659278869629,1.9529279470443726,4.811789512634277,13.89828872680664,9.774657249450684
audioset_ev,emergency,multi_or_ev,/kaggle/input/datasets/jeancdevx/audioset-ev/Positive_files/unbalanced/5CbrN_n-YFI.wav,4.0,0.21627293527126312,0.0290070828050375,0.11623039093625498,1561.404297048623,1380.5480205957306,2772.285856573705,23.056379318237305,-205.95989990234375,88.85094451904297,-205.95989990234375,88.85094451904297,-49.783206939697266,-4.776525497436523,-43.284603118896484,2.610724687576294,-6.834659576416016,42.06887435913086,-0.07658817619085312,11.519325256347656,-21.745479583740234,-4.658458709716797,-4.509028911590576
audioset_ev,non_emergency,audioset_negative,/kaggle/input/datasets/jeancdevx/audioset-ev/Negative_files/eval/L9j9fCHHPeg.wav,4.0,0.09137575328350067,0.028453480452299118,0.1536004419820717,2181.6068706265437,2116.746239623656,4762.699203187251,19.399085998535156,-153.70755004882812,67.36039733886719,-153.70755004882812,67.36039733886719,13.00641918182373,18.417482376098633,-1.275370717048645,10.399065971374512,3.2401092052459717,3.597205638885498,6.8422675132751465,5.654784202575684,-0.9790217280387878,1.270729899406433,-7.571198463439941
audioset_ev,non_emergency,audioset_negative,/kaggle/input/datasets/jeancdevx/audioset-ev/Negative_files/eval/Z7V7Curou7s.wav,4.0,0.09372778236865997,0.05609031766653061,0.15324638944223107,1993.2707950536285,1714.285486859838,3746.8251992031874,18.943180084228516,-248.93699645996094,64.834228515625,-248.93699645996094,64.834228515625,-17.024904251098633,-5.337311267852783,-16.675594329833984,3.346190929412842,-6.805551528930664,-3.596674919128418,-2.578854560852051,1.60397207736969,0.1833440214395523,11.207281112670898,7.830165863037109
audioset_ev,non_emergency,audioset_negative,/kaggle/input/datasets/jeancdevx/audioset-ev/Negative_files/balanced_train/8pAigLVDuns.wav,4.0,0.16800197958946228,0.02650180272758007,0.15464314616533864,1780.0019187065507,1749.7492034125914,3593.0652390438245,37.07390213012695,-74.05652618408203,94.50392150878906,-74.05652618408203,94.50392150878906,-11.018264770507812,16.935056686401367,-14.8400239944458,-0.572317898273468,-13.651117324829102,-5.8235015869140625,-6.646321773529053,-1.4324640035629272,-9.054665565490723,-6.181296348571777,-11.642422676086426
audioset_ev,non_emergency,audioset_negative,/kaggle/input/datasets/jeancdevx/audioset-ev/Negative_files/eval/KHdiD8unGsg.wav,4.0,0.14054280519485474,0.0184636153280735,0.23505197958167331,2371.133406070217,1797.1840840872076,4345.368525896414,26.830976486206055,-74.37220001220703,50.55387878417969,-74.37220001220703,50.55387878417969,-28.45757293701172,29.50849723815918,-4.9025678634643555,-4.388387203216553,-11.19896411895752,2.911635398864746,-6.232733726501465,-1.735199213027954,-8.59900188446045,-4.877786159515381,-10.57181453704834
audioset_ev,non_emergency,audioset_negative,/kaggle/input/datasets/jeancdevx/audioset-ev/Negative_files/eval/cGUhG5PZp0A.wav,4.0,0.4058798849582672,0.04244337975978851,0.13458665338645417,2055.896122160362,2087.863834172379,4511.142928286853,71.52784729003906,-88.65483856201172,52.747962951660156,-88.65483856201172,52.747962951660156,40.333763122558594,53.480560302734375,8.470535278320312,30.962007522583008,-6.587874889373779,3.9471805095672607,16.753944396972656,0.9050594568252563,0.18285416066646576,-0.26327428221702576,-0.9011638760566711
audioset_ev,non_emergency,audioset_negative,/kaggle/input/datasets/jeancdevx/audioset-ev/Negative_files/eval/91Dzp-CQnSs.wav,4.0,0.02712445706129074,0.023733828216791153,0.19115724601593626,2113.3723818303747,1640.7561572113082,3828.8097609561755,6.4569549560546875,-303.28765869140625,57.61058044433594,-303.28765869140625,57.61058044433594,-53.323734283447266,-6.085533618927002,-32.34242248535156,-3.7216410636901855,-19.330123901367188,-20.497112274169922,-13.040454864501953,-7.496101379394531,-14.548361778259277,-7.251801013946533,-9.212746620178223
audioset_ev,non_emergency,audioset_negative,/kaggle/input/datasets/jeancdevx/audioset-ev/Negative_files/eval/-ByoSbgzr4M.wav,4.0,0.2847091257572174,0.051267679780721664,0.18168731324701196,2374.8838160100895,2037.645893598714,4779.195717131474,51.96684646606445,-66.63902282714844,42.63344955444336,-66.63902282714844,42.63344955444336,3.0362956523895264,11.160795211791992,-21.52849578857422,10.22836971282959,-17.306629180908203,-11.44063949584961,-27.014921188354492,-16.33159065246582,-16.09469223022461,-10.641199111938477,-7.711751461029053
audioset_ev,emergency,multi_or_ev,/kaggle/input/datasets/jeancdevx/audioset-ev/Positive_files/unbalanced/EhcdKAq3S8g.wav,4.0,0.3614523410797119,0.056358661502599716,0.15785296314741035,2179.6784244857877,1870.2651001817812,4346.800298804781,55.44608688354492,-116.36672973632812,49.32600784301758,-116.36672973632812,49.32600784301758,-11.35594654083252,-11.885811805725098,-5.57575798034668,34.89767837524414,24.0494441986084,-0.8566583395004272,-8.235912322998047,10.461484909057617,-2.9691553115844727,-7.076959609985352,-5.707705497741699
audioset_ev,non_emergency,audioset_negative,/kaggle/input/datasets/jeancdevx/audioset-ev/Negative_files/eval/truFEjNipfQ.wav,4.0,0.1069038063287735,0.06426133215427399,0.14027483814741035,1810.8505768445254,1658.508419738896,3474.601593625498,26.00301742553711,-171.75001525878906,84.4841537475586,-171.75001525878906,84.4841537475586,-21.563390731811523,20.32777214050293,-8.685543060302734,-3.470165491104126,-7.331586837768555,0.5097119212150574,-4.668102264404297,4.23198938369751,-2.3758044242858887,8.42455768585205,1.1967867612838745
audioset_ev,non_emergency,audioset_negative,/kaggle/input/datasets/jeancdevx/audioset-ev/Negative_files/balanced_train/FwRo7yXVnL0.wav,4.0,0.01838948391377926,0.012929796241223812,0.12081751120517928,1546.0756453303843,1672.4178778861026,2714.018924302789,3.704227924346924,-420.8935241699219,108.52266693115234,-420.8935241699219,108.52266693115234,34.01620864868164,18.235708236694336,6.561792850494385,-7.131242752075195,-4.425198078155518,-6.936049938201904,-9.727355003356934,-8.181356430053711,-6.976274490356445,-4.9222798347473145,-10.83757209777832
audioset_ev,non_emergency,audioset_negative,/kaggle/input/datasets/jeancdevx/audioset-ev/Negative_files/balanced_train/ohO-4OiUlHk.wav,4.0,0.09447362273931503,0.05040536820888519,0.1514683453685259,1887.2219772091717,1810.5239979842597,3810.383466135458,21.238378524780273,-157.2116241455078,87.6773910522461,-157.2116241455078,87.6773910522461,-8.130253791809082,20.97434425354004,0.7836511135101318,3.550771951675415,-2.2862839698791504,2.403353214263916,-2.201575517654419,3.773740768432617,1.0540920495986938,2.0770726203918457,-0.5164884328842163
audioset_ev,non_emergency,audioset_negative,/kaggle/input/datasets/jeancdevx/audioset-ev/Negative_files/balanced_train/fVxcaUv0jPE.wav,4.0,0.020822659134864807,0.03792427480220795,0.11906281125498008,1535.9404658415378,1077.7263499480748,2814.6787848605577,5.153418064117432,-401.8963623046875,113.68135070800781,-401.8963623046875,113.68135070800781,-63.810325622558594,28.876548767089844,-15.567195892333984,-8.616782188415527,12.229635238647461,-17.23358917236328,9.786872863769531,-5.176477909088135,-5.94444465637207,7.248138427734375,-7.518723011016846
audioset_ev,non_emergency,audioset_negative,/kaggle/input/datasets/jeancdevx/audioset-ev/Negative_files/balanced_train/MiWskwqOMrg.wav,4.0,0.06215158849954605,0.030713574960827827,0.14479581673306774,1775.9801566754695,1639.6981865052185,3520.2315737051795,11.978273391723633,-228.8166046142578,88.7981185913086,-228.8166046142578,88.7981185913086,-1.4597280025482178,48.81386184692383,-16.250883102416992,7.8455963134765625,-4.8918328285217285,1.5942649841308594,-5.500169277191162,0.06305442005395889,-4.159182548522949,-0.9982625842094421,-2.2565412521362305
audioset_ev,non_emergency,audioset_negative,/kaggle/input/datasets/jeancdevx/audioset-ev/Negative_files/balanced_train/CoPqrU3ddrE.wav,4.0,0.05640855431556702,0.061628181487321854,0.059523624252988044,633.0973843130744,686.2895964969755,1079.2455179282867,6.6673054695129395,-537.4681396484375,103.72279357910156,-537.4681396484375,103.72279357910156,72.52995300292969,38.11050033569336,11.917819023132324,-0.08035290241241455,0.42037004232406616,6.248128414154053,11.36298942565918,12.636035919189453,9.066405296325684,3.5612869262695312,0.9856067895889282
audioset_ev,non_emergency,audioset_negative,/kaggle/input/datasets/jeancdevx/audioset-ev/Negative_files/balanced_train/qxWVr67g6yY.wav,4.0,0.19086192548274994,0.05365302413702011,0.14723916832669323,1993.3473118123022,1796.7401860767495,3882.9058764940237,35.117462158203125,-92.428955078125,59.5505485534668,-92.428955078125,59.5505485534668,-40.4034309387207,1.3851542472839355,-1.0414767265319824,12.45944881439209,14.279173851013184,13.941021919250488,-0.9019341468811035,5.677236080169678,8.809974670410156,9.083690643310547,4.544228553771973
audioset_ev,non_emergency,audioset_negative,/kaggle/input/datasets/jeancdevx/audioset-ev/Negative_files/balanced_train/85OkNNiEJ44.wav,4.0,0.00697339978069067,0.003717272775247693,0.06776020916334662,1409.095034034111,1856.3542833460085,3361.6782868525897,1.3135173320770264,-453.3130187988281,101.90826416015625,-453.3130187988281,101.90826416015625,19.689300537109375,22.76382827758789,5.245865821838379,10.502054214477539,2.0231189727783203,3.455575942993164,-2.8338983058929443,4.962207794189453,-4.236478805541992,3.296060800552368,0.5380893349647522
audioset_ev,non_emergency,audioset_negative,/kaggle/input/datasets/jeancdevx/audioset-ev/Negative_files/balanced_train/a0urnJ9cs2s.wav,4.0,0.0880490392446518,0.02283015288412571,0.05075012450199203,1167.2082297274308,1698.0226259711003,2878.859561752988,15.074599266052246,-242.24172973632812,109.3578872680664,-242.24172973632812,109.3578872680664,27.1469783782959,34.36158752441406,6.9585466384887695,7.565323352813721,0.8870863914489746,13.070175170898438,0.425047367811203,3.5325114727020264,5.041745185852051,3.739591121673584,-7.913784027099609
audioset_ev,non_emergency,audioset_negative,/kaggle/input/datasets/jeancdevx/audioset-ev/Negative_files/balanced_train/2paXKFxN1d0.wav,4.0,0.04009940102696419,0.02881952002644539,0.1228523406374502,1601.4480340446428,1356.8973639640903,2912.910856573705,7.7335896492004395,-375.8519287109375,100.71992492675781,-375.8519287109375,100.71992492675781,-27.323556900024414,43.67304992675781,-29.362762451171875,-8.982247352600098,-4.968507289886475,-8.173094749450684,0.3035231828689575,-16.186077117919922,0.08088738471269608,-11.282135009765625,-3.1155941486358643
audioset_ev,non_emergency,audioset_negative,/kaggle/input/datasets/jeancdevx/audioset-ev/Negative_files/eval/4nF2ymOlbGc.wav,4.0,0.08133595436811447,0.01614983379840851,0.08038548929282868,1374.1546135119927,1726.3996085782715,2868.152390438247,10.619872093200684,-204.56875610351562,112.06381225585938,-204.56875610351562,112.06381225585938,12.105191230773926,10.234045028686523,-4.2335968017578125,-14.749479293823242,-14.363245964050293,10.286739349365234,6.954840660095215,12.577099800109863,-3.899251937866211,11.313929557800293,14.099257469177246
audioset_ev,non_emergency,audioset_negative,/kaggle/input/datasets/jeancdevx/audioset-ev/Negative_files/balanced_train/mf7lZOWnUfs.wav,4.0,0.05636996403336525,0.05745412036776543,0.05128703934262948,1188.418859385374,1392.9542274315431,2592.878486055777,9.067935943603516,-402.3476257324219,118.03675842285156,-402.3476257324219,118.03675842285156,-6.625968933105469,37.92387390136719,-5.262063026428223,3.6220576763153076,-5.620846748352051,3.3189728260040283,0.06520050019025803,4.108530044555664,3.16974139213562,-1.386240005493164,-3.2546751499176025
audioset_ev,non_emergency,audioset_negative,/kaggle/input/datasets/jeancdevx/audioset-ev/Negative_files/balanced_train/lfuL2P4N3gI.wav,4.0,0.017432041466236115,0.03731619194149971,0.2735970181772908,2817.3403060049936,2082.4994890136913,5262.014442231076,4.711846351623535,-402.5078125,39.48967742919922,-402.5078125,39.48967742919922,-4.265082359313965,0.7594699263572693,1.083190679550171,-2.614973306655884,-6.5828704833984375,2.8485777378082275,-5.541677951812744,0.01437055692076683,-3.083289384841919,5.884705543518066,-0.32201340794563293
audioset_ev,emergency,multi_or_ev,/kaggle/input/datasets/jeancdevx/audioset-ev/Positive_files/unbalanced/k3D6nhefuxU.wav,4.0,0.08517339825630188,0.00475724833086133,0.07399309013944223,1145.4355062016234,1442.8151745453044,2363.296812749004,15.288337707519531,-195.76927185058594,130.1600341796875,-195.76927185058594,130.1600341796875,-9.59281063079834,22.13404655456543,1.9474741220474243,19.17743492126465,-1.8258912563323975,11.542058944702148,-0.5900557041168213,13.396286010742188,8.482008934020996,-2.740659236907959,-4.102880477905273
audioset_ev,non_emergency,audioset_negative,/kaggle/input/datasets/jeancdevx/audioset-ev/Negative_files/balanced_train/-kkTpMU4QS8.wav,4.0,0.01786559447646141,0.010835490189492702,0.11625373505976096,1624.8236986673282,1658.110392895719,3254.233067729084,4.008563995361328,-340.1614990234375,98.5088119506836,-340.1614990234375,98.5088119506836,-14.257699012756348,10.652412414550781,-13.482939720153809,-7.9117045402526855,-12.949478149414062,-1.310396671295166,-4.019569396972656,-2.478130340576172,-1.5211632251739502,3.455613851547241,-7.908575057983398
audioset_ev,emergency,multi_or_ev,/kaggle/input/datasets/jeancdevx/audioset-ev/Positive_files/unbalanced/UoN4BxSrNsQ.wav,4.0,0.7636198997497559,0.10348260402679443,0.10984577315737051,1783.755219136629,1651.61937596371,3480.0796812749004,60.858856201171875,-158.71075439453125,31.749099731445312,-158.71075439453125,31.749099731445312,-17.85002899169922,0.4246232211589813,-17.254077911376953,-13.055798530578613,-23.939247131347656,-7.979571342468262,-2.2013654708862305,15.251161575317383,11.128482818603516,17.228429794311523,6.8630242347717285
audioset_ev,non_emergency,audioset_negative,/kaggle/input/datasets/jeancdevx/audioset-ev/Negative_files/balanced_train/kcTwJwdLTSo.wav,4.0,0.013451041653752327,0.006492228712886572,0.05805683515936255,996.5121118116981,1331.4973074694008,2026.9546812749004,1.544595718383789,-479.5693359375,127.71697235107422,-479.5693359375,127.71697235107422,4.858643531799316,35.2866096496582,-9.589747428894043,2.6323442459106445,-12.490863800048828,-4.314693450927734,-14.078625679016113,-5.929342269897461,-7.827436923980713,6.445104122161865,2.588881492614746
audioset_ev,emergency,multi_or_ev,/kaggle/input/datasets/jeancdevx/audioset-ev/Positive_files/unbalanced/CscjdTAZMSo.wav,4.0,0.09035035222768784,0.028039170429110527,0.15252272161354583,1687.002606509942,1505.2408419472886,2858.254482071713,20.124046325683594,-146.7951202392578,96.12796783447266,-146.7951202392578,96.12796783447266,-55.7708625793457,-14.291314125061035,-8.531401634216309,-8.360084533691406,-4.965959548950195,-12.813146591186523,-10.411197662353516,-6.263670921325684,-14.623101234436035,-7.081356048583984,-16.612791061401367
audioset_ev,non_emergency,audioset_negative,/kaggle/input/datasets/jeancdevx/audioset-ev/Negative_files/balanced_train/aCTm1TcL7z8.wav,4.0,0.06327737122774124,0.03650304675102234,0.10016963396414343,1409.2820499225759,1438.6556949999256,2902.203685258964,9.304912567138672,-276.2588806152344,105.14288330078125,-276.2588806152344,105.14288330078125,-25.543428421020508,47.08906936645508,2.398365020751953,10.66358757019043,-0.7459714412689209,5.152042388916016,-7.2973408699035645,-3.6718368530273438,-4.607032775878906,-0.4522017538547516,-3.151254415512085
audioset_ev,non_emergency,audioset_negative,/kaggle/input/datasets/jeancdevx/audioset-ev/Negative_files/balanced_train/acIL82JWyq4.wav,4.0,0.1738293617963791,0.14535729587078094,0.12266558764940239,1501.6670423326273,1249.4218668160986,2606.324701195219,17.381181716918945,-239.9450225830078,87.8279037475586,-239.9450225830078,87.8279037475586,-33.20053482055664,-10.673442840576172,-15.665525436401367,-0.9634960889816284,-9.919544219970703,-4.925236701965332,-11.66057300567627,-7.102504730224609,-10.102960586547852,-4.477643966674805,-4.487631797790527
audioset_ev,non_emergency,audioset_negative,/kaggle/input/datasets/jeancdevx/audioset-ev/Negative_files/balanced_train/RmwMbG0PnGI.wav,4.0,0.013420640490949154,0.009607914835214615,0.08067340014940239,1085.42050629845,1250.5915715271565,2002.1787848605577,2.6506564617156982,-445.5899658203125,138.7604217529297,-445.5899658203125,138.7604217529297,-14.266435623168945,19.19692611694336,0.6697531342506409,-5.2555317878723145,-10.037487030029297,-14.638472557067871,-9.643975257873535,3.311593532562256,-4.606108665466309,-0.41835659742355347,-0.03090227022767067
audioset_ev,emergency,multi_or_ev,/kaggle/input/datasets/jeancdevx/audioset-ev/Positive_files/unbalanced/B8TLrMJfq0Q.wav,4.0,0.1497008204460144,0.03273198753595352,0.19342162599601595,1805.885786253052,1260.281642647157,2557.8311752988047,30.425159454345703,-157.4865264892578,76.58182525634766,-157.4865264892578,76.58182525634766,-73.75581359863281,0.40821757912635803,7.7016143798828125,6.031713962554932,-15.851405143737793,6.69538688659668,-7.096313953399658,0.8192889094352722,0.06972184777259827,2.036177396774292,-9.636496543884277
audioset_ev,non_emergency,audioset_negative,/kaggle/input/datasets/jeancdevx/audioset-ev/Negative_files/balanced_train/GvhlKpLarQQ.wav,4.0,0.0419953279197216,0.01938764937222004,0.1656226655876494,2219.8784593750643,1957.7196657103225,4583.603087649402,9.551482200622559,-256.6121826171875,57.800010681152344,-256.6121826171875,57.800010681152344,-25.917949676513672,-19.215654373168945,-18.189483642578125,-13.386507034301758,-9.886617660522461,-9.232976913452148,-16.77865982055664,6.787614345550537,-3.1887402534484863,-6.076512336730957,-3.5038187503814697
audioset_ev,non_emergency,audioset_negative,/kaggle/input/datasets/jeancdevx/audioset-ev/Negative_files/eval/I1fcUe9MoMw.wav,4.0,0.09800282120704651,0.049019936472177505,0.17652437126494025,2173.8873279229006,1717.1100794084916,3965.014940239044,14.877696990966797,-260.7515563964844,44.47989273071289,-260.7515563964844,44.47989273071289,-21.115633010864258,-12.107851028442383,-34.6613883972168,-18.46038818359375,-33.2104377746582,-16.362154006958008,-28.218708038330078,-16.71847152709961,-17.98250389099121,1.8304575681686401,-10.449703216552734
audioset_ev,non_emergency,audioset_negative,/kaggle/input/datasets/jeancdevx/audioset-ev/Negative_files/eval/nptv3Lrq-dw.wav,4.0,0.3282739818096161,0.1660614162683487,0.15583369646414344,2061.5087982903256,1857.7592005664242,4069.160856573705,74.45685577392578,-79.8211441040039,71.24848937988281,-79.8211441040039,71.24848937988281,-5.093642711639404,17.954984664916992,5.006827354431152,-6.8376970291137695,-6.359813690185547,3.425062417984009,-11.744142532348633,-0.9729407429695129,-6.43671178817749,-0.2299845963716507,-6.668163299560547
audioset_ev,non_emergency,audioset_negative,/kaggle/input/datasets/jeancdevx/audioset-ev/Negative_files/balanced_train/oRwoG6-jeqE.wav,4.0,0.04919501766562462,0.024354664608836174,0.20199281000996017,1963.60440919696,1434.1196544045943,3232.1962151394423,10.667231559753418,-239.01194763183594,77.77428436279297,-239.01194763183594,77.77428436279297,-63.778263092041016,17.510231018066406,-1.9762033224105835,-20.649322509765625,-26.058870315551758,-5.518181324005127,-12.679936408996582,-3.5293524265289307,-1.315666675567627,-7.996484756469727,2.5914340019226074
audioset_ev,non_emergency,audioset_negative,/kaggle/input/datasets/jeancdevx/audioset-ev/Negative_files/eval/gAURHUoIK0M.wav,4.0,0.24742889404296875,0.05509921535849571,0.06174131598605578,1173.7334858337417,1459.2392038824883,2298.493525896414,31.972885131835938,-122.66349029541016,124.31986236572266,-122.66349029541016,124.31986236572266,-5.140720367431641,11.349723815917969,-3.3701021671295166,-0.40563783049583435,-15.6831636428833,-7.031097412109375,-14.100412368774414,-6.655981540679932,-12.957447052001953,-8.641924858093262,-15.355646133422852
audioset_ev,non_emergency,audioset_negative,/kaggle/input/datasets/jeancdevx/audioset-ev/Negative_files/eval/TF5OXDXtTu8.wav,4.0,0.022618424147367477,0.027099333703517914,0.1863133403884462,2188.447035914931,1829.6381158775923,4345.119521912351,5.703800678253174,-290.7917175292969,63.11912536621094,-290.7917175292969,63.11912536621094,-39.893348693847656,-17.1805477142334,-18.33987045288086,-5.768647193908691,-17.750572204589844,-0.6768527626991272,-14.791272163391113,-6.998744487762451,-13.893482208251953,-0.39717233180999756,-11.03091812133789
audioset_ev,non_emergency,audioset_negative,/kaggle/input/datasets/jeancdevx/audioset-ev/Negative_files/eval/8Nrp4jUZeGE.wav,4.0,0.35077983140945435,0.08649061620235443,0.09676139193227092,1759.1961436896565,1913.4623819573624,3981.0134462151395,49.75713348388672,-68.51019287109375,82.01823425292969,-68.51019287109375,82.01823425292969,17.174053192138672,27.337844848632812,3.6162850856781006,17.11504364013672,-9.384581565856934,-4.291930675506592,-4.338680744171143,6.71755313873291,4.070216178894043,-1.9075679779052734,-10.3682279586792
audioset_ev,non_emergency,audioset_negative,/kaggle/input/datasets/jeancdevx/audioset-ev/Negative_files/balanced_train/od5i0WACtIM.wav,4.0,0.16591109335422516,0.04923755303025246,0.12652514940239043,1419.506811958222,1174.8161338314533,2697.3356573705178,36.721622467041016,-129.06048583984375,141.73526000976562,-129.06048583984375,141.73526000976562,-77.70854187011719,33.69479751586914,-59.113609313964844,7.492144584655762,-34.6761589050293,-3.1597447395324707,-13.110893249511719,-9.488565444946289,-3.6959869861602783,-16.222042083740234,-5.6031107902526855
audioset_ev,emergency,multi_or_ev,/kaggle/input/datasets/jeancdevx/audioset-ev/Positive_files/unbalanced/Rrqu9n1ppYk.wav,4.0,0.07536597549915314,0.03646528348326683,0.10453887574701196,1472.7406805625487,1556.2374574551936,2861.429282868526,12.449906349182129,-248.51193237304688,103.09668731689453,-248.51193237304688,103.09668731689453,-14.105772018432617,-1.3221393823623657,-10.092891693115234,13.526274681091309,-7.6314921379089355,-7.2602996826171875,-13.24589729309082,-2.599177122116089,-11.803959846496582,-11.05196762084961,-15.951873779296875
audioset_ev,non_emergency,audioset_negative,/kaggle/input/datasets/jeancdevx/audioset-ev/Negative_files/balanced_train/6OcoDIrbMtY.wav,4.0,0.2193305343389511,0.06508626788854599,0.08167330677290836,1354.7192112503924,1511.9386004713065,2838.3964143426297,36.25916290283203,-138.2784423828125,110.2163314819336,-138.2784423828125,110.2163314819336,-7.597181797027588,38.05769348144531,8.134832382202148,4.488656520843506,-4.355030536651611,-5.064911842346191,-8.61179256439209,7.379636764526367,-7.264732837677002,2.1761317253112793,-2.4971821308135986
audioset_ev,non_emergency,audioset_negative,/kaggle/input/datasets/jeancdevx/audioset-ev/Negative_files/eval/fbJ0yNuwmpg.wav,4.0,0.12847793102264404,0.022288747131824493,0.21985884586653387,2399.7011391711217,2121.686781679329,5052.477589641434,28.59259033203125,-80.15290069580078,68.16625213623047,-80.15290069580078,68.16625213623047,-9.164459228515625,0.3989008665084839,5.292293071746826,-10.743762969970703,-8.667948722839355,-2.7471063137054443,4.891374111175537,-12.423656463623047,-9.703332901000977,5.144629001617432,-14.617424011230469
audioset_ev,non_emergency,audioset_negative,/kaggle/input/datasets/jeancdevx/audioset-ev/Negative_files/balanced_train/qQvFxArQnxw.wav,4.0,0.1356223076581955,0.07785983383655548,0.1830062562250996,2123.3989707833966,1588.389949732543,3652.203685258964,31.949256896972656,-201.43191528320312,63.857906341552734,-201.43191528320312,63.857906341552734,-39.0247688293457,5.505663871765137,7.626569747924805,7.586545467376709,-1.5167582035064697,-3.3137638568878174,-3.678328514099121,1.3377643823623657,-9.106271743774414,-0.5498207211494446,-11.141624450683594
audioset_ev,non_emergency,audioset_negative,/kaggle/input/datasets/jeancdevx/audioset-ev/Negative_files/balanced_train/zxxjPPEujvU.wav,4.0,0.46170732378959656,0.16281773149967194,0.0833073954183267,1723.2330912216019,1935.0303695792802,3899.713645418327,80.13728332519531,-71.94731903076172,78.75468444824219,-71.94731903076172,78.75468444824219,12.010847091674805,27.054494857788086,8.82555103302002,3.9076290130615234,0.7615810036659241,9.397167205810547,-1.6176254749298096,1.7045561075210571,1.6377509832382202,-0.5456418991088867,-1.2304683923721313
audioset_ev,non_emergency,audioset_negative,/kaggle/input/datasets/jeancdevx/audioset-ev/Negative_files/balanced_train/YskxakrmawA.wav,4.0,0.027544017881155014,0.05170581117272377,0.1364464018924303,1843.4577476623938,1763.0751761360123,3792.4551792828684,6.9786601066589355,-321.474609375,85.36592102050781,-321.474609375,85.36592102050781,-15.996009826660156,11.821982383728027,-8.09936237335205,3.8786051273345947,-4.984894752502441,7.342474937438965,3.3302156925201416,9.000283241271973,4.482691287994385,7.690537452697754,0.01933068223297596
audioset_ev,non_emergency,audioset_negative,/kaggle/input/datasets/jeancdevx/audioset-ev/Negative_files/balanced_train/mmz6uoEWxuE.wav,4.0,0.06702005118131638,0.028665637597441673,0.11805512325697211,1572.388935196386,1616.1246047344368,3119.148406374502,14.239892959594727,-184.27964782714844,106.04959106445312,-184.27964782714844,106.04959106445312,-16.91897964477539,13.456741333007812,-7.140354633331299,5.064838409423828,-8.373023986816406,4.477108001708984,-4.556451320648193,3.111617088317871,-6.542139530181885,3.349827289581299,-4.499601364135742
audioset_ev,non_emergency,audioset_negative,/kaggle/input/datasets/jeancdevx/audioset-ev/Negative_files/balanced_train/e2FfgnQWCkA.wav,4.0,0.15627993643283844,0.03611330687999725,0.04783210906374502,606.7934932395575,614.1956175098047,1027.7639442231075,16.34760093688965,-292.6640930175781,202.94786071777344,-292.6640930175781,202.94786071777344,-25.16267967224121,28.32493782043457,-10.000251770019531,-13.793767929077148,2.212327003479004,-31.779817581176758,-10.2267484664917,-15.450187683105469,-21.425310134887695,-9.086626052856445,-20.959314346313477
audioset_ev,non_emergency,audioset_negative,/kaggle/input/datasets/jeancdevx/audioset-ev/Negative_files/balanced_train/3eWeSi-dI-k.wav,4.0,0.22987860441207886,0.0994235947728157,0.1505968314243028,1735.9062632652633,1595.1876368044486,3197.273406374502,49.41639709472656,-142.57827758789062,77.24308013916016,-142.57827758789062,77.24308013916016,-4.416665554046631,71.91211700439453,21.316375732421875,0.7880226969718933,-4.3038740158081055,-2.402952194213867,-15.328497886657715,15.89103889465332,-1.1793913841247559,-7.806001663208008,5.562090873718262
audioset_ev,emergency,multi_or_ev,/kaggle/input/datasets/jeancdevx/audioset-ev/Positive_files/unbalanced/AeQY28A72AE.wav,4.0,0.22035342454910278,0.03083583526313305,0.1496085968625498,1869.2583231779035,1645.5287562403807,3559.0139442231075,41.56892395019531,-51.351802825927734,79.34412384033203,-51.351802825927734,79.34412384033203,-42.75421142578125,-6.814916133880615,-26.465293884277344,-8.786917686462402,-14.470226287841797,-5.71578311920166,-12.738350868225098,-6.0517449378967285,-10.673969268798828,-4.789504528045654,-10.393603324890137
audioset_ev,non_emergency,audioset_negative,/kaggle/input/datasets/jeancdevx/audioset-ev/Negative_files/eval/Hf3fK0Kdols.wav,4.0,0.28479185700416565,0.06198443844914436,0.11044104830677291,1718.0347149212605,1763.6439594906003,3792.828685258964,47.4459228515625,-88.7112045288086,79.37403869628906,-88.7112045288086,79.37403869628906,-6.406304836273193,49.1065559387207,3.7446448802948,19.87283706665039,-5.5516862869262695,20.18880844116211,0.837691605091095,8.939861297607422,0.9646199941635132,7.338079452514648,-3.0680551528930664
audioset_ev,non_emergency,audioset_negative,/kaggle/input/datasets/jeancdevx/audioset-ev/Negative_files/balanced_train/aOVPHKqKjyQ.wav,4.0,0.0628298968076706,0.045436009764671326,0.1296766060756972,1382.8152068508537,1302.7929098352267,2710.4706175298807,13.123191833496094,-257.9556579589844,134.9297332763672,-257.9556579589844,134.9297332763672,-37.998985290527344,36.535606384277344,-32.729148864746094,25.255666732788086,-18.472145080566406,17.40163230895996,-11.225296020507812,3.177626848220825,-5.774224281311035,-3.1199705600738525,3.3129444122314453
audioset_ev,non_emergency,audioset_negative,/kaggle/input/datasets/jeancdevx/audioset-ev/Negative_files/balanced_train/y8zPTMFhYSI.wav,4.0,0.18338528275489807,0.013951980508863926,0.016593781125498006,430.4001895884459,684.782552377078,981.0134462151394,5.827385902404785,-411.8003845214844,146.19024658203125,-411.8003845214844,146.19024658203125,-12.150826454162598,6.759128093719482,0.9411005973815918,-5.054744720458984,7.4992876052856445,34.30500030517578,41.59141540527344,21.752914428710938,-7.225869178771973,-7.300313472747803,29.387414932250977
audioset_ev,non_emergency,audioset_negative,/kaggle/input/datasets/jeancdevx/audioset-ev/Negative_files/eval/Kzsmow0G6oE.wav,4.0,0.25990572571754456,0.11048851907253265,0.07771258715139442,1087.0776376225656,1455.2082534823976,2244.459661354582,35.808441162109375,-160.7604217529297,120.83174133300781,-160.7604217529297,120.83174133300781,10.630472183227539,24.337770462036133,10.566286087036133,2.542550563812256,-0.6214672327041626,17.04947853088379,3.978663444519043,6.471402645111084,-4.0539326667785645,6.5126729011535645,6.051224708557129
audioset_ev,emergency,multi_or_ev,/kaggle/input/datasets/jeancdevx/audioset-ev/Positive_files/unbalanced/b8-AaZmNv0M.wav,4.0,0.06040625274181366,0.009178723208606243,0.13667984312749004,1520.7079578638272,1648.110892752524,3208.042828685259,10.35059928894043,-293.0708923339844,102.79701232910156,-293.0708923339844,102.79701232910156,10.605056762695312,19.57843589782715,-9.51365852355957,35.774417877197266,19.8829402923584,11.257027626037598,-13.476067543029785,7.535711765289307,-7.106257438659668,8.159619331359863,-10.495418548583984
audioset_ev,non_emergency,audioset_negative,/kaggle/input/datasets/jeancdevx/audioset-ev/Negative_files/eval/k3A5xX8yfig.wav,4.0,0.03578856959939003,0.007286792621016502,0.1868269111055777,1921.309668024789,1652.568387729419,3473.4188247011953,4.849128246307373,-338.8022766113281,62.894065856933594,-338.8022766113281,62.894065856933594,-5.869761943817139,27.04322624206543,-3.2972145080566406,-12.489018440246582,-11.509237289428711,5.342986583709717,18.326295852661133,-11.739177703857422,-19.826950073242188,-4.272809982299805,-23.04385757446289
audioset_ev,non_emergency,audioset_negative,/kaggle/input/datasets/jeancdevx/audioset-ev/Negative_files/eval/2ATMQxWVpXk.wav,4.0,0.27854692935943604,0.17013870179653168,0.1557792268426295,1839.2895272966305,1277.012978683678,3238.172310756972,69.85397338867188,-154.74874877929688,35.81134796142578,-154.74874877929688,35.81134796142578,-85.7940673828125,-20.954715728759766,-30.135299682617188,3.282151699066162,5.450654983520508,12.090446472167969,-0.4954663813114166,-0.8095711469650269,-9.420686721801758,-0.4288102686405182,4.2136993408203125
audioset_ev,non_emergency,audioset_negative,/kaggle/input/datasets/jeancdevx/audioset-ev/Negative_files/eval/W7KbboEOmeM.wav,4.0,0.21320320665836334,0.05412878096103668,0.05294836279880478,865.1211447554624,1084.2455919629076,1769.2355577689243,24.11678123474121,-192.2421112060547,161.3667449951172,-192.2421112060547,161.3667449951172,-11.375978469848633,48.852054595947266,-15.626546859741211,5.745598316192627,-1.4434459209442139,-1.870518445968628,-12.490415573120117,-9.376968383789062,-4.9579243659973145,-13.553094863891602,-18.627798080444336
audioset_ev,emergency,multi_or_ev,/kaggle/input/datasets/jeancdevx/audioset-ev/Positive_files/unbalanced/W_Wnp_DngxU.wav,4.0,0.7236035466194153,0.0891600102186203,0.1545886765438247,2121.1269661543975,1565.4017689887644,3682.644422310757,125.72982788085938,-69.0539779663086,40.01156997680664,-69.0539779663086,40.01156997680664,-53.13477325439453,-25.992223739624023,-17.026716232299805,44.26479721069336,11.528586387634277,-11.27192211151123,2.2461326122283936,15.547384262084961,-3.093360662460327,15.574176788330078,-12.773209571838379
audioset_ev,non_emergency,audioset_negative,/kaggle/input/datasets/jeancdevx/audioset-ev/Negative_files/eval/4mwR8H2amsA.wav,4.0,0.07347716391086578,0.026946531608700752,0.0778254170816733,996.4629909675573,1132.2743731165622,1752.2410358565737,9.723750114440918,-355.2161865234375,157.98663330078125,-355.2161865234375,157.98663330078125,39.88853073120117,27.74637794494629,-18.266582489013672,6.641185283660889,-12.8604154586792,-8.47762680053711,3.622878074645996,0.7965822219848633,-8.995401382446289,-6.614821434020996,-16.9628849029541
audioset_ev,non_emergency,audioset_negative,/kaggle/input/datasets/jeancdevx/audioset-ev/Negative_files/balanced_train/ig0P1xrta2c.wav,4.0,0.22798548638820648,0.050608109682798386,0.059644235557768925,1000.9912842224686,1296.7303139788792,1827.5647410358565,30.780420303344727,-185.5291290283203,135.662841796875,-185.5291290283203,135.662841796875,9.74802017211914,30.444934844970703,5.414259910583496,2.6638782024383545,8.032052993774414,-6.559302806854248,-4.54927921295166,2.1229660511016846,-7.205994129180908,-8.355945587158203,-16.964643478393555
audioset_ev,emergency,multi_or_ev,/kaggle/input/datasets/jeancdevx/audioset-ev/Positive_files/unbalanced/UalRZOgWkW4.wav,4.0,0.10059583187103271,0.034016504883766174,0.15600488670318724,2019.9673219288775,2016.9793896730664,4475.908864541832,21.04132843017578,-112.41378021240234,82.23219299316406,-112.41378021240234,82.23219299316406,-6.165109157562256,3.088418960571289,5.553196430206299,3.8712894916534424,-1.7323205471038818,0.5978296399116516,-0.9881065487861633,3.221601963043213,-4.129461288452148,6.819900989532471,-1.1857582330703735
audioset_ev,emergency,multi_or_ev,/kaggle/input/datasets/jeancdevx/audioset-ev/Positive_files/unbalanced/trX-Mq0GWXg.wav,4.0,0.07867565751075745,0.006740680430084467,0.13912708540836655,1595.5032634115917,1454.7364124332478,2806.1503984063743,17.005558013916016,-144.5888214111328,107.33891296386719,-144.5888214111328,107.33891296386719,-46.680023193359375,2.1204614639282227,-13.965476036071777,-6.23992395401001,-3.624006986618042,4.3709306716918945,-6.884140491485596,-1.264404296875,-7.62387752532959,-1.006150245666504,-15.924208641052246
audioset_ev,non_emergency,audioset_negative,/kaggle/input/datasets/jeancdevx/audioset-ev/Negative_files/eval/QCovzjYMK5c.wav,4.0,0.04349534586071968,0.05531051382422447,0.13822444596613545,1991.1212557942724,1960.181739051009,4304.096115537848,7.858517646789551,-349.15118408203125,65.35630798339844,-349.15118408203125,65.35630798339844,1.0787194967269897,10.909784317016602,-3.7493059635162354,0.14756780862808228,-9.524702072143555,-0.6747252941131592,-5.388647556304932,2.507294178009033,-0.4376339912414551,6.394592761993408,-0.23519933223724365
audioset_ev,non_emergency,audioset_negative,/kaggle/input/datasets/jeancdevx/audioset-ev/Negative_files/balanced_train/xicBZUIdoiM.wav,4.0,0.05504004657268524,0.03814959153532982,0.2808959474601594,2854.717687879292,1994.5456978026912,5245.268924302789,15.010330200195312,-185.38027954101562,27.878353118896484,-185.38027954101562,27.878353118896484,-23.48042106628418,4.91082239151001,-11.37118911743164,3.9267561435699463,-11.313863754272461,-5.765469551086426,-12.191091537475586,-8.759376525878906,-6.775091648101807,2.8976433277130127,-7.564866542816162
audioset_ev,non_emergency,audioset_negative,/kaggle/input/datasets/jeancdevx/audioset-ev/Negative_files/eval/D7W6QWflR3c.wav,4.0,0.25736117362976074,0.07502124458551407,0.10188153635458168,1699.7023362826442,1880.9052952525828,3777.0791832669324,41.94725799560547,-97.83584594726562,90.59114074707031,-97.83584594726562,90.59114074707031,10.741669654846191,9.544638633728027,-2.9984092712402344,6.154215335845947,3.550422191619873,3.9671859741210938,-3.6341710090637207,3.7322816848754883,-4.134758949279785,7.006092071533203,-5.935800552368164
audioset_ev,emergency,multi_or_ev,/kaggle/input/datasets/jeancdevx/audioset-ev/Positive_files/unbalanced/Tyc1AOIw-DY.wav,4.0,0.23843030631542206,0.09729867428541183,0.11489977589641434,1195.3653535205597,985.6378849951858,2388.2594621513945,43.68622589111328,-185.8342742919922,166.84194946289062,-185.8342742919922,166.84194946289062,-70.17760467529297,56.80878448486328,-21.6879940032959,-0.5697473287582397,31.95464515686035,-16.890459060668945,16.896005630493164,-2.3139727115631104,-5.089555740356445,6.365357398986816,-9.583662986755371
audioset_ev,non_emergency,audioset_negative,/kaggle/input/datasets/jeancdevx/audioset-ev/Negative_files/balanced_train/vDmUlgsDOP4.wav,4.0,0.1628691852092743,0.0692044347524643,0.17007750249003983,2230.0362986696587,1919.4760569982316,4485.682270916334,33.669273376464844,-111.53179168701172,47.43165969848633,-111.53179168701172,47.43165969848633,-10.261697769165039,53.082149505615234,18.71316909790039,16.705652236938477,-2.5920755863189697,18.692218780517578,3.003816604614258,9.493179321289062,-6.104804515838623,2.577908515930176,-6.8244853019714355
audioset_ev,non_emergency,audioset_negative,/kaggle/input/datasets/jeancdevx/audioset-ev/Negative_files/balanced_train/LhoAhixpQUc.wav,4.0,0.013637824915349483,0.01780889369547367,0.22870237798804782,2732.059974234224,2027.5946105308228,5081.548804780877,3.123056411743164,-418.0917053222656,51.142120361328125,-418.0917053222656,51.142120361328125,-0.7435930371284485,0.18221966922283173,-8.317771911621094,5.184112071990967,2.7890419960021973,2.009124517440796,-2.9303207397460938,-2.079176664352417,-5.707315444946289,0.3002796471118927,-4.0325398445129395
audioset_ev,non_emergency,audioset_negative,/kaggle/input/datasets/jeancdevx/audioset-ev/Negative_files/eval/XSxXGCUqra4.wav,4.0,0.02372303046286106,0.01583043485879898,0.1333883217131474,1752.0846974321114,1759.7442519983924,3324.327689243028,5.15061616897583,-335.0885925292969,104.15664672851562,-335.0885925292969,104.15664672851562,-11.32470417022705,-2.5565788745880127,1.634102702140808,1.1079779863357544,9.972723960876465,3.31530499458313,-3.2658815383911133,-9.193479537963867,-2.7625648975372314,4.650541305541992,-5.5703606605529785
audioset_ev,non_emergency,audioset_negative,/kaggle/input/datasets/jeancdevx/audioset-ev/Negative_files/balanced_train/q3nALRNgkOY.wav,4.0,0.0048437658697366714,0.007855054922401905,0.10368292455179283,1758.3393615405084,1895.046863150894,3958.5408366533866,1.1138261556625366,-484.4761657714844,86.99055480957031,-484.4761657714844,86.99055480957031,-3.8212146759033203,17.2746639251709,4.825401306152344,12.66457462310791,0.7012292146682739,13.998327255249023,0.2160215973854065,4.261063575744629,4.8474440574646,0.12851840257644653,-0.9876701831817627
audioset_ev,non_emergency,audioset_negative,/kaggle/input/datasets/jeancdevx/audioset-ev/Negative_files/balanced_train/CgsIv8K3WUo.wav,4.0,0.07182037085294724,0.008215105161070824,0.05578078311752988,676.466225975279,832.330705794994,1024.9003984063745,15.748866081237793,-302.6875305175781,209.1186065673828,-302.6875305175781,209.1186065673828,10.71993637084961,-20.864160537719727,-3.7205822467803955,2.5968706607818604,-7.609220504760742,-5.790785312652588,-4.563021659851074,-5.576919078826904,-11.324089050292969,-3.784567356109619,-7.749564170837402
audioset_ev,emergency,multi_or_ev,/kaggle/input/datasets/jeancdevx/audioset-ev/Positive_files/balanced_train/7Hcizjr7zB8.wav,4.0,0.13873866200447083,0.02388620935380459,0.17426388197211157,1942.511823853865,1727.8163927815112,3647.472609561753,29.625951766967773,-87.32917022705078,79.53380584716797,-87.32917022705078,79.53380584716797,-28.995338439941406,15.620020866394043,-2.174740791320801,-4.1006035804748535,-2.8556318283081055,-1.0281977653503418,-8.2235746383667,-1.2451516389846802,-8.714263916015625,-5.725769996643066,-11.590978622436523
audioset_ev,non_emergency,audioset_negative,/kaggle/input/datasets/jeancdevx/audioset-ev/Negative_files/balanced_train/Cxg_hn2cLhc.wav,4.0,0.038238249719142914,0.009758561849594116,0.2493113483565737,2257.509028374053,1527.9355828431442,3965.4506972111553,6.419316291809082,-324.05010986328125,59.27490997314453,-324.05010986328125,59.27490997314453,-29.4453125,67.89634704589844,-49.1139030456543,7.196530342102051,-8.073311805725098,16.927383422851562,4.481755256652832,18.768461227416992,1.1879382133483887,-8.898323059082031,-13.093371391296387
audioset_ev,non_emergency,audioset_negative,/kaggle/input/datasets/jeancdevx/audioset-ev/Negative_files/eval/xLc7sVUpwNg.wav,4.0,0.04459083825349808,0.02655307576060295,0.06342598356573705,1217.2143996792402,1536.922010299412,2391.621015936255,8.235098838806152,-303.65667724609375,117.22781372070312,-303.65667724609375,117.22781372070312,0.5473855137825012,-0.05689060315489769,-18.862686157226562,-10.954354286193848,-17.62795639038086,-10.48220443725586,-17.791696548461914,-5.800208568572998,-20.591510772705078,-14.186873435974121,-22.205549240112305
audioset_ev,non_emergency,audioset_negative,/kaggle/input/datasets/jeancdevx/audioset-ev/Negative_files/eval/1F3_bvIT0ig.wav,4.0,0.07357580214738846,0.014253160916268826,0.16622961279880477,1877.5566791671497,1584.098068444598,3509.5244023904384,14.167448997497559,-164.34922790527344,81.20295715332031,-164.34922790527344,81.20295715332031,-35.46331787109375,44.91615676879883,-6.683109283447266,12.509652137756348,1.3306864500045776,4.05259370803833,-4.323782920837402,0.28209489583969116,-4.323557376861572,4.730193614959717,-6.323405742645264
audioset_ev,non_emergency,audioset_negative,/kaggle/input/datasets/jeancdevx/audioset-ev/Negative_files/balanced_train/hrEn6Bl185o.wav,4.0,0.11289620399475098,0.03447636589407921,0.27884555527888444,2544.161758905286,1908.229315137971,4680.776892430279,20.465749740600586,-161.50047302246094,44.75441360473633,-161.50047302246094,44.75441360473633,7.6926445960998535,24.219974517822266,-15.4392671585083,2.1672427654266357,-8.662405014038086,0.9116220474243164,-8.261173248291016,-7.106342315673828,-6.904813289642334,1.2101421356201172,2.2282681465148926
esc50,non_emergency,audio,/kaggle/input/datasets/jeancdevx/esc-50/esc50/audio/4-182613-A-11.wav,4.0,0.17988690733909607,0.02858596108853817,0.11762714765936255,1708.0838396979582,1850.512504947364,3712.587151394422,41.17287826538086,-60.4647331237793,97.15381622314453,-60.4647331237793,97.15381622314453,-3.5152716636657715,9.546839714050293,-8.128019332885742,-1.7406588792800903,-4.851800918579102,1.2822452783584595,-5.075753688812256,1.1497690677642822,-5.12826681137085,2.6452410221099854,-4.64139461517334
esc50,non_emergency,audio,/kaggle/input/datasets/jeancdevx/esc-50/esc50/audio/3-142349-A-17.wav,4.0,0.011600027792155743,0.008431866765022278,0.22877241035856574,2654.4323626495216,2030.8555568346371,5145.605079681275,3.049190044403076,-368.8378601074219,39.26042556762695,-368.8378601074219,39.26042556762695,-23.73198127746582,3.87841534614563,8.202171325683594,19.438446044921875,10.94134521484375,4.509496212005615,1.7480525970458984,-0.06859768182039261,-7.904634475708008,-2.1475636959075928,-11.311200141906738
esc50,non_emergency,audio,/kaggle/input/datasets/jeancdevx/esc-50/esc50/audio/5-253101-B-49.wav,4.0,0.14006441831588745,0.09264718741178513,0.20170100846613545,2360.731728327701,2056.299640705805,4891.745517928287,31.09477424621582,-116.75177001953125,59.73539352416992,-116.75177001953125,59.73539352416992,0.07276825606822968,10.258087158203125,-13.188491821289062,4.313619136810303,-14.332169532775879,3.273050308227539,-2.5299222469329834,1.3183114528656006,-4.807218551635742,1.6235363483428955,-2.3920705318450928
esc50,non_emergency,audio,/kaggle/input/datasets/jeancdevx/esc-50/esc50/audio/1-51805-E-33.wav,4.0,0.016639888286590576,0.01620698906481266,0.11695016807768924,1636.7854208225037,1611.4181095726178,3116.9696215139443,3.866564989089966,-471.937744140625,77.26545715332031,-471.937744140625,77.26545715332031,-12.965840339660645,22.828166961669922,3.610055446624756,6.520578861236572,-8.884784698486328,7.386992931365967,7.914508819580078,12.951314926147461,-2.319845199584961,5.224062442779541,2.2944679260253906
esc50,non_emergency,audio,/kaggle/input/datasets/jeancdevx/esc-50/esc50/audio/5-181766-A-10.wav,4.0,0.04861516132950783,0.004871216136962175,0.2521515500498008,2672.641807203758,2095.1547495121913,5459.972609561753,11.10728931427002,-152.02891540527344,45.03645324707031,-152.02891540527344,45.03645324707031,-31.437915802001953,-11.132619857788086,-3.8889646530151367,-2.4545624256134033,0.6441928148269653,-3.7106595039367676,-9.3292875289917,0.5065454244613647,-6.390913963317871,-3.405299663543701,-8.471539497375488
esc50,non_emergency,audio,/kaggle/input/datasets/jeancdevx/esc-50/esc50/audio/2-155801-A-11.wav,4.0,0.08300910890102386,0.03926486894488335,0.1541762636952191,2088.784320569237,2062.4034535878145,4747.509960159363,18.352130889892578,-136.88075256347656,77.13850402832031,-136.88075256347656,77.13850402832031,4.8166937828063965,8.285781860351562,-13.201480865478516,-0.046449214220047,-4.344026565551758,10.930967330932617,-2.8516316413879395,2.8741819858551025,-4.780040740966797,6.585174083709717,-2.770441770553589
esc50,non_emergency,audio,/kaggle/input/datasets/jeancdevx/esc-50/esc50/audio/3-150363-A-38.wav,4.0,0.0070450338535010815,0.007071143947541714,0.04529149028884462,1175.045623970102,1739.44889831901,2478.9591633466134,1.7410888671875,-542.436767578125,102.18421173095703,-542.436767578125,102.18421173095703,28.67966079711914,20.55457878112793,21.308971405029297,18.264192581176758,9.535998344421387,8.201955795288086,3.477339267730713,9.650921821594238,7.013627052307129,10.835188865661621,-0.4563249349594116
esc50,non_emergency,audio,/kaggle/input/datasets/jeancdevx/esc-50/esc50/audio/4-196672-A-8.wav,4.0,0.031016938388347626,0.023460375145077705,0.4279366907370518,3752.7433730533216,2236.381204215716,6391.621015936255,6.138195991516113,-251.5770263671875,-1.413439154624939,-251.5770263671875,-1.413439154624939,0.8469952940940857,-3.5941362380981445,-10.587048530578613,-21.804243087768555,-14.733651161193848,4.344244003295898,-8.978988647460938,2.6245675086975098,-8.09876537322998,-0.9923126101493835,-14.492679595947266
esc50,non_emergency,audio,/kaggle/input/datasets/jeancdevx/esc-50/esc50/audio/1-181071-B-40.wav,4.0,0.13045063614845276,0.027343658730387688,0.06302913346613546,882.6206006290707,1010.2915001133726,1650.2116533864541,27.137754440307617,-191.02676391601562,172.45379638671875,-191.02676391601562,172.45379638671875,-28.18918800354004,36.01029968261719,-17.511465072631836,3.491835355758667,-13.049860954284668,-7.731781005859375,-11.5283784866333,-6.418519020080566,-10.204741477966309,1.353655219078064,-8.835977554321289
esc50,non_emergency,audio,/kaggle/input/datasets/jeancdevx/esc-50/esc50/audio/4-170078-A-1.wav,4.0,0.06502456218004227,0.08757346868515015,0.0608347858565737,846.1222550847527,989.367190389606,1556.5239043824702,13.682103157043457,-449.6361999511719,67.60272979736328,-449.6361999511719,67.60272979736328,-27.372575759887695,-3.1951422691345215,9.411789894104004,2.368096113204956,-1.1488583087921143,8.770123481750488,7.304142951965332,15.65913200378418,7.7295756340026855,7.276419162750244,0.49249085783958435
esc50,non_emergency,audio,/kaggle/input/datasets/jeancdevx/esc-50/esc50/audio/2-103423-A-3.wav,4.0,0.1602497696876526,0.1942475438117981,0.053010613794820714,640.8700875664109,580.5968859160206,1059.4497011952192,27.598941802978516,-349.5043640136719,59.63277053833008,-349.5043640136719,59.63277053833008,-23.6816463470459,-3.1627049446105957,-5.850980758666992,0.6421495079994202,-0.20161019265651703,3.223829984664917,-6.931519031524658,-2.041043758392334,1.507643461227417,3.627289295196533,-2.8578076362609863
esc50,non_emergency,audio,/kaggle/input/datasets/jeancdevx/esc-50/esc50/audio/5-219044-A-46.wav,4.0,0.0754220187664032,0.06466388702392578,0.1305714641434263,1469.0630612247483,1309.2742591536237,2370.891434262948,7.892844200134277,-252.5195770263672,104.0636978149414,-252.5195770263672,104.0636978149414,-56.18505096435547,-21.64319610595703,-22.154756546020508,-13.698631286621094,-25.06536102294922,-19.25591468811035,-20.26378059387207,-7.255589008331299,-10.578405380249023,-4.2569193840026855,-8.464813232421875
esc50,non_emergency,audio,/kaggle/input/datasets/jeancdevx/esc-50/esc50/audio/4-182839-A-17.wav,4.0,0.07762902975082397,0.03948621079325676,0.1322211155378486,1795.6043228811382,1782.0406880943124,3493.276892430279,17.603374481201172,-239.05101013183594,72.66659545898438,-239.05101013183594,72.66659545898438,-35.83482360839844,-52.06104278564453,-36.421958923339844,-18.01959228515625,-22.765933990478516,-42.7967643737793,-26.958724975585938,1.5508904457092285,5.558204650878906,7.7095232009887695,1.3500968217849731
esc50,non_emergency,audio,/kaggle/input/datasets/jeancdevx/esc-50/esc50/audio/2-68595-B-15.wav,4.0,0.0037435900885611773,0.005612859036773443,0.12923306772908366,1843.2864455109964,1941.4100785375256,4024.277888446215,0.9886869192123413,-515.104248046875,86.73797607421875,-515.104248046875,86.73797607421875,8.612911224365234,13.141374588012695,2.799543619155884,0.6948689818382263,-3.8837783336639404,6.877073764801025,6.266108989715576,11.622140884399414,-5.185793399810791,-7.990572452545166,-6.491284370422363
esc50,non_emergency,audio,/kaggle/input/datasets/jeancdevx/esc-50/esc50/audio/3-158476-A-12.wav,4.0,0.012254156172275543,0.008351932279765606,0.041902701693227094,1409.322322654264,1989.9914417733025,3355.515438247012,3.0179948806762695,-513.6688842773438,69.32201385498047,-513.6688842773438,69.32201385498047,45.184478759765625,32.583187103271484,30.00691795349121,26.233667373657227,17.145343780517578,21.911724090576172,11.48363208770752,10.86564826965332,2.8299570083618164,7.335225582122803,1.2846145629882812
esc50,non_emergency,audio,/kaggle/input/datasets/jeancdevx/esc-50/esc50/audio/1-56233-A-9.wav,4.0,0.04496467486023903,0.03663135692477226,0.2545015251494024,2658.68270945929,1733.082569980245,5027.26593625498,10.299023628234863,-277.9908447265625,12.102201461791992,-277.9908447265625,12.102201461791992,-72.43473815917969,-14.602109909057617,-8.906547546386719,22.432998657226562,-49.365989685058594,0.5202273726463318,-14.576404571533203,12.913138389587402,-13.101881980895996,3.945133924484253,-17.574989318847656
esc50,non_emergency,audio,/kaggle/input/datasets/jeancdevx/esc-50/esc50/audio/4-180453-A-17.wav,4.0,0.005195863079279661,0.004198752343654633,0.2202051170318725,2722.9204259318267,2047.4231840970122,5216.197709163346,1.3528639078140259,-487.80511474609375,24.991573333740234,-487.80511474609375,24.991573333740234,-17.690031051635742,-0.821291983127594,-0.11323164403438568,20.219449996948242,1.546944260597229,3.5374159812927246,-2.7690932750701904,9.779441833496094,3.4487240314483643,9.835268020629883,6.932254314422607
esc50,non_emergency,audio,/kaggle/input/datasets/jeancdevx/esc-50/esc50/audio/1-17092-A-27.wav,4.0,0.00850540678948164,0.0023398608900606632,0.26138415089641437,2671.2645527250793,1882.3018544403867,4587.649402390438,2.145153522491455,-362.7740478515625,29.45620346069336,-362.7740478515625,29.45620346069336,-20.2679386138916,32.39008331298828,-2.6228981018066406,13.697388648986816,3.0061497688293457,7.612788677215576,8.542463302612305,4.06119441986084,3.0904908180236816,9.537178039550781,5.529215335845947
esc50,non_emergency,audio,/kaggle/input/datasets/jeancdevx/esc-50/esc50/audio/4-187504-B-17.wav,4.0,0.024620164185762405,0.05206574872136116,0.2913346613545817,3052.993418015206,1887.4341643323414,5270.044820717131,6.123915195465088,-405.76580810546875,-21.072948455810547,-405.76580810546875,-21.072948455810547,-68.6796646118164,-37.89799118041992,-20.83885955810547,-13.277715682983398,-14.122540473937988,5.555810451507568,0.8092913031578064,21.336471557617188,7.447811126708984,8.873263359069824,1.7261698246002197
esc50,non_emergency,audio,/kaggle/input/datasets/jeancdevx/esc-50/esc50/audio/3-251617-A-48.wav,4.0,0.02237960323691368,0.04169480502605438,0.058803847111553786,916.7523734496845,1127.3047864249781,1800.1120517928287,5.759770393371582,-407.28118896484375,122.10889434814453,-407.28118896484375,122.10889434814453,-1.6244120597839355,9.693758010864258,6.150550842285156,8.04034423828125,3.230926036834717,8.133362770080566,9.792927742004395,10.0005464553833,5.81668758392334,4.321537971496582,1.3795671463012695
esc50,non_emergency,audio,/kaggle/input/datasets/jeancdevx/esc-50/esc50/audio/2-109231-B-9.wav,4.0,0.07614386826753616,0.037138547748327255,0.20532712898406374,2032.714872515624,1443.5862865231636,3353.8969123505976,17.780500411987305,-212.5024871826172,60.569175720214844,-212.5024871826172,60.569175720214844,-63.851318359375,15.840486526489258,26.6441593170166,17.952219009399414,9.621809959411621,29.443992614746094,6.677925109863281,34.632850646972656,-3.5878093242645264,7.933084487915039,9.921219825744629
esc50,non_emergency,audio,/kaggle/input/datasets/jeancdevx/esc-50/esc50/audio/1-58277-A-3.wav,4.0,0.15708473324775696,0.15257947146892548,0.05972983067729084,602.4802998852736,581.8727123442826,965.1394422310757,11.40540885925293,-385.0928039550781,82.31580352783203,-385.0928039550781,82.31580352783203,-29.092912673950195,-9.324766159057617,-6.922169208526611,0.29202204942703247,0.8432577252388,7.344906806945801,-11.283150672912598,-15.917454719543457,-6.249217510223389,0.4440511465072632,-7.277351379394531
esc50,non_emergency,audio,/kaggle/input/datasets/jeancdevx/esc-50/esc50/audio/2-109374-A-16.wav,4.0,0.06339708715677261,0.011306182481348515,0.02349586030876494,443.06783148042376,988.3842895379569,515.7495019920319,13.427038192749023,-384.5666809082031,155.55577087402344,-384.5666809082031,155.55577087402344,39.76915740966797,42.22563552856445,33.915592193603516,17.983890533447266,-4.854348659515381,5.128494739532471,1.4712563753128052,3.456498384475708,-4.571408271789551,3.9698336124420166,2.905897378921509
esc50,non_emergency,audio,/kaggle/input/datasets/jeancdevx/esc-50/esc50/audio/1-104089-A-22.wav,4.0,0.07059252262115479,0.03429719805717468,0.26929780876494025,2694.163056552235,1934.588053965049,5093.500996015936,17.999347686767578,-163.03367614746094,21.732810974121094,-163.03367614746094,21.732810974121094,-57.432804107666016,-25.677959442138672,-20.484086990356445,-16.214439392089844,-18.642263412475586,-9.85247802734375,-15.706327438354492,-11.261941909790039,-12.79842472076416,-6.517728328704834,-11.76287841796875
esc50,non_emergency,audio,/kaggle/input/datasets/jeancdevx/esc-50/esc50/audio/2-122820-B-36.wav,4.0,0.14100420475006104,0.012184140272438526,0.2842458291832669,3040.703553515765,2198.450798833673,5790.89890438247,26.86296844482422,-58.63088607788086,23.496868133544922,-58.63088607788086,23.496868133544922,-8.804370880126953,3.0838990211486816,-15.062163352966309,-12.119791030883789,-19.373661041259766,-10.003915786743164,-16.858779907226562,-12.881143569946289,-9.540624618530273,-7.557921409606934,-11.596833229064941
esc50,non_emergency,audio,/kaggle/input/datasets/jeancdevx/esc-50/esc50/audio/5-208761-A-24.wav,4.0,0.012621340341866016,0.012941433116793633,0.1442394484561753,2050.927829080337,2100.3463951922063,4504.668824701195,2.7488324642181396,-444.68756103515625,74.22673034667969,-444.68756103515625,74.22673034667969,12.62891960144043,4.902788162231445,9.359429359436035,0.6967031955718994,-9.69841480255127,-19.092634201049805,-3.9214184284210205,5.644667625427246,-19.45273208618164,-4.297668933868408,3.3922951221466064
esc50,non_emergency,audio,/kaggle/input/datasets/jeancdevx/esc-50/esc50/audio/2-118459-B-32.wav,4.0,0.03017479181289673,0.02417449839413166,0.13568771787848605,2147.977189892766,1982.4354377447974,4477.527390438247,8.023674964904785,-289.88873291015625,59.7180290222168,-289.88873291015625,59.7180290222168,-2.4258432388305664,28.214738845825195,7.713281154632568,20.81576156616211,-0.8029466271400452,9.75076961517334,1.9531539678573608,7.932199478149414,1.412685513496399,5.118829727172852,1.0788036584854126
esc50,non_emergency,audio,/kaggle/input/datasets/jeancdevx/esc-50/esc50/audio/1-48298-A-46.wav,4.0,0.09240050613880157,0.048442814499139786,0.05413891309760956,867.6182745997999,1268.3599783276904,1600.2241035856573,16.729368209838867,-245.70587158203125,145.78176879882812,-245.70587158203125,145.78176879882812,4.711211681365967,18.781532287597656,10.813998222351074,11.415011405944824,4.241451263427734,9.476851463317871,-5.1230669021606445,2.7691845893859863,-0.46714863181114197,1.8071566820144653,0.8854204416275024
esc50,non_emergency,audio,/kaggle/input/datasets/jeancdevx/esc-50/esc50/audio/2-43806-A-42.wav,4.0,0.1657986044883728,0.06261993944644928,0.15979830677290838,1624.5308779024897,1568.8744883423892,3202.5024900398407,29.630081176757812,-238.59556579589844,95.17403411865234,-238.59556579589844,95.17403411865234,-6.425321102142334,10.763956069946289,11.79704475402832,38.707618713378906,-8.853936195373535,10.360198020935059,0.7181314826011658,26.107784271240234,-0.8426547646522522,9.052688598632812,6.50441837310791
esc50,non_emergency,audio,/kaggle/input/datasets/jeancdevx/esc-50/esc50/audio/5-222041-A-9.wav,4.0,0.12415765225887299,0.027881557121872902,0.17993650398406374,1968.6525117929068,1644.6475002170648,3653.9467131474103,27.598934173583984,-111.12142181396484,74.73697662353516,-111.12142181396484,74.73697662353516,-50.64300537109375,-9.167000770568848,17.430267333984375,29.261554718017578,-4.690464019775391,4.782524585723877,0.43453991413116455,12.090353012084961,-0.8558555245399475,17.290878295898438,-5.522096157073975
esc50,non_emergency,audio,/kaggle/input/datasets/jeancdevx/esc-50/esc50/audio/3-185456-A-29.wav,4.0,0.014092509634792805,0.011221208609640598,0.09792081673306773,1626.6930233826974,1712.767507415384,3266.8700199203186,3.4512202739715576,-397.59588623046875,93.03748321533203,-397.59588623046875,93.03748321533203,-5.67484712600708,22.65617561340332,5.4436354637146,2.331941843032837,-6.063066005706787,15.27105712890625,10.978311538696289,7.5170159339904785,-4.179455280303955,1.8421672582626343,6.730518341064453
esc50,non_emergency,audio,/kaggle/input/datasets/jeancdevx/esc-50/esc50/audio/3-197408-B-8.wav,4.0,0.24840694665908813,0.19211842119693756,0.1910288533366534,2021.465352305687,1468.1982377948948,3314.305278884462,53.547821044921875,-80.25988006591797,64.54722595214844,-80.25988006591797,64.54722595214844,-62.23853302001953,15.414900779724121,-16.04169273376465,-8.160651206970215,-10.038285255432129,10.225223541259766,4.5113043785095215,14.005215644836426,-8.841148376464844,-1.1491039991378784,-9.952801704406738
esc50,non_emergency,audio,/kaggle/input/datasets/jeancdevx/esc-50/esc50/audio/1-172649-A-40.wav,4.0,0.161539688706398,0.01547300349920988,0.25766076319721115,3154.636251273289,2663.180791417315,6429.8431274900395,37.91075134277344,-94.02420043945312,40.731693267822266,-94.02420043945312,40.731693267822266,56.699928283691406,17.119386672973633,16.690046310424805,5.539752006530762,-1.0072777271270752,17.17963409423828,-4.810323238372803,6.10965633392334,1.2203476428985596,5.088960647583008,-0.7225291728973389
esc50,non_emergency,audio,/kaggle/input/datasets/jeancdevx/esc-50/esc50/audio/4-185575-C-20.wav,4.0,0.0670548528432846,0.0712043046951294,0.17311612923306774,2120.4833136843986,1748.7798732674441,4053.037848605578,12.846364974975586,-319.92303466796875,40.21385192871094,-319.92303466796875,40.21385192871094,-37.81618118286133,-7.612996578216553,-5.649445056915283,-15.066808700561523,-16.900651931762695,-1.8235092163085938,-15.580469131469727,-2.6688320636749268,-5.632878303527832,-7.530999183654785,-2.2215147018432617
esc50,non_emergency,audio,/kaggle/input/datasets/jeancdevx/esc-50/esc50/audio/5-244459-A-28.wav,4.0,0.014166746288537979,0.01783887855708599,0.041272410358565735,1227.3944698811033,1823.480329455973,3160.981075697211,2.531191825866699,-480.4559020996094,92.72698211669922,-480.4559020996094,92.72698211669922,30.604549407958984,36.18476867675781,7.662904262542725,18.264652252197266,4.046236991882324,13.620872497558594,0.9668663144111633,6.1547675132751465,-0.1828652173280716,0.6645212173461914,-2.445197820663452
esc50,non_emergency,audio,/kaggle/input/datasets/jeancdevx/esc-50/esc50/audio/4-194246-A-13.wav,4.0,0.03179105371236801,0.014638801105320454,0.015197024402390439,882.4877693048608,1792.7961718509487,1982.507470119522,8.430375099182129,-457.51312255859375,87.80793762207031,-457.51312255859375,87.80793762207031,29.746042251586914,19.74007225036621,21.223520278930664,13.607783317565918,23.495708465576172,14.590799331665039,16.46463966369629,16.231292724609375,6.516254425048828,7.896724700927734,2.2277920246124268
esc50,non_emergency,audio,/kaggle/input/datasets/jeancdevx/esc-50/esc50/audio/1-96950-A-9.wav,4.0,0.03360080346465111,0.04637417942285538,0.18308406997011953,1909.6986551267175,1297.3818967148006,2835.159362549801,7.159628391265869,-515.768798828125,20.83182144165039,-515.768798828125,20.83182144165039,-93.95085144042969,-40.6985969543457,1.3877804279327393,-11.372167587280273,-13.699782371520996,-9.432031631469727,-13.871880531311035,4.755030632019043,-8.117864608764648,0.5285232067108154,5.233372211456299
esc50,non_emergency,audio,/kaggle/input/datasets/jeancdevx/esc-50/esc50/audio/3-160119-A-15.wav,4.0,0.0025068996474146843,0.00928474310785532,0.03367778884462151,618.0787677460746,591.2095329892957,1293.886952191235,0.5931157469749451,-687.68896484375,21.725282669067383,-687.68896484375,21.725282669067383,0.9170972108840942,3.8173375129699707,-0.798083484172821,1.6008036136627197,-1.9713339805603027,-0.7729101181030273,-3.4432663917541504,-3.9226224422454834,-4.8421478271484375,-3.961827516555786,-2.947817802429199
esc50,non_emergency,audio,/kaggle/input/datasets/jeancdevx/esc-50/esc50/audio/2-64963-A-15.wav,4.0,0.009139826521277428,0.01183745451271534,0.19565098979083664,2129.81715369529,1638.330069322044,3712.2758964143427,1.8367725610733032,-526.4287719726562,52.09539794921875,-526.4287719726562,52.09539794921875,-22.765357971191406,13.254087448120117,4.290323257446289,0.43941131234169006,-7.334096431732178,0.05743256211280823,5.351912021636963,12.509987831115723,5.627620220184326,-10.263320922851562,-15.755349159240723
esc50,non_emergency,audio,/kaggle/input/datasets/jeancdevx/esc-50/esc50/audio/3-126358-B-3.wav,4.0,0.0804954543709755,0.044551361352205276,0.06067915836653386,871.2566254490176,1051.282728625573,1523.468625498008,14.48122787475586,-284.1719055175781,155.25498962402344,-284.1719055175781,155.25498962402344,-29.167673110961914,9.251435279846191,4.827145576477051,10.884318351745605,13.582173347473145,14.95304012298584,-1.239513635635376,-0.10365471988916397,-2.2947025299072266,-2.1874568462371826,-1.196204423904419
esc50,non_emergency,audio,/kaggle/input/datasets/jeancdevx/esc-50/esc50/audio/3-136608-A-16.wav,4.0,0.11337246745824814,0.020912576466798782,0.10777203685258964,1474.6382930229784,1636.241810541261,3041.5836653386455,25.62142562866211,-119.610107421875,116.13920593261719,-119.610107421875,116.13920593261719,-9.70971393585205,-1.404773235321045,-16.322994232177734,2.5855674743652344,-7.415833950042725,0.49789494276046753,-0.8026562333106995,2.8049912452697754,1.655699610710144,2.897109031677246,-3.7903099060058594
esc50,non_emergency,audio,/kaggle/input/datasets/jeancdevx/esc-50/esc50/audio/1-54065-B-45.wav,4.0,0.1316232830286026,0.0692993625998497,0.06606776020916334,1016.379994901397,1259.5472172556465,1968.8745019920318,28.51797103881836,-180.93540954589844,147.05076599121094,-180.93540954589844,147.05076599121094,-4.395018577575684,23.317707061767578,-11.882216453552246,-3.066513776779175,-3.268481492996216,-0.8903347849845886,-5.656604766845703,-1.5351258516311646,-11.821880340576172,-5.599000453948975,-6.782597064971924
esc50,non_emergency,audio,/kaggle/input/datasets/jeancdevx/esc-50/esc50/audio/3-95695-A-5.wav,4.0,0.0287295114248991,0.05743968114256859,0.18013492903386455,2176.248176548505,1975.2529376154362,4492.467629482072,5.092239856719971,-381.4290771484375,66.79927062988281,-381.4290771484375,66.79927062988281,-9.316729545593262,7.178012847900391,-0.13417257368564606,3.316864490509033,-1.022868275642395,4.779484748840332,4.201967716217041,7.846099853515625,-5.117496013641357,2.0643420219421387,-3.6295077800750732
esc50,non_emergency,audio,/kaggle/input/datasets/jeancdevx/esc-50/esc50/audio/4-250869-C-2.wav,4.0,0.20645396411418915,0.13092324137687683,0.3288175423306773,2993.620252979614,1591.5906884859523,4695.094621513944,48.688350677490234,-116.56737518310547,-1.8437904119491577,-116.56737518310547,-1.8437904119491577,-33.11078643798828,38.34463119506836,-10.164603233337402,7.366114139556885,-0.09145498275756836,7.390178680419922,-2.9615824222564697,9.62507438659668,-10.997000694274902,6.6888556480407715,-4.413745403289795
esc50,non_emergency,audio,/kaggle/input/datasets/jeancdevx/esc-50/esc50/audio/3-119120-D-48.wav,4.0,0.01124683115631342,0.025633756071329117,0.1494140625,1609.3688997696793,1540.3180287904847,3047.808764940239,3.2079215049743652,-470.8481750488281,89.4189682006836,-470.8481750488281,89.4189682006836,-15.709927558898926,16.48371696472168,15.943963050842285,0.5483161211013794,-16.411340713500977,12.810698509216309,8.888470649719238,3.267481565475464,-5.207508087158203,5.6400465965271,10.944981575012207
esc50,non_emergency,audio,/kaggle/input/datasets/jeancdevx/esc-50/esc50/audio/5-215658-B-12.wav,4.0,0.12248998880386353,0.027474433183670044,0.027016932270916335,771.7367869193693,1473.8707227533516,1385.3959163346613,27.312517166137695,-310.8515319824219,92.61019897460938,-310.8515319824219,92.61019897460938,64.36988830566406,86.5867919921875,41.04484176635742,19.718524932861328,4.264180660247803,6.071002960205078,1.693853497505188,-9.569014549255371,-9.34937572479248,-1.0490984916687012,-4.573441505432129
esc50,non_emergency,audio,/kaggle/input/datasets/jeancdevx/esc-50/esc50/audio/2-106487-A-44.wav,4.0,0.11130724102258682,0.020828207954764366,0.02614152763944223,1449.2586957139504,1949.8400143576182,3587.836155378486,9.206976890563965,-222.5420379638672,79.6009521484375,-222.5420379638672,79.6009521484375,0.7427895069122314,18.2104434967041,14.253324508666992,17.945974349975586,5.290850639343262,9.721769332885742,17.119766235351562,13.557659149169922,7.181697368621826,16.110668182373047,4.166683673858643
esc50,non_emergency,audio,/kaggle/input/datasets/jeancdevx/esc-50/esc50/audio/2-70366-A-33.wav,4.0,0.0364607535302639,0.05467381328344345,0.06917252863545817,889.1415777219698,794.4129131027054,1799.9875498007968,8.224125862121582,-519.4688110351562,24.444133758544922,-519.4688110351562,24.444133758544922,-8.786158561706543,-0.29655584692955017,-2.24247407913208,2.2857847213745117,2.151721954345703,6.21848726272583,1.247227668762207,3.7220547199249268,2.2045795917510986,0.7428349256515503,-1.667928695678711
esc50,non_emergency,audio,/kaggle/input/datasets/jeancdevx/esc-50/esc50/audio/1-27165-A-35.wav,4.0,0.09141917526721954,0.007459705229848623,0.24115646787848605,2793.9028520499687,1922.0778812683066,5060.19671314741,16.527145385742188,-118.5057144165039,16.954448699951172,-118.5057144165039,16.954448699951172,-32.26266098022461,26.067054748535156,1.7192150354385376,10.21898365020752,-8.112438201904297,-7.1083664894104,-20.622770309448242,-3.4510395526885986,-15.790628433227539,-6.864231586456299,-10.325353622436523
esc50,non_emergency,audio,/kaggle/input/datasets/jeancdevx/esc-50/esc50/audio/2-28314-A-12.wav,4.0,0.01231689378619194,0.006390605587512255,0.08827191235059761,1955.0295385365446,2221.767066824697,4872.260956175299,3.048926830291748,-381.9523010253906,74.02157592773438,-381.9523010253906,74.02157592773438,28.853260040283203,20.159082412719727,11.752970695495605,13.618523597717285,5.043402194976807,15.893073081970215,2.942622661590576,12.164225578308105,1.295936107635498,4.467535018920898,-0.05823018401861191
esc50,non_emergency,audio,/kaggle/input/datasets/jeancdevx/esc-50/esc50/audio/2-78651-A-44.wav,4.0,0.06530053168535233,0.03203246742486954,0.117191390687251,1862.6227786100537,1870.8535438470647,3985.682270916335,16.540937423706055,-212.33462524414062,74.6015625,-212.33462524414062,74.6015625,-5.628296852111816,36.48932647705078,17.291261672973633,38.76705551147461,5.616879940032959,-7.098238945007324,-6.726706504821777,23.64832305908203,7.97367000579834,-12.263181686401367,-12.792926788330078
esc50,non_emergency,audio,/kaggle/input/datasets/jeancdevx/esc-50/esc50/audio/2-60794-A-26.wav,4.0,0.27935710549354553,0.11606297641992569,0.12075526020916334,1554.6043186002005,1389.2111559791251,2809.1384462151395,63.19577407836914,-87.07142639160156,92.17510986328125,-87.07142639160156,92.17510986328125,-58.6475830078125,-30.311677932739258,-45.93577194213867,-13.685489654541016,-15.176067352294922,-6.051199436187744,4.945515155792236,4.444788932800293,-19.813282012939453,-6.38157844543457,-12.898674011230469
esc50,non_emergency,audio,/kaggle/input/datasets/jeancdevx/esc-50/esc50/audio/1-56270-A-29.wav,4.0,0.018905378878116608,0.03955783694982529,0.07148748754980079,1065.4622053228402,947.3555058876027,1983.0677290836654,5.33189058303833,-552.44287109375,48.46588134765625,-552.44287109375,48.46588134765625,-0.7730289697647095,3.6729071140289307,-4.761068820953369,1.5423935651779175,0.022907940670847893,3.1869893074035645,0.15545010566711426,2.7779130935668945,-1.0296366214752197,0.9894663095474243,0.2906097173690796
esc50,non_emergency,audio,/kaggle/input/datasets/jeancdevx/esc-50/esc50/audio/2-79769-A-26.wav,4.0,0.11280011385679245,0.11161244660615921,0.07263913097609562,1285.0072314626211,1463.675693585062,2439.118525896414,28.066757202148438,-298.5898132324219,99.27883911132812,-298.5898132324219,99.27883911132812,-16.665279388427734,-1.1557940244674683,-10.076051712036133,-13.61416244506836,-22.044490814208984,-21.207162857055664,-7.373955726623535,-0.41935011744499207,-18.808944702148438,0.7151190042495728,6.5535125732421875
esc50,non_emergency,audio,/kaggle/input/datasets/jeancdevx/esc-50/esc50/audio/1-72695-A-26.wav,4.0,0.01826789602637291,0.03248250484466553,0.21296454805776893,2409.610210003806,1832.991983393849,4464.890438247012,5.397655487060547,-503.7140197753906,36.76995086669922,-503.7140197753906,36.76995086669922,-31.394363403320312,8.439268112182617,-6.378318786621094,7.841453552246094,-1.5443016290664673,4.2245259284973145,19.667329788208008,3.515836000442505,-6.04423189163208,7.415873050689697,7.516014575958252
esc50,non_emergency,audio,/kaggle/input/datasets/jeancdevx/esc-50/esc50/audio/2-85945-A-18.wav,4.0,0.03972107544541359,0.03713969141244888,0.22235666708167331,2567.588543798021,2084.371438277562,5124.937749003984,9.127351760864258,-229.74256896972656,45.84381866455078,-229.74256896972656,45.84381866455078,-8.933228492736816,12.627532958984375,-0.31716081500053406,8.159097671508789,-0.08334368467330933,9.422187805175781,1.2278698682785034,4.939990997314453,1.699571132659912,3.6381916999816895,-3.3832905292510986
esc50,non_emergency,audio,/kaggle/input/datasets/jeancdevx/esc-50/esc50/audio/5-194932-A-7.wav,4.0,0.06060206517577171,0.009002162143588066,0.0336933515936255,1044.4897678971536,1505.4604528199282,2031.6857569721114,4.287341594696045,-339.5016174316406,109.86156463623047,-339.5016174316406,109.86156463623047,9.999573707580566,3.73422908782959,6.200123310089111,8.026532173156738,-8.351794242858887,-2.772468328475952,-24.847476959228516,-9.902191162109375,-11.101470947265625,-1.1899135112762451,-5.948004722595215
esc50,non_emergency,audio,/kaggle/input/datasets/jeancdevx/esc-50/esc50/audio/5-187444-A-33.wav,4.0,0.07799668610095978,0.04315680265426636,0.22371062624501992,2650.078297677697,1990.9717842196194,5024.464641434263,11.082748413085938,-212.80982971191406,5.036029815673828,-212.80982971191406,5.036029815673828,-21.18501091003418,7.34002161026001,-5.841273784637451,20.36294174194336,-3.784261703491211,15.151009559631348,4.11337947845459,1.5209993124008179,0.45378318428993225,10.503867149353027,7.361922264099121
esc50,non_emergency,audio,/kaggle/input/datasets/jeancdevx/esc-50/esc50/audio/4-182314-B-7.wav,4.0,0.020477568730711937,0.005119435954838991,0.06136781000996016,1416.7212065227823,1862.8351495903005,3289.21812749004,4.072865009307861,-340.9857177734375,102.94657135009766,-340.9857177734375,102.94657135009766,11.14675235748291,12.230586051940918,13.238260269165039,17.197261810302734,3.951615571975708,5.718314170837402,2.6492207050323486,-0.019466081634163857,1.7026393413543701,10.259539604187012,-2.8274056911468506
esc50,non_emergency,audio,/kaggle/input/datasets/jeancdevx/esc-50/esc50/audio/3-166326-A-15.wav,4.0,0.006550842896103859,0.00781466905027628,0.292999875498008,2781.1931042140764,1380.5799937106142,4074.6389442231075,1.8617891073226929,-650.6277465820312,-26.42306900024414,-650.6277465820312,-26.42306900024414,-103.02240753173828,-21.082820892333984,9.950032234191895,13.280911445617676,-2.71140718460083,3.2749545574188232,0.12395498901605606,1.9990451335906982,1.307754635810852,3.823805809020996,0.2258363962173462
esc50,non_emergency,audio,/kaggle/input/datasets/jeancdevx/esc-50/esc50/audio/3-148330-A-21.wav,4.0,0.026225239038467407,0.0773901417851448,0.05154382470119522,614.2969733973414,521.5591698272756,1107.0094621513945,6.059083938598633,-522.6466064453125,18.889867782592773,-522.6466064453125,18.889867782592773,-6.4918413162231445,3.8567306995391846,1.2181850671768188,-3.573354482650757,-7.037793159484863,1.827269434928894,1.8930362462997437,0.496839314699173,-0.6880037188529968,1.2594200372695923,1.1524072885513306
esc50,non_emergency,audio,/kaggle/input/datasets/jeancdevx/esc-50/esc50/audio/4-145006-A-18.wav,4.0,0.12356594949960709,0.06526823341846466,0.22067589018924302,2438.152774117843,1985.5734002063987,4733.565737051793,28.556121826171875,-115.10832214355469,51.19490432739258,-115.10832214355469,51.19490432739258,-7.133247375488281,11.479562759399414,-4.761785507202148,3.945695400238037,-3.2582333087921143,4.27145528793335,-1.40168035030365,4.61119270324707,-0.5113332867622375,0.33523932099342346,-3.38073992729187
esc50,non_emergency,audio,/kaggle/input/datasets/jeancdevx/esc-50/esc50/audio/5-253534-A-26.wav,4.0,0.08819625526666641,0.07847199589014053,0.1702097858565737,1974.8373678017463,1520.086595420246,3740.6000996015937,24.084239959716797,-314.7154541015625,53.332298278808594,-314.7154541015625,53.332298278808594,-36.414451599121094,5.55703067779541,-35.50157165527344,0.8396638035774231,-32.58121871948242,-18.330556869506836,-19.62250518798828,-16.04480743408203,-5.035874366760254,-1.7616984844207764,-5.010344505310059
esc50,non_emergency,audio,/kaggle/input/datasets/jeancdevx/esc-50/esc50/audio/1-53444-A-28.wav,4.0,0.17796869575977325,0.15331467986106873,0.027581081922310756,1004.0903082073244,1668.0617940607694,2381.1005976095616,23.348207473754883,-286.5823974609375,104.0499038696289,-286.5823974609375,104.0499038696289,40.74730682373047,36.1281623840332,8.485776901245117,12.509142875671387,-0.782508373260498,7.192403793334961,-6.364933013916016,9.234075546264648,14.04984188079834,-4.772011756896973,3.883256196975708
esc50,non_emergency,audio,/kaggle/input/datasets/jeancdevx/esc-50/esc50/audio/4-201800-A-31.wav,4.0,0.0044391886331140995,0.011100828647613525,0.26529040089641437,2272.4485615509398,2277.251936511797,5182.8934262948205,1.369699239730835,-711.6409301757812,21.782447814941406,-711.6409301757812,21.782447814941406,13.759459495544434,6.612066268920898,6.5482048988342285,8.32208251953125,13.038941383361816,8.955352783203125,6.321879863739014,7.6117987632751465,6.923753261566162,7.894181251525879,9.759864807128906
esc50,non_emergency,audio,/kaggle/input/datasets/jeancdevx/esc-50/esc50/audio/4-160036-B-33.wav,4.0,0.045314088463783264,0.028339343145489693,0.028293077689243027,463.50846629266175,691.0941133104078,829.9302788844622,7.07551908493042,-452.7465515136719,161.36080932617188,-452.7465515136719,161.36080932617188,13.420544624328613,37.31127166748047,29.962678909301758,3.1152431964874268,4.685548782348633,15.517946243286133,-1.610520839691162,-9.737398147583008,9.515948295593262,19.10870933532715,3.5162835121154785
esc50,non_emergency,audio,/kaggle/input/datasets/jeancdevx/esc-50/esc50/audio/1-155858-E-25.wav,4.0,0.023043056949973106,0.038829296827316284,0.1297855453187251,1918.558303405553,1853.3221819761766,4019.422310756972,6.897989273071289,-365.64422607421875,81.74958038330078,-365.64422607421875,81.74958038330078,-11.572558403015137,3.521174669265747,-14.52497673034668,-5.520059585571289,-19.452049255371094,-18.08654022216797,-13.446952819824219,-10.126852989196777,-18.58327293395996,-12.773398399353027,-17.25806999206543
esc50,non_emergency,audio,/kaggle/input/datasets/jeancdevx/esc-50/esc50/audio/4-188191-B-29.wav,4.0,0.015261445194482803,0.021722570061683655,0.18020107071713148,2139.1764245362724,1865.1035166641395,4172.871015936255,3.669466018676758,-502.3808898925781,56.65077590942383,-502.3808898925781,56.65077590942383,-5.544360160827637,7.775325298309326,-14.501601219177246,-21.415536880493164,-11.968384742736816,-15.90701675415039,-16.639015197753906,0.3606888949871063,-2.869807481765747,-2.412010669708252,-2.7129154205322266
esc50,non_emergency,audio,/kaggle/input/datasets/jeancdevx/esc-50/esc50/audio/2-106881-A-39.wav,4.0,0.02448836900293827,0.03673280030488968,0.2482453000498008,2770.090925852124,1952.1546032647764,5149.900398406375,6.550399303436279,-333.73431396484375,22.524255752563477,-333.73431396484375,22.524255752563477,-40.26101303100586,-3.001614570617676,-3.464048385620117,-11.586189270019531,-12.48430061340332,-4.68554162979126,-5.425156116485596,-4.554147720336914,-9.128483772277832,-5.638484001159668,-10.688800811767578
esc50,non_emergency,audio,/kaggle/input/datasets/jeancdevx/esc-50/esc50/audio/4-207116-A-23.wav,4.0,0.006173693574965,0.003909201826900244,0.08331128610557768,1204.0448288070256,1438.6583917968308,2396.1030876494024,1.4679309129714966,-496.5014343261719,117.99735260009766,-496.5014343261719,117.99735260009766,-24.769489288330078,33.17051696777344,20.74791717529297,10.354708671569824,14.584249496459961,0.42165616154670715,3.841918468475342,1.7518415451049805,-3.880819320678711,4.4575066566467285,-5.525045394897461
esc50,non_emergency,audio,/kaggle/input/datasets/jeancdevx/esc-50/esc50/audio/2-77945-B-41.wav,4.0,0.21703238785266876,0.06593310087919235,0.301777265936255,3239.926488663675,2232.3976822824134,5929.594123505976,37.8320198059082,-39.26483917236328,10.175870895385742,-39.26483917236328,10.175870895385742,-7.160351276397705,6.547624111175537,-1.4728126525878906,4.458295822143555,-8.781564712524414,2.274907350540161,-7.1568121910095215,0.3395558297634125,-6.987246036529541,-2.9938735961914062,-7.598306179046631
esc50,non_emergency,audio,/kaggle/input/datasets/jeancdevx/esc-50/esc50/audio/3-141559-A-45.wav,4.0,0.13192987442016602,0.037591125816106796,0.06788082046812749,1301.2210564061081,1636.69800946247,2878.921812749004,28.605785369873047,-152.22482299804688,111.13468170166016,-152.22482299804688,111.13468170166016,2.7166552543640137,30.547700881958008,-0.7884673476219177,6.191354751586914,1.6936237812042236,4.582991123199463,-14.54867172241211,-9.750408172607422,-13.966207504272461,-1.3523330688476562,-7.284137725830078
esc50,non_emergency,audio,/kaggle/input/datasets/jeancdevx/esc-50/esc50/audio/2-119748-A-38.wav,4.0,0.006335665471851826,0.010997643694281578,0.05860931274900399,892.6525109957494,1230.1737564908708,1738.35906374502,1.2598737478256226,-651.4568481445312,92.427490234375,-651.4568481445312,92.427490234375,4.550571441650391,21.224557876586914,11.682995796203613,15.470812797546387,10.29958438873291,0.9302794933319092,-2.109492540359497,0.7076445817947388,8.672139167785645,3.2714881896972656,3.3097078800201416
esc50,non_emergency,audio,/kaggle/input/datasets/jeancdevx/esc-50/esc50/audio/4-164206-A-10.wav,4.0,0.06888679414987564,0.007180836051702499,0.24711311005976094,2615.5810519328093,2140.797562033849,5360.744521912351,15.396645545959473,-113.41875457763672,50.55031204223633,-113.41875457763672,50.55031204223633,-10.061821937561035,8.476615905761719,0.007349751424044371,6.136517524719238,3.7144863605499268,8.259777069091797,-0.04240169748663902,1.3922929763793945,-4.301382064819336,1.7816108465194702,-3.797154188156128
esc50,non_emergency,audio,/kaggle/input/datasets/jeancdevx/esc-50/esc50/audio/1-97793-A-31.wav,4.0,0.0010788926156237721,0.0035790628753602505,0.27572911479083667,2860.9852292556147,2202.1166834269648,5743.463645418326,0.3410990834236145,-735.2574462890625,39.158531188964844,-735.2574462890625,39.158531188964844,14.14520263671875,4.947335243225098,-2.44687557220459,-1.188933253288269,-2.429436445236206,-0.8443912863731384,0.8369077444076538,7.984655380249023,2.8515095710754395,3.787801504135132,-1.6319230794906616
esc50,non_emergency,audio,/kaggle/input/datasets/jeancdevx/esc-50/esc50/audio/3-144253-A-29.wav,4.0,0.021039556711912155,0.039356473833322525,0.27132096613545814,2556.1289515244475,1759.7182055395735,4428.411354581674,5.345157623291016,-478.0768127441406,43.259437561035156,-478.0768127441406,43.259437561035156,-8.430848121643066,17.38448715209961,-0.3217077851295471,0.6278989315032959,-7.785299777984619,-4.544509410858154,-2.2605905532836914,1.5778212547302246,-0.4108237326145172,-3.213083505630493,-6.773831844329834
esc50,non_emergency,audio,/kaggle/input/datasets/jeancdevx/esc-50/esc50/audio/5-219242-B-37.wav,4.0,0.03345828503370285,0.029263146221637726,0.4143659736055777,3902.0167412416704,1827.8725918240898,6042.392928286853,6.837723731994629,-499.699462890625,-26.514423370361328,-499.699462890625,-26.514423370361328,13.326944351196289,26.23574447631836,18.99312400817871,21.0242977142334,-14.373305320739746,21.34556007385254,21.644441604614258,-11.366495132446289,5.972442150115967,23.890993118286133,-17.674983978271484
esc50,non_emergency,audio,/kaggle/input/datasets/jeancdevx/esc-50/esc50/audio/1-208757-B-2.wav,4.0,0.08554350584745407,0.07790375500917435,0.12777406000996017,1740.2128743510532,1722.1033672016442,3677.4775896414344,19.143375396728516,-177.04322814941406,92.21752166748047,-177.04322814941406,92.21752166748047,-8.444016456604004,12.469554901123047,-31.97198486328125,2.8263022899627686,-10.031454086303711,-8.76972770690918,-14.936003684997559,-4.50508451461792,-9.147632598876953,-3.105191230773926,-11.527880668640137
esc50,non_emergency,audio,/kaggle/input/datasets/jeancdevx/esc-50/esc50/audio/5-117773-A-16.wav,4.0,0.10612781345844269,0.02795346826314926,0.022406467878486054,630.4465507101052,1248.6156101485947,1142.0567729083666,25.8576602935791,-277.4115905761719,137.5712127685547,-277.4115905761719,137.5712127685547,24.771881103515625,43.98110580444336,29.067604064941406,9.312941551208496,-1.3388466835021973,6.136481285095215,6.6049580574035645,8.168737411499023,-3.1811840534210205,-1.448522686958313,-2.9533543586730957
esc50,non_emergency,audio,/kaggle/input/datasets/jeancdevx/esc-50/esc50/audio/2-60900-A-22.wav,4.0,0.03598939999938011,0.023866528645157814,0.21168062126494025,1958.1112947806944,1403.8427098388217,3106.8849601593624,9.291656494140625,-272.7127380371094,70.474365234375,-272.7127380371094,70.474365234375,-75.78596496582031,-8.502279281616211,7.839872360229492,6.174543857574463,-17.95163345336914,17.27490234375,-2.752049446105957,2.553879737854004,6.340473175048828,5.736880779266357,0.8797272443771362
esc50,non_emergency,audio,/kaggle/input/datasets/jeancdevx/esc-50/esc50/audio/2-109371-B-16.wav,4.0,0.23766955733299255,0.06493760645389557,0.03835828560756972,793.9899735049836,1150.278142488007,1694.6588645418326,59.778629302978516,-151.84837341308594,152.39524841308594,-151.84837341308594,152.39524841308594,-17.972009658813477,34.57522964477539,11.730464935302734,10.382058143615723,-7.508605480194092,13.674825668334961,4.293879985809326,8.681537628173828,-5.922023773193359,-0.7723759412765503,-2.0581300258636475
esc50,non_emergency,audio,/kaggle/input/datasets/jeancdevx/esc-50/esc50/audio/4-164243-A-26.wav,4.0,0.14099271595478058,0.08605634421110153,0.1560554656374502,1871.2362242199542,1362.9012892474911,3171.1279880478087,39.74671936035156,-224.03903198242188,54.16276550292969,-224.03903198242188,54.16276550292969,-83.58586120605469,-5.1096367835998535,-28.376474380493164,-8.58414363861084,-10.501155853271484,-23.04830551147461,-11.576290130615234,-12.616053581237793,-9.623872756958008,16.146879196166992,-7.727905750274658
esc50,non_emergency,audio,/kaggle/input/datasets/jeancdevx/esc-50/esc50/audio/3-119120-A-48.wav,4.0,0.013632837682962418,0.024761220440268517,0.025289467131474102,619.3958323980436,1104.3193100254928,1192.7290836653387,3.829908847808838,-551.4598999023438,115.61219024658203,-551.4598999023438,115.61219024658203,35.57706069946289,26.81138038635254,13.907901763916016,9.420821189880371,9.605511665344238,13.211530685424805,10.012048721313477,6.570509433746338,3.8927364349365234,2.451294183731079,2.5676465034484863
esc50,non_emergency,audio,/kaggle/input/datasets/jeancdevx/esc-50/esc50/audio/4-132383-B-2.wav,4.0,0.04740607365965843,0.0363091416656971,0.13448160483067728,1772.230395902656,1746.7048376396083,3682.3331673306775,11.560205459594727,-269.82269287109375,88.98516845703125,-269.82269287109375,88.98516845703125,-5.307018756866455,14.24782657623291,-13.77460765838623,1.862257719039917,-15.896052360534668,-6.835026264190674,-15.936513900756836,-6.329261302947998,-10.678560256958008,-5.1562819480896,-9.430848121643066
esc50,non_emergency,audio,/kaggle/input/datasets/jeancdevx/esc-50/esc50/audio/5-179294-A-46.wav,4.0,0.035282012075185776,0.00820918194949627,0.12268115039840638,1344.4799060842925,1303.5931883970968,2586.4043824701193,6.0383710861206055,-265.7575378417969,130.36212158203125,-265.7575378417969,130.36212158203125,-36.472476959228516,25.807636260986328,-20.059471130371094,1.104805827140808,-4.205611228942871,7.980412483215332,-7.4584641456604,6.228122711181641,2.2010722160339355,3.345688581466675,0.2123388797044754
esc50,non_emergency,audio,/kaggle/input/datasets/jeancdevx/esc-50/esc50/audio/1-47819-C-5.wav,4.0,0.0030093668028712273,0.00238093757070601,0.1536977091633466,2140.207796609467,2023.3618702769886,4609.99750996016,0.5984948873519897,-499.23260498046875,65.88436889648438,-499.23260498046875,65.88436889648438,1.485156774520874,19.926105499267578,5.017014026641846,12.897494316101074,2.1521031856536865,3.675802707672119,-7.7702860832214355,-1.0188902616500854,-5.3556928634643555,3.7351901531219482,-3.0990331172943115
esc50,non_emergency,audio,/kaggle/input/datasets/jeancdevx/esc-50/esc50/audio/3-159346-A-36.wav,4.0,0.09776069223880768,0.005627229809761047,0.18884228710159362,2111.871828213452,1883.0322677604292,4411.977091633466,21.305463790893555,-95.16658782958984,73.80829620361328,-95.16658782958984,73.80829620361328,-22.657394409179688,8.063273429870605,-0.15587636828422546,2.717792510986328,-11.404397964477539,3.2012531757354736,-10.543662071228027,4.623143196105957,-10.532845497131348,-2.718972682952881,-6.713262557983398
esc50,non_emergency,audio,/kaggle/input/datasets/jeancdevx/esc-50/esc50/audio/4-161519-A-19.wav,4.0,0.0768008902668953,0.06631502509117126,0.020702346862549802,345.409429299448,581.0650230779474,636.64093625498,17.532005310058594,-395.1330261230469,202.4888916015625,-395.1330261230469,202.4888916015625,54.926822662353516,-10.03926944732666,8.966341018676758,25.823326110839844,12.091946601867676,1.5631847381591797,4.2382893562316895,5.100316524505615,2.971884250640869,2.785022497177124,3.3258965015411377
esc50,non_emergency,audio,/kaggle/input/datasets/jeancdevx/esc-50/esc50/audio/3-253084-E-2.wav,4.0,0.06695238500833511,0.07782269269227982,0.1934799863047809,2353.5314483689153,1923.9827886022724,4515.749501992032,15.262737274169922,-293.8916320800781,60.99594497680664,-293.8916320800781,60.99594497680664,3.264169692993164,6.037116050720215,-11.582883834838867,18.77398681640625,-17.111534118652344,1.3153966665267944,2.6993677616119385,0.35681673884391785,2.6390931606292725,9.588920593261719,1.9849883317947388
esc50,non_emergency,audio,/kaggle/input/datasets/jeancdevx/esc-50/esc50/audio/5-241846-A-15.wav,4.0,0.006662375293672085,0.014180908910930157,0.09289793949203187,3172.150358089964,2643.6829424705365,6539.778386454183,1.5120527744293213,-560.1075439453125,10.342233657836914,-560.1075439453125,10.342233657836914,39.30970001220703,9.983433723449707,20.882827758789062,10.691289901733398,6.211307525634766,0.3794400095939636,3.179111957550049,2.493473768234253,2.0695877075195312,1.6682720184326172,0.6979591846466064
esc50,non_emergency,audio,/kaggle/input/datasets/jeancdevx/esc-50/esc50/audio/2-118459-A-32.wav,4.0,0.038783010095357895,0.02735937014222145,0.15392336902390438,2236.7311540601995,2016.9525233434151,4653.137450199203,9.988001823425293,-243.0821533203125,57.75475311279297,-243.0821533203125,57.75475311279297,-3.4818813800811768,26.799346923828125,6.610528945922852,18.602487564086914,-0.6321671009063721,12.718802452087402,2.5026259422302246,6.956830024719238,-2.0881600379943848,3.9708197116851807,1.1476002931594849
esc50,non_emergency,audio,/kaggle/input/datasets/jeancdevx/esc-50/esc50/audio/5-177957-A-40.wav,4.0,0.2642628252506256,0.04500557854771614,0.011411385707171314,496.91813245212904,1239.3004328518573,589.6414342629482,53.85514450073242,-263.69677734375,133.0839385986328,-263.69677734375,133.0839385986328,43.665828704833984,32.23013687133789,26.499109268188477,22.263647079467773,18.160127639770508,8.444543838500977,3.9263901710510254,21.293537139892578,-9.858534812927246,20.247299194335938,-5.0962677001953125
esc50,non_emergency,audio,/kaggle/input/datasets/jeancdevx/esc-50/esc50/audio/5-260011-A-34.wav,4.0,0.012993903830647469,0.044678207486867905,0.1042081673306773,971.8479819550934,430.85922526299674,1437.2509960159362,4.039130210876465,-623.7744140625,-8.67130184173584,-623.7744140625,-8.67130184173584,-5.505561828613281,3.1839959621429443,-3.9823880195617676,4.719867706298828,-1.7273881435394287,9.056489944458008,-1.6736664772033691,1.7217397689819336,-1.7748785018920898,1.6388541460037231,-3.7225613594055176
esc50,non_emergency,audio,/kaggle/input/datasets/jeancdevx/esc-50/esc50/audio/4-119720-A-18.wav,4.0,0.04341074451804161,0.02629503421485424,0.19044135956175298,2381.1383486142468,2064.327377791072,4875.996015936255,9.747566223144531,-258.0038757324219,40.30418014526367,-258.0038757324219,40.30418014526367,8.083131790161133,25.865863800048828,10.722413063049316,-1.6512916088104248,-0.2711678743362427,0.9755616188049316,-2.4640848636627197,-1.258875846862793,-7.904276371002197,-3.2891645431518555,-10.577679634094238
esc50,non_emergency,audio,/kaggle/input/datasets/jeancdevx/esc-50/esc50/audio/5-198411-F-20.wav,4.0,0.09318362921476364,0.08601424843072891,0.23212229208167331,2475.885797576595,1496.4162790722748,3989.0438247011953,18.230371475219727,-314.86181640625,-16.81060218811035,-314.86181640625,-16.81060218811035,-61.368900299072266,25.628459930419922,5.864777088165283,-4.850806713104248,-3.2313382625579834,26.371355056762695,6.34806489944458,2.6621930599212646,10.324443817138672,21.020898818969727,6.642765998840332
esc50,non_emergency,audio,/kaggle/input/datasets/jeancdevx/esc-50/esc50/audio/1-45645-A-31.wav,4.0,0.006374254357069731,0.004426291212439537,0.1602496264940239,2403.796952126366,2242.3982549743937,5312.873505976096,1.5722321271896362,-400.35308837890625,55.46622085571289,-400.35308837890625,55.46622085571289,11.350994110107422,21.043014526367188,5.142386436462402,10.703173637390137,6.952835559844971,8.65368366241455,3.608717918395996,8.352526664733887,1.4347268342971802,6.64724063873291,0.9582905769348145
esc50,non_emergency,audio,/kaggle/input/datasets/jeancdevx/esc-50/esc50/audio/5-184871-A-24.wav,4.0,0.07972446829080582,0.12092176079750061,0.1383684013944223,1684.1777992730176,1560.0642726100045,3467.0069721115538,21.03401756286621,-362.90594482421875,37.33828353881836,-362.90594482421875,37.33828353881836,-10.298410415649414,-12.039835929870605,0.37881410121917725,2.6007747650146484,-13.425277709960938,-7.518880367279053,-11.243840217590332,-3.251528024673462,-2.0753355026245117,-6.6670002937316895,-4.881577968597412
esc50,non_emergency,audio,/kaggle/input/datasets/jeancdevx/esc-50/esc50/audio/3-127890-C-9.wav,4.0,0.08833689987659454,0.038392677903175354,0.1892780440737052,1896.975325626779,1405.3963647304622,2966.2599601593624,18.822385787963867,-181.71620178222656,76.43733978271484,-181.71620178222656,76.43733978271484,-74.43302154541016,12.746944427490234,38.21968078613281,10.542112350463867,2.7040512561798096,16.471092224121094,0.9422072768211365,25.17027473449707,-15.202759742736816,11.903834342956543,1.9007612466812134
esc50,non_emergency,audio,/kaggle/input/datasets/jeancdevx/esc-50/esc50/audio/5-188365-A-36.wav,4.0,0.30636125802993774,0.010883347131311893,0.22621233814741035,3133.0613535658313,2055.9142512036065,5754.0463147410355,47.495948791503906,-23.261045455932617,-18.95509910583496,-23.261045455932617,-18.95509910583496,-49.64162063598633,-4.21846866607666,-13.744952201843262,-19.631303787231445,-28.1240234375,-16.410737991333008,-23.641515731811523,-26.969213485717773,-24.13509750366211,-8.610217094421387,-10.780802726745605
esc50,non_emergency,audio,/kaggle/input/datasets/jeancdevx/esc-50/esc50/audio/1-103298-A-9.wav,4.0,0.12260103225708008,0.05364106968045235,0.07998474850597609,1616.7620852500709,2007.2234792598283,4093.3142430278886,28.048521041870117,-183.2530975341797,81.8465805053711,-183.2530975341797,81.8465805053711,11.904634475708008,17.567363739013672,25.208404541015625,28.478099822998047,3.4396586418151855,11.617890357971191,6.813006401062012,13.780316352844238,-1.8897281885147095,10.59374713897705,-4.577569007873535
esc50,non_emergency,audio,/kaggle/input/datasets/jeancdevx/esc-50/esc50/audio/1-46353-A-49.wav,4.0,0.0361466221511364,0.017859848216176033,0.2932449887948207,2935.703160879374,2005.5676261552032,5353.274402390438,9.074578285217285,-216.2418212890625,23.0544490814209,-216.2418212890625,23.0544490814209,-23.152313232421875,4.4338698387146,-16.275102615356445,2.70381236076355,-8.17171573638916,8.38257122039795,-0.7024762630462646,0.5718516111373901,-3.645693063735962,2.760556936264038,-1.793715000152588
esc50,non_emergency,audio,/kaggle/input/datasets/jeancdevx/esc-50/esc50/audio/1-115545-C-48.wav,4.0,0.012851067818701267,0.02647886797785759,0.06837104706175298,864.4692660517335,992.7135705806537,1554.0338645418326,3.243382453918457,-478.7766418457031,144.69418334960938,-478.7766418457031,144.69418334960938,-6.2893829345703125,-1.6422911882400513,7.0101637840271,2.271843671798706,-2.065208673477173,1.694747805595398,-0.021312212571501732,1.4512776136398315,3.5924839973449707,3.7848217487335205,0.24300320446491241
esc50,non_emergency,audio,/kaggle/input/datasets/jeancdevx/esc-50/esc50/audio/5-233607-A-39.wav,4.0,0.026486605405807495,0.09472989290952682,0.13292143924302788,1074.5277300630096,577.772900094747,1732.1339641434263,5.966159820556641,-579.0339965820312,-3.4759137630462646,-579.0339965820312,-3.4759137630462646,0.8761880993843079,-1.6160567998886108,-2.7511754035949707,-1.5226839780807495,-3.675729274749756,-0.7812581062316895,-3.0892457962036133,-3.060421943664551,-2.9745607376098633,-1.9501230716705322,-3.5041251182556152
esc50,non_emergency,audio,/kaggle/input/datasets/jeancdevx/esc-50/esc50/audio/1-80840-A-13.wav,4.0,0.006334293633699417,0.0014915575738996267,0.32358456797808766,3217.19574900054,2408.938278673156,6119.397410358566,1.2325576543807983,-449.77001953125,37.79661178588867,-449.77001953125,37.79661178588867,42.42689514160156,13.958755493164062,17.295387268066406,43.65341567993164,-5.392803192138672,14.997193336486816,1.9604177474975586,1.7415004968643188,-4.180812835693359,14.092133522033691,-22.33681297302246
esc50,non_emergency,audio,/kaggle/input/datasets/jeancdevx/esc-50/esc50/audio/3-87936-A-46.wav,4.0,0.07777959853410721,0.03277762606739998,0.06312640064741036,805.204686843955,828.39495789729,1293.949203187251,7.922532081604004,-339.2886657714844,165.40728759765625,-339.2886657714844,165.40728759765625,-35.23466491699219,-5.5593767166137695,-12.661906242370605,-28.791566848754883,-24.99707794189453,-15.518305778503418,-12.227452278137207,-13.975545883178711,-17.28620147705078,-15.709456443786621,-14.952154159545898
esc50,non_emergency,audio,/kaggle/input/datasets/jeancdevx/esc-50/esc50/audio/5-233645-A-37.wav,4.0,0.02472240850329399,0.026121215894818306,0.14019702440239043,1715.9762631300082,1160.695361484075,3032.868525896414,5.886538982391357,-609.9574584960938,18.781749725341797,-609.9574584960938,18.781749725341797,3.717393636703491,20.26774787902832,12.475384712219238,13.171722412109375,-8.679228782653809,21.17571449279785,5.755546569824219,-14.282344818115234,11.432806968688965,10.290813446044922,-18.36146354675293
esc50,non_emergency,audio,/kaggle/input/datasets/jeancdevx/esc-50/esc50/audio/1-68670-A-34.wav,4.0,0.029198460280895233,0.0774458721280098,0.14846084412350596,2437.6907355518156,2275.444013749871,5435.6947211155375,7.299681663513184,-456.2754821777344,39.58273696899414,-456.2754821777344,39.58273696899414,25.993825912475586,19.69053840637207,11.757631301879883,15.878119468688965,1.2631348371505737,9.997706413269043,5.760044574737549,6.2613444328308105,5.59340763092041,7.890480995178223,3.9456536769866943
esc50,non_emergency,audio,/kaggle/input/datasets/jeancdevx/esc-50/esc50/audio/3-118658-B-41.wav,4.0,0.2639998197555542,0.03228482976555824,0.07788377739043825,2076.392398959891,2019.1253540824596,4532.557270916334,20.868267059326172,-82.17091369628906,55.35371780395508,-82.17091369628906,55.35371780395508,-19.713001251220703,9.693646430969238,7.488050937652588,19.77103614807129,6.897161483764648,8.680154800415039,-3.7551567554473877,-0.08527065813541412,-2.965183734893799,17.751659393310547,-2.6331899166107178
esc50,non_emergency,audio,/kaggle/input/datasets/jeancdevx/esc-50/esc50/audio/3-132601-A-24.wav,4.0,0.007826368324458599,0.021335406228899956,0.03288019795816733,582.3767390525975,700.4447569839068,1294.820717131474,2.1728875637054443,-657.6759033203125,23.40714454650879,-657.6759033203125,23.40714454650879,5.887768745422363,7.5690813064575195,4.539899826049805,5.320095539093018,1.3408559560775757,-3.0201358795166016,1.549808382987976,2.7617383003234863,-0.8353919386863708,0.3212844133377075,0.31493204832077026
esc50,non_emergency,audio,/kaggle/input/datasets/jeancdevx/esc-50/esc50/audio/3-120644-A-12.wav,4.0,0.019549300894141197,0.006758684292435646,0.04002739043824701,1349.8630257578288,2067.3054622751365,3593.563247011952,4.598834991455078,-459.3111267089844,59.11209487915039,-459.3111267089844,59.11209487915039,46.074527740478516,39.93686294555664,26.8096981048584,25.640974044799805,18.360897064208984,20.616355895996094,13.595046997070312,13.587752342224121,6.016432762145996,8.196438789367676,7.6557841300964355
esc50,non_emergency,audio,/kaggle/input/datasets/jeancdevx/esc-50/esc50/audio/1-27403-A-28.wav,4.0,0.061754100024700165,0.07193241268396378,0.08838085159362549,1763.6220426716782,2009.9611055238822,4160.669820717131,8.166373252868652,-334.56292724609375,79.99913024902344,-334.56292724609375,79.99913024902344,23.12109375,25.563596725463867,-1.8422021865844727,4.030395030975342,-1.3813941478729248,17.8936710357666,7.28355598449707,10.073285102844238,4.114485263824463,-2.237316131591797,-4.4930949211120605
esc50,non_emergency,audio,/kaggle/input/datasets/jeancdevx/esc-50/esc50/audio/4-192236-A-0.wav,4.0,0.04760860279202461,0.07736498862504959,0.06649573580677291,1022.1680741464287,1207.435444720936,1830.4282868525897,11.963662147521973,-419.4422302246094,91.48613739013672,-419.4422302246094,91.48613739013672,2.574908971786499,-7.018491268157959,-22.797639846801758,-7.1907172203063965,-7.166329383850098,-15.060484886169434,1.3955609798431396,-1.420117735862732,1.1260210275650024,4.203663349151611,7.8658833503723145
esc50,non_emergency,audio,/kaggle/input/datasets/jeancdevx/esc-50/esc50/audio/5-235874-A-28.wav,4.0,0.010572925209999084,0.013870717957615852,0.12542797559760957,1925.9603007139624,2163.659747014503,4635.831673306773,1.5724668502807617,-608.2702026367188,67.78240203857422,-608.2702026367188,67.78240203857422,42.73892593383789,14.879755973815918,7.40306282043457,14.023395538330078,-0.5100879073143005,1.0133576393127441,-11.25606918334961,-9.34543228149414,-12.07421588897705,-7.046917915344238,-9.577211380004883
esc50,non_emergency,audio,/kaggle/input/datasets/jeancdevx/esc-50/esc50/audio/1-84536-A-39.wav,4.0,0.04785562679171562,0.09127304702997208,0.16535420816733068,1890.6378148389097,1620.7739632400067,3934.3251992031874,12.227200508117676,-420.0843505859375,29.103897094726562,-420.0843505859375,29.103897094726562,7.086122512817383,4.608911037445068,6.003653526306152,4.494081020355225,4.2297043800354,6.069582939147949,2.451174736022949,2.07766056060791,3.8186118602752686,2.4734952449798584,1.151546835899353
esc50,non_emergency,audio,/kaggle/input/datasets/jeancdevx/esc-50/esc50/audio/2-70052-B-42.wav,4.0,0.27318793535232544,0.12343800812959671,0.15578700821713148,1834.095675934525,1252.5819569314344,2976.1578685258964,46.51234817504883,-162.1870574951172,51.007041931152344,-162.1870574951172,51.007041931152344,-85.66069793701172,-6.368851661682129,-13.745915412902832,19.487836837768555,16.9432430267334,0.4556396007537842,-10.981786727905273,2.717083215713501,3.482109546661377,20.65114402770996,-6.929379940032959
esc50,non_emergency,audio,/kaggle/input/datasets/jeancdevx/esc-50/esc50/audio/1-22882-A-44.wav,4.0,0.08943673223257065,0.020122788846492767,0.08689849975099602,1634.048599974954,1610.5035001503247,3326.4442231075695,15.852967262268066,-162.9522247314453,92.41442108154297,-162.9522247314453,92.41442108154297,-34.19546890258789,28.69465446472168,0.1689550131559372,23.53629493713379,4.79995584487915,16.276172637939453,-0.7969791889190674,7.838533401489258,9.068802833557129,2.716348886489868,3.504244804382324
esc50,non_emergency,audio,/kaggle/input/datasets/jeancdevx/esc-50/esc50/audio/2-80482-A-20.wav,4.0,0.036176491528749466,0.03015829436480999,0.2798610246513944,3129.6099755928963,1931.1286143435868,5576.195219123506,9.422745704650879,-419.58990478515625,-57.097843170166016,-419.58990478515625,-57.097843170166016,-74.32283782958984,-29.106679916381836,-21.36026954650879,-19.83009147644043,-2.7475478649139404,-16.39569854736328,-7.181807994842529,-4.3000898361206055,0.67022305727005,-5.349917888641357,-13.53254508972168
esc50,non_emergency,audio,/kaggle/input/datasets/jeancdevx/esc-50/esc50/audio/4-165813-B-19.wav,4.0,0.11402134597301483,0.1306879222393036,0.03566203934262948,589.2163825825244,933.048557613919,904.8182270916335,26.06850814819336,-355.53094482421875,182.84194946289062,-355.53094482421875,182.84194946289062,27.871057510375977,7.606568336486816,18.5838623046875,4.813081741333008,-0.33857330679893494,2.8762550354003906,-0.5592629313468933,-4.297636032104492,-3.034044027328491,-0.913517415523529,-5.262087345123291
esc50,non_emergency,audio,/kaggle/input/datasets/jeancdevx/esc-50/esc50/audio/1-223162-A-25.wav,4.0,0.006319218315184116,0.03080229088664055,0.004972298306772908,128.86723002736875,158.37002796368483,240.47559760956176,1.8496848344802856,-595.7899780273438,10.632912635803223,-595.7899780273438,10.632912635803223,2.1283211708068848,1.7897822856903076,1.049594759941101,1.773730754852295,0.5974867343902588,0.5761643648147583,0.18665578961372375,0.5154679417610168,0.3201805651187897,0.4106643497943878,-0.04020514711737633
esc50,non_emergency,audio,/kaggle/input/datasets/jeancdevx/esc-50/esc50/audio/4-172736-A-36.wav,4.0,0.17157553136348724,0.02704804390668869,0.20841244397410358,2249.7147979513065,1840.438488664753,4339.516932270916,36.70237350463867,-40.73194885253906,60.370628356933594,-40.73194885253906,60.370628356933594,-36.67525863647461,0.05915926769375801,-18.795719146728516,-16.33727264404297,-9.738215446472168,-0.23848965764045715,-8.153999328613281,1.8085688352584839,-10.664620399475098,-6.069342613220215,-8.32325267791748
esc50,non_emergency,audio,/kaggle/input/datasets/jeancdevx/esc-50/esc50/audio/4-172500-C-27.wav,4.0,0.013505600392818451,0.0032348360400646925,0.17818958540836655,2299.9929086697657,1945.0864175975414,4404.506972111554,2.9615752696990967,-331.322265625,43.124549865722656,-331.322265625,43.124549865722656,-31.908159255981445,20.82016944885254,17.444242477416992,9.988903999328613,2.9013402462005615,6.547074317932129,14.440591812133789,14.549470901489258,17.075510025024414,7.772241115570068,1.714264154434204
esc50,non_emergency,audio,/kaggle/input/datasets/jeancdevx/esc-50/esc50/audio/1-72195-B-37.wav,4.0,0.22491882741451263,0.2529050409793854,0.30278495393426297,2821.7513685617455,1601.9266931326717,4190.11454183267,38.52366638183594,-436.7593688964844,-5.969992160797119,-436.7593688964844,-5.969992160797119,3.8294692039489746,37.34590530395508,9.432761192321777,12.6743745803833,-17.966154098510742,28.818519592285156,15.46723461151123,-25.31028938293457,11.510697364807129,17.420982360839844,-11.696723937988281
esc50,non_emergency,audio,/kaggle/input/datasets/jeancdevx/esc-50/esc50/audio/3-163459-A-0.wav,4.0,0.01801321841776371,0.048599906265735626,0.05259431025896414,747.8838593340521,797.0812842216951,1412.4750996015937,4.115379333496094,-564.1145629882812,48.569854736328125,-564.1145629882812,48.569854736328125,-17.072324752807617,-5.247201442718506,7.317742824554443,1.8590205907821655,5.143039226531982,5.831705093383789,3.095468759536743,0.5817811489105225,1.4714007377624512,3.4806647300720215,0.3423416316509247
esc50,non_emergency,audio,/kaggle/input/datasets/jeancdevx/esc-50/esc50/audio/4-181035-A-38.wav,4.0,0.01056002639234066,0.023748017847537994,0.09825152514940239,1516.9420692781534,1776.0696097425644,3418.5756972111553,2.7670342922210693,-635.5311889648438,50.545684814453125,-635.5311889648438,50.545684814453125,-0.8789594769477844,14.070369720458984,12.584904670715332,10.131523132324219,12.35998821258545,6.194049835205078,-0.42933008074760437,-1.5249900817871094,-3.1863675117492676,-1.1009631156921387,-4.7669477462768555
esc50,non_emergency,audio,/kaggle/input/datasets/jeancdevx/esc-50/esc50/audio/3-94342-A-25.wav,4.0,0.07750212401151657,0.04103165864944458,0.19641745517928286,3048.991505882623,2305.340911852126,5880.104581673307,20.2531681060791,-196.71218872070312,4.968912124633789,-196.71218872070312,4.968912124633789,-0.6555565595626831,11.222331047058105,-0.05750885605812073,15.219720840454102,7.246684551239014,14.069217681884766,10.529865264892578,14.695122718811035,8.99160385131836,12.150798797607422,6.644334316253662
esc50,non_emergency,audio,/kaggle/input/datasets/jeancdevx/esc-50/esc50/audio/5-203128-B-0.wav,4.0,0.08146683126688004,0.09679770469665527,0.12403510956175298,1550.473060533658,1423.045275037879,2674.5517928286854,22.32102394104004,-341.684814453125,85.47045135498047,-341.684814453125,85.47045135498047,-51.13819885253906,-34.37076187133789,-18.427532196044922,-12.090580940246582,-3.3577239513397217,-6.756422996520996,7.372192859649658,1.8095773458480835,12.563309669494629,18.820724487304688,5.359128952026367
esc50,non_emergency,audio,/kaggle/input/datasets/jeancdevx/esc-50/esc50/audio/4-99644-B-4.wav,4.0,0.10423662513494492,0.05171352997422218,0.24297730951195218,1932.6953704871146,857.3907685982462,2313.620517928287,26.067140579223633,-306.6597595214844,40.483455657958984,-306.6597595214844,40.483455657958984,-151.88206481933594,-0.5674541592597961,5.531386852264404,-3.7718682289123535,46.338321685791016,45.383941650390625,-1.0141979455947876,-27.265827178955078,-1.3028393983840942,25.9063777923584,-5.6060309410095215
esc50,non_emergency,audio,/kaggle/input/datasets/jeancdevx/esc-50/esc50/audio/4-204777-C-39.wav,4.0,0.3166601061820984,0.3127530515193939,0.31225099601593626,2844.694537879312,1824.682116760172,5104.021414342629,72.94645690917969,-136.79306030273438,9.321386337280273,-136.79306030273438,9.321386337280273,-6.64435338973999,6.627390384674072,-1.0708673000335693,2.082810401916504,-3.4490807056427,0.6588634252548218,-1.9086923599243164,2.2251498699188232,-3.4662725925445557,1.9376559257507324,-2.6840362548828125
esc50,non_emergency,audio,/kaggle/input/datasets/jeancdevx/esc-50/esc50/audio/3-158056-A-31.wav,4.0,0.0010159832891076803,0.002112324582412839,0.4760761640936255,4389.759471752195,2210.71345788531,6771.414342629482,0.3212492763996124,-767.8101196289062,-42.35481262207031,-767.8101196289062,-42.35481262207031,12.92788028717041,6.771422863006592,19.353456497192383,12.910901069641113,9.410971641540527,9.24746322631836,-0.3197566270828247,8.780733108520508,7.057915687561035,16.01434898376465,2.45845103263855
esc50,non_emergency,audio,/kaggle/input/datasets/jeancdevx/esc-50/esc50/audio/1-181071-A-40.wav,4.0,0.09894490242004395,0.0189533568918705,0.06723496638446215,959.0350852417283,1031.4471040338817,1846.5512948207172,21.815105438232422,-208.69212341308594,171.15567016601562,-208.69212341308594,171.15567016601562,-40.00545120239258,42.51601791381836,-24.183368682861328,9.09402084350586,-19.294906616210938,-9.231155395507812,-14.330828666687012,-7.932233810424805,-6.820919513702393,1.389960527420044,-5.848109245300293
esc50,non_emergency,audio,/kaggle/input/datasets/jeancdevx/esc-50/esc50/audio/5-211197-A-24.wav,4.0,0.01615039072930813,0.028414594009518623,0.16694160856573706,2008.3640189026771,1860.690914200013,4045.256474103586,4.132702827453613,-467.7452392578125,64.32008361816406,-467.7452392578125,64.32008361816406,-14.54227066040039,-5.794976234436035,6.79036283493042,-1.6020227670669556,-6.574193477630615,-11.94714641571045,-4.125077724456787,5.075110912322998,-5.119455337524414,-0.4831271767616272,-1.9562464952468872
esc50,non_emergency,audio,/kaggle/input/datasets/jeancdevx/esc-50/esc50/audio/4-182395-A-0.wav,4.0,0.010819319635629654,0.03936923295259476,0.01901378859561753,295.7426082554238,373.3012278614529,468.0652390438247,2.3908305168151855,-606.6276245117188,30.50200843811035,-606.6276245117188,30.50200843811035,10.277257919311523,-4.416163444519043,-1.287056803703308,-0.1783117800951004,-3.5009114742279053,-2.471984624862671,-2.515144109725952,1.8174480199813843,1.0467816591262817,-1.0259464979171753,-1.231811761856079
esc50,non_emergency,audio,/kaggle/input/datasets/jeancdevx/esc-50/esc50/audio/5-262957-A-22.wav,4.0,0.21744787693023682,0.023558495566248894,0.2731340263944223,2635.8998038240215,1806.0324795605172,4758.030378486056,49.701602935791016,-16.673866271972656,22.095998764038086,-16.673866271972656,22.095998764038086,-57.17035675048828,-3.1565909385681152,-23.214536666870117,-17.63597297668457,-26.08470344543457,-9.816729545593262,-21.55571937561035,-15.914238929748535,-20.71822738647461,-9.385750770568848,-16.516775131225586
esc50,non_emergency,audio,/kaggle/input/datasets/jeancdevx/esc-50/esc50/audio/5-205898-A-40.wav,4.0,0.14399243891239166,0.045000266283750534,0.06768628610557768,1062.9451763510367,1442.5735395310833,1931.7729083665338,22.907852172851562,-165.00796508789062,135.6586456298828,-165.00796508789062,135.6586456298828,-0.36461785435676575,12.43986988067627,10.48165512084961,12.180317878723145,-0.9800575375556946,1.7059768438339233,8.312134742736816,14.62177848815918,3.363349437713623,0.8766871094703674,-1.6764823198318481
esc50,non_emergency,audio,/kaggle/input/datasets/jeancdevx/esc-50/esc50/audio/1-155858-D-25.wav,4.0,0.011393651366233826,0.015069299377501011,0.17572288969123506,2140.209970355683,1879.9249447206369,4307.395418326693,3.377581834793091,-392.542236328125,72.8956527709961,-392.542236328125,72.8956527709961,-29.93328285217285,-9.562289237976074,-8.993510246276855,-6.269456386566162,-15.404373168945312,-7.103023529052734,-8.834503173828125,-0.7265489101409912,-8.358222961425781,-5.3177571296691895,-9.919130325317383
esc50,non_emergency,audio,/kaggle/input/datasets/jeancdevx/esc-50/esc50/audio/1-50688-A-17.wav,4.0,0.004749127198010683,0.004173713270574808,0.29142414716135456,3293.6783677343074,1960.4787801203097,5638.01045816733,1.324745535850525,-518.4472045898438,-12.329444885253906,-518.4472045898438,-12.329444885253906,-36.94413375854492,-15.773447036743164,-9.595353126525879,11.768274307250977,1.1053466796875,0.9677572250366211,-5.961847305297852,2.4455089569091797,1.3401217460632324,7.1759748458862305,-0.3466118574142456
esc50,non_emergency,audio,/kaggle/input/datasets/jeancdevx/esc-50/esc50/audio/5-235671-A-38.wav,4.0,0.017313441261649132,0.01121668703854084,0.025052135209163346,969.9028670140585,1581.4837132829082,2080.179282868526,4.288310527801514,-516.9564208984375,80.3419418334961,-516.9564208984375,80.3419418334961,12.060754776000977,27.558635711669922,19.331470489501953,22.549442291259766,6.838504791259766,14.42098331451416,13.1683988571167,12.246883392333984,7.792730808258057,14.582636833190918,10.103423118591309
esc50,non_emergency,audio,/kaggle/input/datasets/jeancdevx/esc-50/esc50/audio/2-73260-A-10.wav,4.0,0.034608036279678345,0.008368968963623047,0.08019873630478087,1600.9266303384381,1943.2912237840983,3644.6090637450197,7.878716945648193,-255.35252380371094,98.81379699707031,-255.35252380371094,98.81379699707031,4.791414260864258,11.2564058303833,10.528672218322754,4.10207986831665,3.2741539478302,4.166036128997803,0.1169443354010582,3.9961998462677,-1.213419795036316,2.6573355197906494,-1.3885133266448975
esc50,non_emergency,audio,/kaggle/input/datasets/jeancdevx/esc-50/esc50/audio/4-144083-B-16.wav,4.0,0.06253194808959961,0.014425489120185375,0.0504933391434263,662.6209665791333,937.0313909494399,1069.285358565737,13.566827774047852,-299.16864013671875,187.48411560058594,-299.16864013671875,187.48411560058594,5.486003875732422,7.558786869049072,7.491874694824219,8.26706600189209,-10.351212501525879,-0.381896436214447,-4.462817668914795,-2.5249364376068115,-1.8906118869781494,9.389158248901367,4.968672752380371
esc50,non_emergency,audio,/kaggle/input/datasets/jeancdevx/esc-50/esc50/audio/5-234247-A-37.wav,4.0,0.07303076982498169,0.042334020137786865,0.29486740537848605,2667.391251807441,1527.3401349644746,4331.113047808765,7.522034168243408,-264.7122802734375,-2.015977621078491,-264.7122802734375,-2.015977621078491,-84.68256378173828,-13.831912994384766,-73.54756927490234,-20.556285858154297,-14.471939086914062,-1.733636736869812,-27.820453643798828,-15.98975944519043,-14.427242279052734,-22.456703186035156,-8.33913516998291
esc50,non_emergency,audio,/kaggle/input/datasets/jeancdevx/esc-50/esc50/audio/1-73585-A-7.wav,4.0,0.13499239087104797,0.01707109808921814,0.15327751494023906,2084.227605279333,1892.84804971198,4146.227589641434,28.497819900512695,-83.22093200683594,68.64995574951172,-83.22093200683594,68.64995574951172,-19.93741226196289,8.750811576843262,-15.75708293914795,3.0660037994384766,-10.01618766784668,-18.366186141967773,-14.206990242004395,-10.158058166503906,-12.834997177124023,-7.423302173614502,-8.145034790039062
esc50,non_emergency,audio,/kaggle/input/datasets/jeancdevx/esc-50/esc50/audio/4-186693-A-17.wav,4.0,0.03681972995400429,0.039049986749887466,0.3043879170816733,3156.571625365282,1817.8947042269638,5240.537848605578,10.61078929901123,-321.5264587402344,-15.342312812805176,-321.5264587402344,-15.342312812805176,-49.44295883178711,-2.305302143096924,-10.37759017944336,6.2306294441223145,6.104033470153809,-1.0303605794906616,-6.138423919677734,-6.163143634796143,-19.914798736572266,-10.431920051574707,-13.136209487915039
esc50,non_emergency,audio,/kaggle/input/datasets/jeancdevx/esc-50/esc50/audio/5-156999-D-19.wav,4.0,0.4524238109588623,0.1613556146621704,0.013240008715139442,230.96140653174638,496.2633923601037,329.4322709163347,90.57723999023438,-284.5833740234375,189.18052673339844,-284.5833740234375,189.18052673339844,59.61560821533203,24.89327049255371,21.91977882385254,17.340545654296875,13.800119400024414,13.2577543258667,9.777008056640625,7.461026191711426,7.562868118286133,6.744326591491699,4.568103313446045
esc50,non_emergency,audio,/kaggle/input/datasets/jeancdevx/esc-50/esc50/audio/4-143118-B-7.wav,4.0,0.052475545555353165,0.016644641757011414,0.05401052041832669,894.9698102384294,1262.4731218574266,1590.2639442231075,11.61145305633545,-272.7205505371094,152.6025848388672,-272.7205505371094,152.6025848388672,-2.9412899017333984,10.247386932373047,8.326279640197754,8.723003387451172,4.98444128036499,6.404270648956299,-1.7218563556671143,-0.04549643397331238,-5.114616870880127,1.017819881439209,-3.575033664703369
esc50,non_emergency,audio,/kaggle/input/datasets/jeancdevx/esc-50/esc50/audio/2-105270-A-47.wav,4.0,0.01744028367102146,0.0047836098819971085,0.01797886578685259,685.0165969181091,1199.351743538475,1134.1508964143427,2.2593839168548584,-452.7498779296875,155.90951538085938,-452.7498779296875,155.90951538085938,23.430831909179688,14.338359832763672,7.856828689575195,23.513141632080078,-0.6140594482421875,9.801576614379883,2.9822559356689453,7.001372337341309,-4.269049644470215,-0.9357708096504211,-5.958902835845947
esc50,non_emergency,audio,/kaggle/input/datasets/jeancdevx/esc-50/esc50/audio/3-142005-A-10.wav,4.0,0.09226599335670471,0.032531216740608215,0.19718002988047809,2476.3897960347967,2291.981761197727,5616.347111553785,21.55008316040039,-116.12976837158203,63.92604064941406,-116.12976837158203,63.92604064941406,5.548939228057861,-10.985067367553711,-4.772300720214844,5.86997127532959,-3.5814905166625977,2.5746052265167236,-5.632983684539795,2.2512924671173096,-3.430449962615967,2.9007961750030518,-3.753415107727051
esc50,non_emergency,audio,/kaggle/input/datasets/jeancdevx/esc-50/esc50/audio/2-72547-D-14.wav,4.0,0.014034380204975605,0.015682518482208252,0.22885411479083664,2179.767497613591,1654.1284190604547,3724.72609561753,2.264894962310791,-451.27862548828125,80.91023254394531,-451.27862548828125,80.91023254394531,15.289365768432617,20.85373878479004,-40.40398025512695,25.560792922973633,-29.061582565307617,-14.155824661254883,-0.3843870162963867,2.7012999057769775,5.5182785987854,7.416191577911377,3.084383964538574
esc50,non_emergency,audio,/kaggle/input/datasets/jeancdevx/esc-50/esc50/audio/4-215635-A-34.wav,4.0,0.010976789519190788,0.02435985393822193,0.24378657246015936,2372.6068919021864,1341.4630803798686,3888.1349601593624,3.2852330207824707,-611.1111450195312,-13.29501724243164,-611.1111450195312,-13.29501724243164,1.6312814950942993,12.035773277282715,1.3569073677062988,17.250930786132812,0.7186605334281921,0.9514392614364624,-3.5158684253692627,1.9351361989974976,2.085557222366333,0.5090605616569519,1.236447811126709
esc50,non_emergency,audio,/kaggle/input/datasets/jeancdevx/esc-50/esc50/audio/2-39443-B-19.wav,4.0,0.13305741548538208,0.15075460076332092,0.0778370891434263,1007.7836119659967,987.6113016726922,1869.957669322709,31.04876708984375,-241.87655639648438,170.59803771972656,-241.87655639648438,170.59803771972656,-38.97651672363281,3.3564414978027344,5.9150800704956055,1.0056726932525635,-0.9259793162345886,-7.990170001983643,-0.8373693227767944,-1.826546311378479,-3.9949464797973633,1.7324323654174805,-4.973751068115234
esc50,non_emergency,audio,/kaggle/input/datasets/jeancdevx/esc-50/esc50/audio/2-102567-D-35.wav,4.0,0.23859310150146484,0.050667885690927505,0.04656763570717132,1211.7458841528237,1915.1268949703801,3410.109561752988,46.05153274536133,-150.42225646972656,87.26339721679688,-150.42225646972656,87.26339721679688,35.53761672973633,35.16616439819336,19.049774169921875,27.788692474365234,6.9397664070129395,7.191343307495117,9.165189743041992,2.861969470977783,4.745560646057129,-0.13362303376197815,0.16604413092136383
esc50,non_emergency,audio,/kaggle/input/datasets/jeancdevx/esc-50/esc50/audio/2-85292-A-24.wav,4.0,0.03733406215906143,0.07515199482440948,0.04215559636454183,1151.8060273677054,1706.9478576216366,2776.518924302789,9.98800277709961,-481.1181640625,79.54645538330078,-481.1181640625,79.54645538330078,18.019332885742188,21.12544059753418,12.839727401733398,6.689240455627441,9.146980285644531,8.299488067626953,4.956872940063477,6.3352952003479,2.8435585498809814,5.7929182052612305,4.139491558074951
esc50,non_emergency,audio,/kaggle/input/datasets/jeancdevx/esc-50/esc50/audio/5-234855-A-25.wav,4.0,0.006436699070036411,0.009633359499275684,0.1631870953685259,2281.983672784031,2157.5565469711505,4951.381972111554,1.6498255729675293,-479.1349792480469,51.29218292236328,-479.1349792480469,51.29218292236328,12.898630142211914,23.960742950439453,13.386417388916016,14.691485404968262,3.8501176834106445,9.273213386535645,5.149016380310059,8.6049165725708,1.9052724838256836,6.351298809051514,-0.02943073958158493
esc50,non_emergency,audio,/kaggle/input/datasets/jeancdevx/esc-50/esc50/audio/2-108763-A-9.wav,4.0,0.08999067544937134,0.05052953585982323,0.17692900273904383,1956.4781268671654,1652.7219634223868,3717.131474103586,18.038578033447266,-197.92633056640625,60.008853912353516,-197.92633056640625,60.008853912353516,-61.36327362060547,-47.10251998901367,-28.812213897705078,-9.321955680847168,-49.436988830566406,-21.791109085083008,-29.96933364868164,-16.711091995239258,-24.719928741455078,-19.208120346069336,-13.267074584960938
esc50,non_emergency,audio,/kaggle/input/datasets/jeancdevx/esc-50/esc50/audio/1-9886-A-49.wav,4.0,0.05375239998102188,0.035222481936216354,0.3521422124003984,3174.1138665181456,2009.23603892594,5421.688247011953,13.087331771850586,-214.65982055664062,20.7316951751709,-214.65982055664062,20.7316951751709,-2.0504705905914307,11.686141967773438,-23.098678588867188,7.127389907836914,-3.9211549758911133,-1.5539780855178833,-13.459131240844727,6.066169738769531,-8.109663963317871,-6.1070098876953125,2.467123031616211
esc50,non_emergency,audio,/kaggle/input/datasets/jeancdevx/esc-50/esc50/audio/4-99193-A-4.wav,4.0,0.07602113485336304,0.05764694884419441,0.16428815986055778,1513.2376105273543,985.633096288566,2127.614541832669,20.274763107299805,-271.6864318847656,120.76377868652344,-271.6864318847656,120.76377868652344,-97.81600189208984,8.385709762573242,-6.841244220733643,-4.145158767700195,-37.86992263793945,-6.008687973022461,-4.075769901275635,-16.974119186401367,-4.18953275680542,-7.087069034576416,-3.2062947750091553
esc50,non_emergency,audio,/kaggle/input/datasets/jeancdevx/esc-50/esc50/audio/4-167077-B-20.wav,4.0,0.08900187164545059,0.08308829367160797,0.1302913346613546,1986.5054930273839,1789.4930404452773,3866.035856573705,18.50580406188965,-305.3821105957031,47.337223052978516,-305.3821105957031,47.337223052978516,-18.114347457885742,0.9628533124923706,-10.779285430908203,-20.111608505249023,10.296567916870117,7.396130084991455,0.5785704851150513,-6.084565162658691,-5.008171081542969,5.508237838745117,1.5839403867721558
esc50,non_emergency,audio,/kaggle/input/datasets/jeancdevx/esc-50/esc50/audio/5-180156-C-43.wav,4.0,0.2041522115468979,0.07926130294799805,0.14546112425298804,1496.764918901437,1531.9678044358218,2849.601593625498,31.277320861816406,-98.32987213134766,107.91801452636719,-98.32987213134766,107.91801452636719,-22.761951446533203,14.539823532104492,-2.3886358737945557,21.45477867126465,-4.634091377258301,5.582089424133301,1.446962594985962,5.038858413696289,-2.6589701175689697,5.709784984588623,-2.8652241230010986
esc50,non_emergency,audio,/kaggle/input/datasets/jeancdevx/esc-50/esc50/audio/3-152912-A-26.wav,4.0,0.06509014964103699,0.11306976526975632,0.04266138570717132,721.3336087994866,852.5799280059279,1552.788844621514,18.349809646606445,-375.55328369140625,47.79970932006836,-375.55328369140625,47.79970932006836,9.242919921875,8.899023056030273,3.381692409515381,0.94761723279953,-0.03452972695231438,9.893315315246582,-1.3199187517166138,7.814017295837402,-4.379642009735107,0.7426043748855591,2.100294828414917
esc50,non_emergency,audio,/kaggle/input/datasets/jeancdevx/esc-50/esc50/audio/3-138114-A-22.wav,4.0,0.1355275958776474,0.03566942736506462,0.22885800547808766,2460.7731245797086,1718.24520085267,4356.573705179283,31.44609832763672,-92.90998840332031,20.454238891601562,-92.90998840332031,20.454238891601562,-80.974365234375,-24.27582550048828,-27.814165115356445,-25.992050170898438,-24.947843551635742,-10.905364990234375,-23.568479537963867,-10.193146705627441,-9.683802604675293,-6.6259284019470215,-8.063819885253906
esc50,non_emergency,audio,/kaggle/input/datasets/jeancdevx/esc-50/esc50/audio/1-57163-A-38.wav,4.0,0.0073056090623140335,0.009329313412308693,0.21715870891434264,2458.829433382264,1835.4918588811045,4651.892430278885,2.082531452178955,-591.6744384765625,25.943567276000977,-591.6744384765625,25.943567276000977,-49.688350677490234,-20.64603614807129,-10.687801361083984,9.501652717590332,-3.136143684387207,4.0321044921875,-1.1071721315383911,0.5599724650382996,-17.71845054626465,-4.000180244445801,-12.810042381286621
esc50,non_emergency,audio,/kaggle/input/datasets/jeancdevx/esc-50/esc50/audio/3-140774-A-10.wav,4.0,0.09652978181838989,0.018038298934698105,0.07719901643426295,1139.39148277219,1343.7195067094492,2216.633466135458,22.311729431152344,-168.900146484375,139.11607360839844,-168.900146484375,139.11607360839844,-15.40596866607666,24.160541534423828,-5.894703388214111,9.117366790771484,-16.786476135253906,-1.519661545753479,-9.310548782348633,5.263379096984863,-4.130269527435303,3.8930163383483887,-1.2129379510879517
esc50,non_emergency,audio,/kaggle/input/datasets/jeancdevx/esc-50/esc50/audio/1-211527-C-20.wav,4.0,0.07814468443393707,0.06206323578953743,0.2566258403884462,2672.343770280521,1536.8931637225598,4276.332171314741,18.857309341430664,-318.509033203125,-19.27341079711914,-318.509033203125,-19.27341079711914,-46.33849334716797,8.203431129455566,-34.08156204223633,18.61809730529785,9.847238540649414,0.06609426438808441,-11.825291633605957,6.042281150817871,8.612598419189453,16.851720809936523,49.72337341308594
esc50,non_emergency,audio,/kaggle/input/datasets/jeancdevx/esc-50/esc50/audio/3-117504-B-16.wav,4.0,0.04009219631552696,0.0037975457962602377,0.0837003548306773,1217.7696909127872,1403.2954605504806,2119.5841633466134,8.768109321594238,-252.30113220214844,132.25787353515625,-252.30113220214844,132.25787353515625,-22.520153045654297,-3.0536482334136963,-7.504323959350586,-5.211614608764648,-7.36414909362793,-8.057724952697754,-0.7301321029663086,6.568849563598633,-3.091848850250244,6.885265350341797,5.335634231567383
esc50,non_emergency,audio,/kaggle/input/datasets/jeancdevx/esc-50/esc50/audio/4-181362-A-13.wav,4.0,0.002666063839569688,0.0006546619115397334,0.13575385956175298,2124.757150966577,2125.608822403697,4785.171812749004,0.579472005367279,-492.64703369140625,64.8067398071289,-492.64703369140625,64.8067398071289,-2.3413844108581543,11.937430381774902,-5.336465358734131,-8.449419021606445,-10.797131538391113,-14.270468711853027,-15.273674964904785,-15.269811630249023,-18.401063919067383,-14.137056350708008,-15.451924324035645
esc50,non_emergency,audio,/kaggle/input/datasets/jeancdevx/esc-50/esc50/audio/5-179496-B-16.wav,4.0,0.3050970733165741,0.10045969486236572,0.06635178037848606,1180.6100729492525,1427.8638290866982,2493.152390438247,43.00539779663086,-142.50096130371094,109.06514739990234,-142.50096130371094,109.06514739990234,0.011556921526789665,32.68098068237305,-21.14000129699707,-15.287117004394531,-0.45095720887184143,14.471219062805176,-19.192033767700195,3.0814051628112793,0.7187290787696838,-8.589892387390137,5.457640171051025
esc50,non_emergency,audio,/kaggle/input/datasets/jeancdevx/esc-50/esc50/audio/4-172500-D-27.wav,4.0,0.013867887668311596,0.007177880499511957,0.0938511578685259,1738.049087831823,1849.9649339719124,3624.7509960159364,2.9345967769622803,-382.3675231933594,74.16000366210938,-382.3675231933594,74.16000366210938,-12.657615661621094,36.48124694824219,12.70236587524414,1.445967197418213,8.353459358215332,15.143566131591797,1.6438244581222534,6.562413215637207,12.268476486206055,9.582295417785645,1.0839029550552368
esc50,non_emergency,audio,/kaggle/input/datasets/jeancdevx/esc-50/esc50/audio/5-191497-A-33.wav,4.0,0.023938124999403954,0.02342502400279045,0.09552026269920319,1498.0322204119307,1566.2330250523075,2969.9950199203186,5.364143371582031,-383.5886535644531,91.3364028930664,-383.5886535644531,91.3364028930664,-19.591930389404297,17.256635665893555,-2.716801881790161,15.78490924835205,-0.40248903632164,7.145769119262695,-0.9269116520881653,11.068633079528809,6.947083950042725,-0.5024227499961853,-3.9064300060272217
esc50,non_emergency,audio,/kaggle/input/datasets/jeancdevx/esc-50/esc50/audio/5-233605-A-39.wav,4.0,0.019171733409166336,0.0802086889743805,0.11185725846613546,1006.6829532724018,580.3696746725988,1708.7898406374502,4.837359428405762,-654.4923706054688,-4.05270528793335,-654.4923706054688,-4.05270528793335,0.8833315372467041,2.0072622299194336,-0.6198206543922424,-0.5493195652961731,-3.08365797996521,-2.2603676319122314,-2.954892635345459,-2.8290646076202393,-3.314767599105835,-2.1881015300750732,-2.933626890182495
esc50,non_emergency,audio,/kaggle/input/datasets/jeancdevx/esc-50/esc50/audio/5-250026-A-30.wav,4.0,0.009192164056003094,0.01573416404426098,0.17838411977091634,1548.7837060368624,1482.2693863090576,3168.077689243028,2.588336944580078,-674.506591796875,110.50716400146484,-674.506591796875,110.50716400146484,14.823979377746582,-6.410243988037109,-0.8500166535377502,1.7404037714004517,-0.2771206498146057,-1.6049662828445435,-0.6656068563461304,-0.5074782967567444,0.10064113885164261,1.0604445934295654,-2.001955986022949
esc50,non_emergency,audio,/kaggle/input/datasets/jeancdevx/esc-50/esc50/audio/5-209989-A-22.wav,4.0,0.004548310302197933,0.0028377212584018707,0.154312437749004,2307.2124249944486,1902.6781979602852,4450.82171314741,1.3146315813064575,-457.9574890136719,59.8365592956543,-457.9574890136719,59.8365592956543,-29.388051986694336,-3.359353542327881,-2.8734476566314697,6.313682556152344,-1.2232660055160522,6.813789367675781,3.124361991882324,7.678881645202637,-0.5419337749481201,5.918879985809326,-0.24116235971450806
esc50,non_emergency,audio,/kaggle/input/datasets/jeancdevx/esc-50/esc50/audio/2-56926-A-46.wav,4.0,0.08542147278785706,0.07649900019168854,0.10531312250996015,1336.0206648706653,1281.8649118567917,2380.042330677291,6.24215030670166,-309.72149658203125,97.18712615966797,-309.72149658203125,97.18712615966797,-35.594871520996094,3.9603402614593506,-18.195615768432617,0.05274534970521927,-14.906808853149414,-6.196385383605957,-8.353278160095215,-16.67071533203125,-17.12080192565918,-6.584383010864258,-9.083152770996094
esc50,non_emergency,audio,/kaggle/input/datasets/jeancdevx/esc-50/esc50/audio/5-207681-A-24.wav,4.0,0.09220439195632935,0.13524998724460602,0.2247144235557769,2545.3548338202863,2075.784826394837,5068.911852589641,23.85451889038086,-283.73126220703125,41.191165924072266,-283.73126220703125,41.191165924072266,10.080426216125488,9.453255653381348,-16.198503494262695,-21.524024963378906,-26.141740798950195,-14.79471206665039,1.8521859645843506,-2.3182218074798584,-7.998069763183594,12.726984977722168,-2.0327019691467285
esc50,non_emergency,audio,/kaggle/input/datasets/jeancdevx/esc-50/esc50/audio/4-202749-A-13.wav,4.0,0.008392713963985443,0.0026400552596896887,0.4213886640936255,3145.5400405092646,1469.8553790613823,3779.320219123506,1.9410195350646973,-470.54949951171875,38.779632568359375,-470.54949951171875,38.779632568359375,14.489592552185059,37.432098388671875,-44.58863830566406,17.844079971313477,17.734195709228516,-39.456058502197266,22.81170654296875,-12.681926727294922,-24.626054763793945,26.207487106323242,-19.31278419494629
esc50,non_emergency,audio,/kaggle/input/datasets/jeancdevx/esc-50/esc50/audio/1-62509-A-45.wav,4.0,0.09612829983234406,0.03269987180829048,0.08450961777888447,1386.7800139417666,1684.470997375713,3052.2285856573703,21.171945571899414,-159.1494903564453,115.76225280761719,-159.1494903564453,115.76225280761719,5.7895965576171875,17.41251564025879,-4.0062785148620605,7.040831089019775,-7.760725498199463,5.842257499694824,-8.902911186218262,3.6301848888397217,-3.6803083419799805,1.913291335105896,-2.293269395828247
esc50,non_emergency,audio,/kaggle/input/datasets/jeancdevx/esc-50/esc50/audio/2-96033-A-13.wav,4.0,0.07477949559688568,0.013384277001023293,0.14869428535856574,2342.6618899959444,2632.3539600962667,5620.642430278885,17.02256202697754,-341.0491638183594,107.2981185913086,-341.0491638183594,107.2981185913086,84.62734985351562,-8.677736282348633,56.882564544677734,12.042880058288574,9.24884033203125,25.057218551635742,-9.476227760314941,25.414762496948242,-18.634944915771484,22.048248291015625,-18.485620498657227
esc50,non_emergency,audio,/kaggle/input/datasets/jeancdevx/esc-50/esc50/audio/4-188287-A-9.wav,4.0,0.07016555219888687,0.0963011309504509,0.1798781436752988,1628.39144406385,764.7082383003776,2397.5348605577688,17.845088958740234,-420.0677185058594,55.58563995361328,-420.0677185058594,55.58563995361328,-127.20396423339844,-5.691708564758301,16.0216007232666,3.5282514095306396,11.363752365112305,-31.418731689453125,-17.998136520385742,-1.5306590795516968,-4.155113697052002,13.940524101257324,2.785984992980957
esc50,non_emergency,audio,/kaggle/input/datasets/jeancdevx/esc-50/esc50/audio/1-81269-A-3.wav,4.0,0.06271886080503464,0.07004133611917496,0.09173462400398406,1399.9455789643032,1490.19004546816,2774.215637450199,5.921610355377197,-357.2953186035156,99.99929809570312,-357.2953186035156,99.99929809570312,-17.403406143188477,11.111028671264648,-8.865896224975586,8.366107940673828,-5.096320629119873,-6.810162544250488,-1.7265970706939697,-8.27819538116455,-15.004046440124512,-11.130107879638672,-7.917635917663574
esc50,non_emergency,audio,/kaggle/input/datasets/jeancdevx/esc-50/esc50/audio/2-94230-A-27.wav,4.0,0.004614079371094704,0.0009699430665932596,0.12756007221115537,2932.8686098993257,2565.25268755114,6136.95219123506,1.0025813579559326,-497.3901672363281,21.523082733154297,-497.3901672363281,21.523082733154297,33.45601272583008,10.475433349609375,15.48741340637207,23.684223175048828,10.425065040588379,9.088777542114258,-9.256692886352539,2.5894365310668945,-4.2534003257751465,6.392414093017578,5.066490650177002
esc50,non_emergency,audio,/kaggle/input/datasets/jeancdevx/esc-50/esc50/audio/2-37806-A-40.wav,4.0,0.20271942019462585,0.028772953897714615,0.11945187998007968,1743.9574267012017,1776.158548522505,3699.4521912350597,37.08659744262695,-71.16732788085938,89.50845336914062,-71.16732788085938,89.50845336914062,-8.448226928710938,32.80794906616211,-2.7665531635284424,6.43115234375,-11.124889373779297,-4.42340612411499,-15.00084400177002,15.321273803710938,-8.2250337600708,-8.749244689941406,-8.82964038848877
esc50,non_emergency,audio,/kaggle/input/datasets/jeancdevx/esc-50/esc50/audio/4-197454-A-28.wav,4.0,0.0399087630212307,0.05133000761270523,0.0660055092131474,1410.107223670377,1904.1318385250202,3378.237051792829,7.988990306854248,-404.979736328125,96.87541961669922,-404.979736328125,96.87541961669922,26.953763961791992,8.324043273925781,-2.482548236846924,-0.1831713318824768,16.3167667388916,20.203580856323242,2.496532917022705,9.625082015991211,8.965343475341797,-0.4734189510345459,6.16994047164917
esc50,non_emergency,audio,/kaggle/input/datasets/jeancdevx/esc-50/esc50/audio/2-106019-A-13.wav,4.0,0.046000633388757706,0.01563302055001259,0.24791848232071714,2610.199755254778,1883.7108011512885,4971.738047808765,9.584308624267578,-287.51214599609375,18.4888916015625,-287.51214599609375,18.4888916015625,-24.37284278869629,14.816162109375,13.250995635986328,-27.256141662597656,-16.201820373535156,21.479488372802734,-10.895912170410156,-23.740463256835938,1.1560306549072266,16.16511344909668,-21.613651275634766
esc50,non_emergency,audio,/kaggle/input/datasets/jeancdevx/esc-50/esc50/audio/5-209992-A-44.wav,4.0,0.09801758080720901,0.016614411026239395,0.05186286105577689,1205.3957424432838,1505.1658492948561,2496.3271912350597,16.562116622924805,-198.94151306152344,118.89571380615234,-198.94151306152344,118.89571380615234,-15.967751502990723,10.158218383789062,-11.699210166931152,27.109012603759766,-6.014460563659668,32.138587951660156,14.485071182250977,0.6444128155708313,-0.2117319405078888,19.978506088256836,7.802558422088623
esc50,non_emergency,audio,/kaggle/input/datasets/jeancdevx/esc-50/esc50/audio/3-157187-A-12.wav,4.0,0.05095705762505531,0.054770577698946,0.018126711902390437,530.1244572273814,874.2581226169125,1093.4387450199204,11.25916862487793,-480.197998046875,46.74981689453125,-480.197998046875,46.74981689453125,24.192800521850586,22.40566635131836,12.461482048034668,14.45950984954834,8.128729820251465,8.309815406799316,3.276242256164551,5.045609951019287,2.272331714630127,1.100352168083191,-2.912170171737671
esc50,non_emergency,audio,/kaggle/input/datasets/jeancdevx/esc-50/esc50/audio/2-96460-A-1.wav,4.0,0.06391839683055878,0.07510284334421158,0.061402826195219126,694.9660191521185,697.3300602423062,1267.2435258964144,13.031015396118164,-438.09405517578125,61.835296630859375,-438.09405517578125,61.835296630859375,-15.840219497680664,17.82649040222168,3.4273483753204346,-2.79278826713562,6.8715434074401855,9.702397346496582,2.7946250438690186,-5.857425212860107,0.43486520648002625,1.4669255018234253,-2.871847629547119
esc50,non_emergency,audio,/kaggle/input/datasets/jeancdevx/esc-50/esc50/audio/1-18755-A-4.wav,4.0,0.10280837118625641,0.054508332163095474,0.194343718874502,1959.1913045393687,1166.3797830581143,3164.4671314741036,28.77665901184082,-213.14877319335938,81.33871459960938,-213.14877319335938,81.33871459960938,-88.89198303222656,41.724483489990234,-18.256807327270508,24.5743465423584,-8.90426254272461,7.217722415924072,2.616945266723633,-9.518903732299805,6.5556135177612305,3.7326126098632812,2.9085562229156494
esc50,non_emergency,audio,/kaggle/input/datasets/jeancdevx/esc-50/esc50/audio/4-175845-A-43.wav,4.0,0.2200276404619217,0.05307835713028908,0.030355141932270915,753.7697720628306,1216.959395676688,1484.6240039840638,26.708332061767578,-216.819580078125,138.56265258789062,-216.819580078125,138.56265258789062,-9.733981132507324,15.789971351623535,21.302003860473633,26.015762329101562,16.751163482666016,18.20604705810547,0.04618304967880249,8.182328224182129,4.071979999542236,9.303067207336426,8.847664833068848
esc50,non_emergency,audio,/kaggle/input/datasets/jeancdevx/esc-50/esc50/audio/5-263491-A-25.wav,4.0,0.010344711132347584,0.007720582187175751,0.1002902452689243,1510.6777437795083,1692.9274472061682,3052.415338645418,2.6087019443511963,-388.7646484375,112.37950134277344,-388.7646484375,112.37950134277344,-10.611865043640137,-0.5823209881782532,-0.858908474445343,7.080678939819336,1.0650534629821777,2.0335612297058105,-7.734684944152832,-2.6047871112823486,-3.5984392166137695,3.6021270751953125,-2.6969196796417236
esc50,non_emergency,audio,/kaggle/input/datasets/jeancdevx/esc-50/esc50/audio/2-82367-A-10.wav,4.0,0.029199372977018356,0.004726600833237171,0.2527040276394422,2846.129796290222,2392.024097814231,6057.706673306773,6.778170108795166,-210.14865112304688,52.66648864746094,-210.14865112304688,52.66648864746094,13.795371055603027,2.745110273361206,1.730258584022522,1.0145103931427002,1.0028034448623657,-1.6274746656417847,-2.89048433303833,1.1773927211761475,-4.53055477142334,1.8252942562103271,-2.307140350341797
esc50,non_emergency,audio,/kaggle/input/datasets/jeancdevx/esc-50/esc50/audio/2-93030-A-21.wav,4.0,0.028614209964871407,0.0744798332452774,0.18087805029880477,2153.1409058073114,1901.8440773525847,4328.125,7.342192649841309,-521.8634643554688,23.37876319885254,-521.8634643554688,23.37876319885254,-3.7235891819000244,2.3015217781066895,-2.7285239696502686,-4.377429962158203,-11.891695022583008,-5.457590103149414,-5.768876552581787,-4.056718349456787,-3.992478847503662,-5.6945481300354,-5.991302013397217
esc50,non_emergency,audio,/kaggle/input/datasets/jeancdevx/esc-50/esc50/audio/4-194979-A-25.wav,4.0,0.012149465270340443,0.0038635116070508957,0.24344030129482072,2535.9107538858807,2034.518552198867,5080.864043824701,2.858276844024658,-294.68707275390625,51.81024932861328,-294.68707275390625,51.81024932861328,-22.627946853637695,-6.16316556930542,-14.498613357543945,-0.7309757471084595,-5.185557842254639,1.6567176580429077,-4.5582685470581055,1.4883675575256348,-5.497251033782959,-0.21738176047801971,-5.173679828643799
esc50,non_emergency,audio,/kaggle/input/datasets/jeancdevx/esc-50/esc50/audio/4-102844-A-49.wav,4.0,0.08591771125793457,0.06014023721218109,0.2770480577689243,2934.7107132625156,2275.139650021825,5971.426792828685,20.75323486328125,-141.37925720214844,37.64271926879883,-141.37925720214844,37.64271926879883,4.20438289642334,3.652531385421753,-7.5009660720825195,-7.934330940246582,-15.133624076843262,-13.408219337463379,-3.9838857650756836,7.068836212158203,-6.2983717918396,-1.4750689268112183,-9.190017700195312
esc50,non_emergency,audio,/kaggle/input/datasets/jeancdevx/esc-50/esc50/audio/2-78781-A-47.wav,4.0,0.06051420047879219,0.023089423775672913,0.07927664342629483,954.7530681741224,1039.001782330457,1779.2579681274901,13.665678024291992,-249.38331604003906,167.6709442138672,-249.38331604003906,167.6709442138672,-41.674278259277344,24.03645896911621,3.220015048980713,8.289972305297852,0.5065757632255554,-4.444186210632324,-5.273257732391357,-2.164015293121338,-1.575088620185852,6.685356616973877,-3.0948171615600586
esc50,non_emergency,audio,/kaggle/input/datasets/jeancdevx/esc-50/esc50/audio/1-56269-A-18.wav,4.0,0.06904097646474838,0.048987362533807755,0.30719310258964144,2999.273412529732,2032.1717480613238,5480.515438247012,15.95453929901123,-158.5725555419922,17.688907623291016,-158.5725555419922,17.688907623291016,-20.513423919677734,7.38036584854126,-3.880462408065796,5.3768086433410645,-11.972677230834961,1.6778697967529297,-8.15656852722168,-1.8069565296173096,-12.914193153381348,-3.383122682571411,-15.720386505126953
esc50,non_emergency,audio,/kaggle/input/datasets/jeancdevx/esc-50/esc50/audio/5-185516-A-27.wav,4.0,0.01602855883538723,0.008031397126615047,0.3850496451693227,3714.8195885194013,2186.3707024826886,6337.213645418326,4.094841003417969,-331.7779541015625,-11.38946533203125,-331.7779541015625,-11.38946533203125,7.988404273986816,23.39436912536621,18.372238159179688,22.302738189697266,5.18635368347168,-2.860694169998169,-1.144676685333252,3.8826770782470703,-3.9991605281829834,-3.077393054962158,-18.053895950317383
esc50,non_emergency,audio,/kaggle/input/datasets/jeancdevx/esc-50/esc50/audio/2-123896-A-24.wav,4.0,0.04018518701195717,0.06410467624664307,0.13987409736055778,1895.7443073950076,1793.614929571192,3722.7340637450197,10.125039100646973,-369.93499755859375,63.219688415527344,-369.93499755859375,63.219688415527344,-20.096073150634766,-7.3257155418396,2.3062169551849365,3.6914992332458496,-3.5706591606140137,-19.187217712402344,-20.616724014282227,-4.41033411026001,-7.630874156951904,-9.050658226013184,-12.107172966003418
esc50,non_emergency,audio,/kaggle/input/datasets/jeancdevx/esc-50/esc50/audio/4-165845-B-45.wav,4.0,0.18753300607204437,0.09787094593048096,0.0784245829183267,1344.2954090336334,1586.0068725295253,2944.7833665338644,41.91226577758789,-116.85511016845703,115.86438751220703,-116.85511016845703,115.86438751220703,-0.9974260926246643,27.222091674804688,-11.578814506530762,5.875977516174316,-10.41542911529541,8.544014930725098,-2.6777396202087402,1.4236819744110107,-3.8989129066467285,4.500888824462891,-0.40103429555892944
esc50,non_emergency,audio,/kaggle/input/datasets/jeancdevx/esc-50/esc50/audio/3-144891-B-19.wav,4.0,0.09876687079668045,0.10605603456497192,0.0934504170816733,1157.6695057996642,1172.1441665246643,2192.6045816733067,22.444379806518555,-238.36904907226562,154.7621612548828,-238.36904907226562,154.7621612548828,-40.12888717651367,21.693330764770508,2.7371344566345215,-1.8241255283355713,-5.154854774475098,-1.6398512125015259,-3.3277335166931152,-3.83171010017395,-7.330018997192383,-0.3351903557777405,-4.343048572540283
esc50,non_emergency,audio,/kaggle/input/datasets/jeancdevx/esc-50/esc50/audio/4-140034-A-46.wav,4.0,0.008443813771009445,0.002421359298750758,0.12368494770916334,1183.0332611894544,1104.6987965649869,2211.5288844621514,1.4002807140350342,-476.67681884765625,142.2522735595703,-476.67681884765625,142.2522735595703,-54.231048583984375,31.030935287475586,-7.170532703399658,6.212174892425537,-0.2063838094472885,2.2672460079193115,3.831310987472534,3.792423963546753,-3.287071943283081,8.987497329711914,9.312151908874512
esc50,non_emergency,audio,/kaggle/input/datasets/jeancdevx/esc-50/esc50/audio/5-103420-A-2.wav,4.0,0.05302716791629791,0.1268167942762375,0.06621560632470119,634.612282544546,377.860449116473,1070.343625498008,12.057310104370117,-538.5158081054688,-0.16441117227077484,-538.5158081054688,-0.16441117227077484,-6.257418632507324,-1.1391046047210693,-1.5183650255203247,2.522935390472412,-5.600161075592041,0.5115495920181274,0.7402359843254089,0.3532186448574066,1.452932357788086,4.9548797607421875,0.20262306928634644
esc50,non_emergency,audio,/kaggle/input/datasets/jeancdevx/esc-50/esc50/audio/4-111671-A-42.wav,4.0,0.07891995459794998,0.04030705988407135,0.15432800049800796,1837.5393890358735,1329.2486657669767,2938.7450199203186,15.007295608520508,-423.1715087890625,14.082770347595215,-423.1715087890625,14.082770347595215,-65.60192108154297,-36.30779266357422,-11.261404991149902,46.552982330322266,27.719587326049805,-3.5735056400299072,-13.804925918579102,8.894561767578125,9.582196235656738,-5.232084274291992,-7.670647144317627
lssiren,non_emergency,road_noise,/kaggle/input/datasets/jeancdevx/lssiren/lssiren/Road Noises/road281.wav,4.0,0.03059440664947033,0.008061985485255718,0.1784308080179283,2266.4116222232337,1985.3600709797306,4690.737051792828,5.737582683563232,-224.66748046875,63.44253921508789,-224.66748046875,63.44253921508789,-16.49984359741211,12.891646385192871,-1.119809865951538,10.404950141906738,2.7847743034362793,8.018011093139648,2.1391706466674805,9.343707084655762,1.0984731912612915,7.607963562011719,2.0410208702087402
lssiren,emergency,siren,/kaggle/input/datasets/jeancdevx/lssiren/lssiren/Emergency Vehicle Sirens/ambulance502.wav,3.008,0.17348769307136536,0.09558377414941788,0.14367352843915343,1767.0344311112572,1665.1996906011188,3555.8035714285716,31.1184139251709,-154.49417114257812,82.96722412109375,-154.49417114257812,82.96722412109375,-13.352616310119629,16.386072158813477,-2.016756057739258,22.97489356994629,1.4815263748168945,3.9898836612701416,-0.8656441569328308,1.6076605319976807,1.4722623825073242,-4.5195417404174805,-11.635713577270508
lssiren,emergency,siren,/kaggle/input/datasets/jeancdevx/lssiren/lssiren/Emergency Vehicle Sirens/ambulance459.wav,3.0,0.20805689692497253,0.02829918824136257,0.1641092503324468,2075.9524482146094,1641.1355634542665,3724.06914893617,30.695348739624023,-98.52387237548828,51.10441970825195,-98.52387237548828,51.10441970825195,-57.04506301879883,-11.392868041992188,-16.931659698486328,-0.9852314591407776,4.0249528884887695,17.140920639038086,6.910301685333252,7.888660907745361,-6.0112738609313965,6.643301486968994,-5.587227821350098
lssiren,emergency,siren,/kaggle/input/datasets/jeancdevx/lssiren/lssiren/Emergency Vehicle Sirens/ambulance23.wav,3.0,0.10535148531198502,0.041627537459135056,0.15321122839095744,1466.4471474922584,1211.5247394858,2157.5797872340427,19.936872482299805,-216.06336975097656,112.63562774658203,-216.06336975097656,112.63562774658203,-50.91025161743164,-8.996800422668457,1.6791242361068726,6.520926475524902,-3.0790863037109375,-3.036789655685425,-3.6856930255889893,7.963632106781006,2.932882070541382,-3.6025784015655518,-11.72353458404541
lssiren,non_emergency,road_noise,/kaggle/input/datasets/jeancdevx/lssiren/lssiren/Road Noises/road226.wav,4.0,0.04014365375041962,0.01814531534910202,0.3415751058266932,3198.052312811977,2180.2906214269037,5831.237549800797,8.699201583862305,-182.34471130371094,23.254600524902344,-182.34471130371094,23.254600524902344,2.388150930404663,19.013504028320312,2.058647394180298,9.281100273132324,-9.234557151794434,7.476181507110596,6.232983112335205,10.058547019958496,-2.887075901031494,3.8169305324554443,-4.2108330726623535
lssiren,non_emergency,road_noise,/kaggle/input/datasets/jeancdevx/lssiren/lssiren/Road Noises/road582.wav,2.95,0.07475102692842484,0.020414145663380623,0.17081925675675674,1880.5283011485699,1621.7672653752177,3467.060810810811,16.124465942382812,-135.85195922851562,84.14466857910156,-135.85195922851562,84.14466857910156,-38.48705291748047,21.79244041442871,-5.0155463218688965,3.0359864234924316,-7.344406604766846,-5.5801825523376465,-13.25332260131836,-5.912177562713623,-11.353681564331055,-0.7173030376434326,-6.989641189575195
lssiren,emergency,siren,/kaggle/input/datasets/jeancdevx/lssiren/lssiren/Emergency Vehicle Sirens/ambulance26.wav,4.0,0.37801393866539,0.11153297871351242,0.15323471738047809,1463.9761468022286,1300.8751924297708,2864.417330677291,64.55856323242188,-146.15518188476562,102.3644027709961,-146.15518188476562,102.3644027709961,-29.511404037475586,57.24544906616211,-14.430027961730957,13.498285293579102,19.49492073059082,11.707805633544922,1.4633424282073975,11.703947067260742,-3.0373520851135254,-6.636768341064453,-0.2571508288383484
lssiren,emergency,siren,/kaggle/input/datasets/jeancdevx/lssiren/lssiren/Emergency Vehicle Sirens/ambulance883.wav,4.0,0.3514484167098999,0.0982733815908432,0.032806274900398405,783.7054778420845,1203.1528362551717,1930.7768924302788,83.53497314453125,-188.89617919921875,121.1461410522461,-188.89617919921875,121.1461410522461,-17.134729385375977,67.79500579833984,-5.058037757873535,23.312070846557617,22.57071876525879,15.42941665649414,5.3793559074401855,14.0285062789917,4.610660552978516,7.374918460845947,9.789593696594238
lssiren,non_emergency,road_noise,/kaggle/input/datasets/jeancdevx/lssiren/lssiren/Road Noises/road217.wav,4.0,0.2105524092912674,0.030562246218323708,0.0532207109063745,1116.157867656196,1416.7505395905184,2181.461653386454,39.19401550292969,-110.9917984008789,133.3910369873047,-110.9917984008789,133.3910369873047,-14.523837089538574,14.799896240234375,3.604703187942505,14.92638111114502,5.869630336761475,11.040721893310547,-0.3003842830657959,6.04012393951416,-3.0056498050689697,7.8788652420043945,1.7644530534744263
lssiren,emergency,siren,/kaggle/input/datasets/jeancdevx/lssiren/lssiren/Emergency Vehicle Sirens/ambulance781.wav,4.0,0.342908650636673,0.3745218515396118,0.11353803535856574,1213.6792370291193,955.957089160731,1838.956673306773,8.88748550415039,-380.4552001953125,42.48153305053711,-380.4552001953125,42.48153305053711,-16.57081413269043,-17.146289825439453,-25.556209564208984,-15.378610610961914,12.280366897583008,27.19657325744629,8.869338035583496,-9.447546005249023,-14.659412384033203,-11.175773620605469,-5.846468448638916
lssiren,non_emergency,road_noise,/kaggle/input/datasets/jeancdevx/lssiren/lssiren/Road Noises/road559.wav,3.75,0.015100602991878986,0.002441410906612873,0.15807014627659574,1797.9618295556597,1539.4439434509254,3332.446808510638,3.2669591903686523,-302.5756530761719,88.1041259765625,-302.5756530761719,88.1041259765625,-49.498146057128906,-2.0731148719787598,-30.046674728393555,-2.3725876808166504,-11.517659187316895,-1.0288082361221313,-20.743331909179688,-6.681776523590088,-16.908313751220703,-7.62714958190918,-7.885743618011475
lssiren,emergency,siren,/kaggle/input/datasets/jeancdevx/lssiren/lssiren/Emergency Vehicle Sirens/ambulance606.wav,3.008,0.4023444354534149,0.10064981132745743,0.14229394014550265,1869.022097816769,1375.1147871369928,3133.4325396825398,63.995086669921875,-246.90496826171875,28.204147338867188,-246.90496826171875,28.204147338867188,-54.069908142089844,-10.211688995361328,-23.387819290161133,5.553925514221191,16.149688720703125,-7.375763416290283,-2.9679858684539795,-5.2050018310546875,-23.264114379882812,-17.2139835357666,-5.113636493682861
lssiren,non_emergency,road_noise,/kaggle/input/datasets/jeancdevx/lssiren/lssiren/Road Noises/road149.wav,4.0,0.029548726975917816,0.023485109210014343,0.1417960968625498,1577.215676622848,1364.5186359280235,2725.722111553785,6.233677864074707,-278.0876159667969,107.47331237792969,-278.0876159667969,107.47331237792969,-57.54579544067383,12.090306282043457,2.7283401489257812,15.436359405517578,-6.73589563369751,4.552833557128906,4.497437000274658,2.50836443901062,-2.7796404361724854,2.9038169384002686,4.6888251304626465
lssiren,emergency,siren,/kaggle/input/datasets/jeancdevx/lssiren/lssiren/Emergency Vehicle Sirens/ambulance265.wav,3.0,0.1925642490386963,0.059297215193510056,0.17261261635638298,1805.2276911169354,1505.4657613852783,3002.742686170213,33.62626266479492,-165.5387420654297,88.39085388183594,-165.5387420654297,88.39085388183594,-33.29880142211914,-9.60910701751709,5.189136028289795,12.828070640563965,-5.48186731338501,-15.991006851196289,-10.886974334716797,16.857202529907227,4.951667308807373,-4.720401763916016,-12.834303855895996
lssiren,emergency,siren,/kaggle/input/datasets/jeancdevx/lssiren/lssiren/Emergency Vehicle Sirens/ambulance420.wav,3.0,0.1910121589899063,0.02910742722451687,0.1636001911569149,1991.1305166350032,1777.2710770705387,3902.0113031914893,37.952125549316406,-78.2645034790039,72.19671630859375,-78.2645034790039,72.19671630859375,-27.807924270629883,4.861448764801025,-2.4250192642211914,9.019536018371582,6.664663314819336,18.244415283203125,4.596745491027832,-3.4695446491241455,-17.204904556274414,5.528522968292236,-1.9897876977920532
lssiren,emergency,siren,/kaggle/input/datasets/jeancdevx/lssiren/lssiren/Emergency Vehicle Sirens/ambulance430.wav,3.0,0.44599735736846924,0.06526035070419312,0.15611494348404256,1415.2180991662237,1087.137875475328,1877.4933510638298,25.377206802368164,-185.12306213378906,90.41006469726562,-185.12306213378906,90.41006469726562,-33.292625427246094,1.5483801364898682,-5.5745110511779785,16.353782653808594,4.781286239624023,6.395149230957031,-7.924776077270508,7.650215148925781,-14.62612247467041,-12.532876014709473,-18.609216690063477
lssiren,non_emergency,road_noise,/kaggle/input/datasets/jeancdevx/lssiren/lssiren/Road Noises/road156.wav,4.0,0.08537661284208298,0.058299195021390915,0.13601064492031872,1747.394671089996,1548.4374728401392,3270.356075697211,16.12189483642578,-169.3016357421875,90.06089782714844,-169.3016357421875,90.06089782714844,-48.22108459472656,11.3020658493042,1.9269248247146606,18.772851943969727,-1.3826617002487183,7.013227939605713,4.6197309494018555,4.600950717926025,3.1409521102905273,8.332736015319824,3.0042121410369873
lssiren,emergency,siren,/kaggle/input/datasets/jeancdevx/lssiren/lssiren/Emergency Vehicle Sirens/ambulance131.wav,4.0,0.38090237975120544,0.06581927090883255,0.11673618027888447,1331.95487201853,1254.9020416134776,2641.434262948207,43.97079086303711,-113.21807861328125,111.67301177978516,-113.21807861328125,111.67301177978516,-37.457740783691406,47.20412826538086,-13.465481758117676,8.408177375793457,24.180866241455078,29.79209327697754,3.8333113193511963,-0.34627968072891235,-17.761384963989258,-0.13372188806533813,4.090590953826904
lssiren,non_emergency,road_noise,/kaggle/input/datasets/jeancdevx/lssiren/lssiren/Road Noises/road199.wav,4.0,0.03711853176355362,0.008314638398587704,0.13910374128486055,1612.5619222852333,1433.2720469219255,2800.3610557768925,7.733377933502197,-222.41348266601562,104.70360565185547,-222.41348266601562,104.70360565185547,-52.23153305053711,5.5962042808532715,-6.077585220336914,5.84623384475708,-3.6930079460144043,12.334299087524414,0.3637836277484894,4.739209175109863,-3.357705593109131,3.832514762878418,-0.710993766784668
lssiren,non_emergency,road_noise,/kaggle/input/datasets/jeancdevx/lssiren/lssiren/Road Noises/road253.wav,4.0,0.04931490868330002,0.012294490821659565,0.14952300174302788,1680.2181192714181,1459.6468981758974,3069.4098605577688,10.298547744750977,-190.16845703125,99.3415298461914,-190.16845703125,99.3415298461914,-51.68313980102539,12.847879409790039,-6.18637752532959,17.444713592529297,0.1842791736125946,13.903003692626953,2.0487897396087646,2.7663185596466064,-2.4702537059783936,3.678222417831421,-1.5442324876785278
lssiren,emergency,siren,/kaggle/input/datasets/jeancdevx/lssiren/lssiren/Emergency Vehicle Sirens/ambulance105.wav,4.0,0.28375110030174255,0.07198760658502579,0.1345671999501992,1446.1021739261932,1355.7259382059224,2897.597111553785,77.51262664794922,-92.58641815185547,110.82022094726562,-92.58641815185547,110.82022094726562,-32.927181243896484,42.52993392944336,-15.664512634277344,21.244373321533203,32.89259338378906,5.42574405670166,-2.568574905395508,10.760051727294922,-11.46111011505127,-4.375499725341797,4.268962860107422
lssiren,emergency,siren,/kaggle/input/datasets/jeancdevx/lssiren/lssiren/Emergency Vehicle Sirens/ambulance777.wav,4.0,0.24190326035022736,0.2423551380634308,0.14117747758964144,1351.5336190429832,854.9285047592281,1707.7938247011953,66.50579833984375,-322.23736572265625,66.185546875,-322.23736572265625,66.185546875,-70.68817138671875,-56.19379425048828,-27.080476760864258,7.59381628036499,25.898191452026367,16.00411605834961,-10.833653450012207,-14.902641296386719,-16.472570419311523,-8.186012268066406,0.7428387403488159
lssiren,emergency,siren,/kaggle/input/datasets/jeancdevx/lssiren/lssiren/Emergency Vehicle Sirens/ambulance891.wav,3.9,0.3158494532108307,0.11956509947776794,0.03862224641393443,839.670773490215,1224.9140117591726,1995.5814549180327,77.44733428955078,-187.02737426757812,119.31098175048828,-187.02737426757812,119.31098175048828,-19.91328239440918,68.52982330322266,0.12047901749610901,14.245569229125977,17.077552795410156,11.306495666503906,9.841472625732422,17.438020706176758,11.610761642456055,9.540825843811035,7.592350959777832
lssiren,emergency,siren,/kaggle/input/datasets/jeancdevx/lssiren/lssiren/Emergency Vehicle Sirens/ambulance422.wav,3.0,0.1965620517730713,0.027910836040973663,0.2073481133643617,2453.529203772124,1903.7941900937888,4760.056515957447,34.964012145996094,-47.056068420410156,41.18429946899414,-47.056068420410156,41.18429946899414,-39.188262939453125,-3.845125675201416,-11.418924331665039,3.1531944274902344,-0.19806979596614838,4.711766242980957,1.2149559259414673,9.342591285705566,3.5892672538757324,12.47651195526123,-7.351597785949707
lssiren,emergency,siren,/kaggle/input/datasets/jeancdevx/lssiren/lssiren/Emergency Vehicle Sirens/ambulance360.wav,4.0,0.09343625605106354,0.04693762585520744,0.12368494770916334,1215.7704405222423,1377.0826117559368,2040.8366533864541,15.58558177947998,-270.031982421875,112.97505187988281,-270.031982421875,112.97505187988281,-6.5650153160095215,17.74228286743164,7.602531433105469,26.50367546081543,14.919537544250488,13.24237060546875,4.6221795082092285,3.000535726547241,-3.9549813270568848,3.535151481628418,1.075144648551941
lssiren,non_emergency,road_noise,/kaggle/input/datasets/jeancdevx/lssiren/lssiren/Road Noises/road665.wav,4.0,0.08386131376028061,0.02229934372007847,0.04098060881474103,704.3170146610382,1135.9284405550532,1177.4153386454184,16.300888061523438,-261.4596252441406,170.31277465820312,-261.4596252441406,170.31277465820312,12.319249153137207,9.336165428161621,11.616661071777344,13.737749099731445,11.50372314453125,2.635901689529419,-7.502285957336426,5.562941074371338,-1.6698294878005981,0.5473232865333557,-0.21031104028224945
lssiren,non_emergency,road_noise,/kaggle/input/datasets/jeancdevx/lssiren/lssiren/Road Noises/road679.wav,4.0,0.048221781849861145,0.009793073870241642,0.04252132096613546,724.5292816726068,1095.908598448136,1332.918326693227,10.517194747924805,-312.9870910644531,171.5254364013672,-312.9870910644531,171.5254364013672,-10.226241111755371,4.280420780181885,20.705307006835938,15.189170837402344,15.343330383300781,12.468561172485352,-2.764631986618042,13.279627799987793,3.688462018966675,-0.9275603890419006,2.053593635559082
lssiren,non_emergency,road_noise,/kaggle/input/datasets/jeancdevx/lssiren/lssiren/Road Noises/road517.wav,3.0,0.1666744202375412,0.014049561694264412,0.22455743018617022,2590.764768019154,1754.5106760501617,4613.946143617021,28.967266082763672,-77.45010375976562,31.959854125976562,-77.45010375976562,31.959854125976562,-49.41143035888672,-5.13777494430542,-54.729854583740234,6.99138879776001,-29.694782257080078,2.5935251712799072,-7.3532233238220215,3.3188092708587646,-4.993715763092041,-6.074860095977783,-6.270803928375244
lssiren,non_emergency,road_noise,/kaggle/input/datasets/jeancdevx/lssiren/lssiren/Road Noises/road881.wav,1.486125,0.060563862323760986,0.006734540686011314,0.15317330309139784,2008.420550491484,1896.734968242208,4163.810483870968,13.489343643188477,-153.99757385253906,76.67511749267578,-153.99757385253906,76.67511749267578,-12.62588119506836,15.799093246459961,-8.761358261108398,2.7624971866607666,-5.073670387268066,0.8497105240821838,-8.757640838623047,-4.6763410568237305,-6.040390968322754,-1.5184417963027954,-11.836502075195312
lssiren,non_emergency,road_noise,/kaggle/input/datasets/jeancdevx/lssiren/lssiren/Road Noises/road536.wav,3.008,0.25600603222846985,0.0685645192861557,0.20711908895502645,2463.1762004171983,1827.4010156848985,4588.8723544973545,43.70425796508789,-58.50490951538086,30.37506675720215,-58.50490951538086,30.37506675720215,-45.650203704833984,-9.286876678466797,-18.925065994262695,1.1037503480911255,-6.5286149978637695,14.299426078796387,6.562736511230469,4.142335891723633,-18.910961151123047,-12.79476547241211,-9.702770233154297
lssiren,emergency,siren,/kaggle/input/datasets/jeancdevx/lssiren/lssiren/Emergency Vehicle Sirens/ambulance342.wav,4.0,0.11320515722036362,0.032236527651548386,0.10557768924302789,1160.3532760315343,1268.1701164415172,1815.363545816733,29.295774459838867,-193.85159301757812,131.26458740234375,-193.85159301757812,131.26458740234375,-23.81416130065918,5.05172872543335,-1.8432785272598267,26.51964569091797,15.612663269042969,17.44603157043457,7.860917568206787,3.1357879638671875,-7.879967212677002,-4.112837791442871,-7.218155860900879
lssiren,non_emergency,road_noise,/kaggle/input/datasets/jeancdevx/lssiren/lssiren/Road Noises/road576.wav,4.0,0.12126720696687698,0.011159814894199371,0.10228227714143426,1066.7537152800485,988.4166641681311,1838.0229083665338,26.14795684814453,-163.1011962890625,178.80067443847656,-163.1011962890625,178.80067443847656,-64.32135772705078,23.044530868530273,-22.301227569580078,28.311269760131836,1.3562787771224976,17.375003814697266,-13.437687873840332,6.1330671310424805,-10.685585021972656,10.566988945007324,-10.617352485656738
lssiren,non_emergency,road_noise,/kaggle/input/datasets/jeancdevx/lssiren/lssiren/Road Noises/road328.wav,4.0,0.02103421464562416,0.005787410773336887,0.24819083042828685,2332.6744051767287,1950.9382379298102,4521.725597609562,4.116971015930176,-309.615234375,81.26818084716797,-309.615234375,81.26818084716797,-14.476179122924805,7.158749103546143,2.4196128845214844,31.25699806213379,-13.380806922912598,18.2341251373291,-1.7672048807144165,11.735729217529297,9.135627746582031,-5.530050754547119,10.6796293258667
lssiren,non_emergency,road_noise,/kaggle/input/datasets/jeancdevx/lssiren/lssiren/Road Noises/road43.wav,4.0,0.13715443015098572,0.039178963750600815,0.09346987051792828,1610.8328295306037,1779.7249336783755,3428.037848605578,25.868425369262695,-120.39469146728516,98.22693634033203,-120.39469146728516,98.22693634033203,-13.26764965057373,5.921071529388428,2.620903491973877,15.020000457763672,3.345348358154297,12.632585525512695,-0.253717303276062,1.5742573738098145,-4.504526138305664,7.430142879486084,0.4236864745616913
lssiren,emergency,siren,/kaggle/input/datasets/jeancdevx/lssiren/lssiren/Emergency Vehicle Sirens/ambulance783.wav,4.0,0.2762875258922577,0.3000239431858063,0.11158491035856574,1147.078280651042,829.9973386820255,1561.8774900398407,9.025971412658691,-397.60968017578125,48.27480697631836,-397.60968017578125,48.27480697631836,-20.245098114013672,-25.8817195892334,-28.313886642456055,-14.763772964477539,8.67798900604248,26.1678524017334,11.942583084106445,-5.695423603057861,-19.869380950927734,-14.056194305419922,-2.2009687423706055
lssiren,non_emergency,road_noise,/kaggle/input/datasets/jeancdevx/lssiren/lssiren/Road Noises/road338.wav,4.0,0.08379466086626053,0.020006349310278893,0.03988343500996016,1132.6622355000845,1544.6807345264156,2496.887450199203,14.743326187133789,-241.4304962158203,111.35719299316406,-241.4304962158203,111.35719299316406,-13.80199909210205,22.305707931518555,6.21680212020874,23.347536087036133,8.99172306060791,17.184633255004883,7.338210582733154,13.098751068115234,5.026339530944824,11.767772674560547,4.342460632324219
lssiren,non_emergency,road_noise,/kaggle/input/datasets/jeancdevx/lssiren/lssiren/Road Noises/road263.wav,4.0,0.03690255433320999,0.00990105327218771,0.08461466633466136,1279.6915487225913,1406.339438565665,2326.4442231075695,7.820536136627197,-263.4170837402344,123.91144561767578,-263.4170837402344,123.91144561767578,-34.14405822753906,5.749375343322754,2.814758062362671,22.108369827270508,6.219045162200928,17.163570404052734,5.768638610839844,9.801688194274902,2.007079601287842,7.650677680969238,1.693219780921936
lssiren,emergency,siren,/kaggle/input/datasets/jeancdevx/lssiren/lssiren/Emergency Vehicle Sirens/ambulance93.wav,4.0,0.2664656639099121,0.0355306938290596,0.09957824950199202,1396.1986853623478,1459.3774187009353,2925.610059760956,59.21161651611328,-88.04302978515625,107.07300567626953,-88.04302978515625,107.07300567626953,-28.911909103393555,56.55640411376953,-12.920634269714355,16.764251708984375,30.4716796875,19.53058624267578,-1.2375062704086304,14.037027359008789,-3.684720516204834,0.1333092302083969,1.7061676979064941
lssiren,emergency,siren,/kaggle/input/datasets/jeancdevx/lssiren/lssiren/Emergency Vehicle Sirens/ambulance611.wav,3.008,0.1519005447626114,0.06511471420526505,0.16103463955026456,2080.7472338868993,1529.8936722783342,3595.899470899471,26.64378547668457,-294.101318359375,31.923988342285156,-294.101318359375,31.923988342285156,-33.3256721496582,-7.452233791351318,-12.134330749511719,28.860633850097656,21.698474884033203,-2.2719216346740723,-12.23046875,5.14071798324585,-3.16467547416687,-5.461695671081543,-6.034270763397217
lssiren,non_emergency,road_noise,/kaggle/input/datasets/jeancdevx/lssiren/lssiren/Road Noises/road448.wav,4.0,0.025136824697256088,0.017963802441954613,0.5280129482071713,4331.113216645774,697.3568068960078,4870.580179282869,7.4632887840271,-672.1316528320312,-135.16537475585938,-672.1316528320312,-135.16537475585938,46.69401168823242,35.83353042602539,-68.7968978881836,49.958274841308594,-11.195048332214355,-13.04158878326416,11.521273612976074,2.9930145740509033,-12.081025123596191,8.742103576660156,0.4492914378643036
lssiren,non_emergency,road_noise,/kaggle/input/datasets/jeancdevx/lssiren/lssiren/Road Noises/road203.wav,4.0,0.029602959752082825,0.004774658475071192,0.1442589018924303,1629.0074862213985,1472.209608071593,2839.0811752988047,6.508227348327637,-236.99380493164062,104.54835510253906,-236.99380493164062,104.54835510253906,-47.47038650512695,0.9477657675743103,-6.954181671142578,4.84636926651001,-4.648410797119141,12.386075973510742,-0.9388728141784668,1.9906234741210938,-3.5157358646392822,2.7487170696258545,-3.2818315029144287
lssiren,non_emergency,road_noise,/kaggle/input/datasets/jeancdevx/lssiren/lssiren/Road Noises/road529.wav,3.0,0.15082313120365143,0.025120146572589874,0.2046833444148936,2334.627241888048,1843.6469435914503,4553.939494680851,31.765928268432617,-67.92241668701172,56.77011489868164,-67.92241668701172,56.77011489868164,-25.085386276245117,7.353896141052246,-33.375885009765625,8.784101486206055,-18.42214012145996,6.694551467895508,-7.118176460266113,1.7398110628128052,-4.772979736328125,-6.196312427520752,-7.455574035644531
lssiren,non_emergency,road_noise,/kaggle/input/datasets/jeancdevx/lssiren/lssiren/Road Noises/road659.wav,4.0,0.05942598357796669,0.015342826023697853,0.03658413222111554,790.5575381283653,1248.3232272862115,1471.1155378486055,11.402351379394531,-296.5548400878906,155.28140258789062,-296.5548400878906,155.28140258789062,-1.8279014825820923,10.963081359863281,24.38624382019043,14.589877128601074,14.20598316192627,7.4983320236206055,0.11160898208618164,13.099498748779297,1.0747058391571045,2.656093120574951,-0.09899306297302246
lssiren,non_emergency,road_noise,/kaggle/input/datasets/jeancdevx/lssiren/lssiren/Road Noises/road575.wav,4.0,0.06633210927248001,0.0115633150562644,0.09268784238047809,1466.7778214399355,1761.0275505237285,3227.402888446215,14.800680160522461,-196.33731079101562,103.60710144042969,-196.33731079101562,103.60710144042969,3.892094612121582,27.829063415527344,3.9327192306518555,11.524713516235352,4.768176555633545,5.039710521697998,-2.975407361984253,8.397165298461914,-2.6187758445739746,3.4948318004608154,-0.5023845434188843
lssiren,emergency,siren,/kaggle/input/datasets/jeancdevx/lssiren/lssiren/Emergency Vehicle Sirens/ambulance338.wav,4.0,0.11066167801618576,0.032687872648239136,0.1050757905876494,1159.0790355947017,1294.1384727743132,1765.4382470119522,29.0989933013916,-196.80064392089844,130.7245330810547,-196.80064392089844,130.7245330810547,-20.046123504638672,3.5494847297668457,4.88783073425293,25.392818450927734,17.64546775817871,19.942550659179688,3.2220685482025146,-1.3695077896118164,-9.324071884155273,-7.80820369720459,-9.096799850463867
lssiren,emergency,siren,/kaggle/input/datasets/jeancdevx/lssiren/lssiren/Emergency Vehicle Sirens/ambulance92.wav,4.0,0.29760631918907166,0.09184952825307846,0.1327191235059761,1437.0299843174814,1246.8228117858307,2828.249501992032,88.82408142089844,-115.9021224975586,111.23460388183594,-115.9021224975586,111.23460388183594,-52.280216217041016,38.76156234741211,-19.185232162475586,28.24801254272461,40.09520721435547,15.141827583312988,-4.116883277893066,9.858789443969727,-6.066818714141846,2.2782881259918213,4.193576812744141
lssiren,non_emergency,road_noise,/kaggle/input/datasets/jeancdevx/lssiren/lssiren/Road Noises/road99.wav,4.0,0.041047245264053345,0.030384927988052368,0.21275445094621515,2601.2812677268503,2046.648097143316,5081.673306772908,7.814896583557129,-213.86305236816406,37.41986083984375,-213.86305236816406,37.41986083984375,-23.848308563232422,4.4955735206604,-4.088748455047607,23.055967330932617,10.982315063476562,17.65899658203125,7.617635726928711,10.25558853149414,2.0475685596466064,11.105064392089844,6.6612229347229
lssiren,emergency,siren,/kaggle/input/datasets/jeancdevx/lssiren/lssiren/Emergency Vehicle Sirens/ambulance501.wav,3.008,0.2080998569726944,0.06721889972686768,0.1904038525132275,2256.393072203379,1850.7052569332832,4428.075396825397,29.658905029296875,-103.44303894042969,50.70464324951172,-103.44303894042969,50.70464324951172,-25.67987060546875,0.6448341608047485,-7.135406970977783,16.601158142089844,11.734841346740723,4.895143032073975,-7.5010762214660645,-0.28083115816116333,8.954740524291992,5.626707553863525,-16.424911499023438
lssiren,emergency,siren,/kaggle/input/datasets/jeancdevx/lssiren/lssiren/Emergency Vehicle Sirens/ambulance398.wav,4.0,0.24208906292915344,0.07143771648406982,0.16362285234063745,1866.9453357867349,1227.1010668787685,2954.9925298804783,49.01203155517578,-343.60540771484375,43.123626708984375,-343.60540771484375,43.123626708984375,-40.25313186645508,4.705418109893799,-10.54356575012207,14.936259269714355,21.82426643371582,1.3767099380493164,6.386371612548828,-2.0949323177337646,-20.333389282226562,-2.456885814666748,-1.2943379878997803
lssiren,emergency,siren,/kaggle/input/datasets/jeancdevx/lssiren/lssiren/Emergency Vehicle Sirens/ambulance173.wav,3.0,0.15616829693317413,0.020311061292886734,0.16446247506648937,1790.883249390957,1575.217460053071,3555.6017287234044,34.07304763793945,-90.40697479248047,94.77375793457031,-90.40697479248047,94.77375793457031,-30.751760482788086,23.420150756835938,-16.013572692871094,26.463830947875977,-12.456384658813477,13.1796875,-5.308352470397949,3.3994393348693848,-8.070216178894043,-3.201113700866699,-3.9467198848724365
lssiren,emergency,siren,/kaggle/input/datasets/jeancdevx/lssiren/lssiren/Emergency Vehicle Sirens/ambulance873.wav,3.95,0.3160122036933899,0.11935834586620331,0.03852875126518219,841.4537464686093,1226.648160448692,2002.90991902834,77.94172668457031,-186.3648681640625,119.37330627441406,-186.3648681640625,119.37330627441406,-19.90642738342285,68.4052505493164,0.1816910356283188,14.26659870147705,17.139385223388672,11.321883201599121,9.843070983886719,17.39252281188965,11.51032543182373,9.475584030151367,7.483139514923096
lssiren,emergency,siren,/kaggle/input/datasets/jeancdevx/lssiren/lssiren/Emergency Vehicle Sirens/ambulance79.wav,4.0,0.4303778111934662,0.1435762643814087,0.12694923431274902,1446.418831243847,1117.2494973182042,2062.313247011952,13.501060485839844,-349.08154296875,53.36574172973633,-349.08154296875,53.36574172973633,-25.962976455688477,-23.776296615600586,-31.447650909423828,-3.388286590576172,32.294166564941406,37.22075653076172,17.681987762451172,-15.587891578674316,-29.413902282714844,-10.379267692565918,8.782422065734863
lssiren,non_emergency,road_noise,/kaggle/input/datasets/jeancdevx/lssiren/lssiren/Road Noises/road376.wav,4.0,0.06622727960348129,0.00824197567999363,0.10281919198207172,1475.2755230013254,1589.8330523971842,2864.0438247011953,13.815004348754883,-179.73622131347656,111.4028549194336,-179.73622131347656,111.4028549194336,-23.78255844116211,4.488182067871094,-1.061699628829956,13.17700481414795,-0.30035537481307983,14.878339767456055,2.2515909671783447,6.620030403137207,1.5603818893432617,8.846648216247559,1.1675598621368408
lssiren,non_emergency,road_noise,/kaggle/input/datasets/jeancdevx/lssiren/lssiren/Road Noises/road375.wav,4.0,0.0871155634522438,0.03350318595767021,0.07215279506972111,1349.1182291752773,1543.6845295414582,2697.397908366534,17.26418685913086,-194.07028198242188,109.99369812011719,-194.07028198242188,109.99369812011719,-27.784805297851562,14.20087718963623,2.27311372756958,12.809243202209473,1.0205999612808228,17.182119369506836,3.5756888389587402,6.718549728393555,3.838158130645752,12.231974601745605,5.900745868682861
lssiren,non_emergency,road_noise,/kaggle/input/datasets/jeancdevx/lssiren/lssiren/Road Noises/road268.wav,3.39,0.033059261739254,0.024422332644462585,0.08712595813679246,1183.200443076104,1235.2457298752258,2104.142099056604,6.900741100311279,-343.9294738769531,106.1270751953125,-343.9294738769531,106.1270751953125,-32.94417190551758,3.9846603870391846,3.699415683746338,18.748783111572266,6.930634021759033,13.092105865478516,4.125861167907715,9.754518508911133,2.4152424335479736,5.969977378845215,1.521802544593811
lssiren,emergency,siren,/kaggle/input/datasets/jeancdevx/lssiren/lssiren/Emergency Vehicle Sirens/ambulance317.wav,4.0,0.11807708442211151,0.04285389930009842,0.11444845617529881,1142.158586472955,1138.5815399511569,1586.4666334661354,32.885169982910156,-215.4129180908203,133.92274475097656,-215.4129180908203,133.92274475097656,-36.6028938293457,-1.0824412107467651,4.828054428100586,33.24391555786133,22.505598068237305,23.070589065551758,9.295550346374512,3.2935664653778076,-7.179620265960693,-3.8184893131256104,-8.87490463256836
lssiren,non_emergency,road_noise,/kaggle/input/datasets/jeancdevx/lssiren/lssiren/Road Noises/road279.wav,4.0,0.0432964526116848,0.009359543211758137,0.15601266807768924,1919.3598702116592,1802.7339747502988,3744.7709163346613,9.4156494140625,-189.8888397216797,83.76583099365234,-189.8888397216797,83.76583099365234,-32.5599365234375,-0.99127197265625,6.154345512390137,7.7520246505737305,4.616153240203857,6.274125576019287,1.0544239282608032,9.018440246582031,1.107513189315796,8.46587085723877,-0.269522488117218
lssiren,emergency,siren,/kaggle/input/datasets/jeancdevx/lssiren/lssiren/Emergency Vehicle Sirens/ambulance341.wav,4.0,0.10734859108924866,0.03317982330918312,0.12063075821713147,1289.9596687514018,1342.9635000304525,2139.4422310756972,28.82773780822754,-193.04664611816406,121.00040435791016,-193.04664611816406,121.00040435791016,-27.62919044494629,2.3072705268859863,-1.0154730081558228,25.525951385498047,17.75164222717285,19.94668197631836,12.102564811706543,3.4056925773620605,-8.066718101501465,1.6230909824371338,-7.698599815368652
lssiren,non_emergency,road_noise,/kaggle/input/datasets/jeancdevx/lssiren/lssiren/Road Noises/road214.wav,4.0,0.07034605741500854,0.06704821437597275,0.24215637450199204,2707.2468036034943,2050.199454791224,5206.735557768924,14.258877754211426,-162.0504913330078,35.6143798828125,-162.0504913330078,35.6143798828125,-21.680133819580078,8.291875839233398,-3.4120423793792725,16.225252151489258,4.028356075286865,13.549217224121094,6.306634426116943,11.897488594055176,3.5019891262054443,7.472596645355225,2.1573352813720703
lssiren,emergency,siren,/kaggle/input/datasets/jeancdevx/lssiren/lssiren/Emergency Vehicle Sirens/ambulance189.wav,3.0,0.0356065109372139,0.009633504785597324,0.09143845578457446,1100.330012483088,815.5020954890665,1787.400265957447,6.088527202606201,-475.4777526855469,120.9607162475586,-475.4777526855469,120.9607162475586,-74.64593505859375,-3.830829620361328,-25.81589698791504,-34.8253288269043,-8.973068237304688,5.455102920532227,18.30586051940918,16.32410430908203,3.4069786071777344,5.117943286895752,11.35536003112793
lssiren,emergency,siren,/kaggle/input/datasets/jeancdevx/lssiren/lssiren/Emergency Vehicle Sirens/ambulance591.wav,3.0,0.22468072175979614,0.02488049678504467,0.1498555934175532,1503.4574772828887,1414.2904965629446,2733.876329787234,46.056724548339844,-93.58375549316406,112.21781158447266,-93.58375549316406,112.21781158447266,-30.844871520996094,12.829755783081055,2.4920809268951416,22.125999450683594,3.8809099197387695,-9.631677627563477,-7.305600643157959,15.228710174560547,1.4658383131027222,-5.702014446258545,-9.866997718811035
lssiren,emergency,siren,/kaggle/input/datasets/jeancdevx/lssiren/lssiren/Emergency Vehicle Sirens/ambulance353.wav,4.0,0.11245598644018173,0.05124739557504654,0.11177166334661355,1081.4115262955156,1309.6774854680025,1801.5438247011953,19.38292121887207,-246.51014709472656,124.68516540527344,-246.51014709472656,124.68516540527344,-5.07538366317749,19.775869369506836,2.775871992111206,26.68604278564453,13.25133991241455,17.32309341430664,7.691350936889648,6.910691261291504,-6.770710468292236,-1.146021842956543,1.8554904460906982
lssiren,emergency,siren,/kaggle/input/datasets/jeancdevx/lssiren/lssiren/Emergency Vehicle Sirens/ambulance530.wav,3.008,0.27273130416870117,0.06345661729574203,0.19035734953703703,2306.382121100128,1737.7653488092094,4271.329365079365,41.19621658325195,-83.3319320678711,33.056915283203125,-83.3319320678711,33.056915283203125,-62.089935302734375,-23.4062557220459,-7.160817623138428,9.27872371673584,3.4283480644226074,6.720269680023193,3.9957666397094727,5.084526062011719,-6.081271171569824,-4.957542896270752,-16.14348030090332
lssiren,emergency,siren,/kaggle/input/datasets/jeancdevx/lssiren/lssiren/Emergency Vehicle Sirens/ambulance835.wav,4.0,0.2031211405992508,0.030619919300079346,0.11153044073705179,1419.1039716749603,1181.9393386631004,2440.550298804781,32.84098815917969,-151.00306701660156,105.42517852783203,-151.00306701660156,105.42517852783203,-73.74070739746094,-13.606369018554688,-37.48092269897461,5.141422748565674,0.15651018917560577,-5.768888473510742,-20.517391204833984,1.9082072973251343,-1.9329197406768799,0.96079421043396,-12.186989784240723
lssiren,emergency,siren,/kaggle/input/datasets/jeancdevx/lssiren/lssiren/Emergency Vehicle Sirens/ambulance307.wav,4.0,0.1314469873905182,0.05952439084649086,0.11437064243027889,1035.2821273357715,1227.201551626965,1545.4432270916334,21.37404441833496,-256.7880859375,126.00218200683594,-256.7880859375,126.00218200683594,-9.51543140411377,15.780988693237305,3.7342042922973633,23.320945739746094,11.954504013061523,18.425161361694336,12.999251365661621,13.819327354431152,2.304774045944214,-2.4883663654327393,-4.027609348297119
lssiren,non_emergency,road_noise,/kaggle/input/datasets/jeancdevx/lssiren/lssiren/Road Noises/road550.wav,4.0,0.03964465856552124,0.013135409913957119,0.1243113483565737,1548.7532228176353,1466.0971476298275,3060.50796812749,6.365215301513672,-231.18800354003906,106.66535186767578,-231.18800354003906,106.66535186767578,-34.771873474121094,35.963436126708984,-5.532134056091309,13.288984298706055,-8.187748908996582,-3.6475024223327637,-9.632725715637207,-4.710710048675537,-9.441046714782715,2.322030782699585,-5.184603214263916
lssiren,emergency,siren,/kaggle/input/datasets/jeancdevx/lssiren/lssiren/Emergency Vehicle Sirens/ambulance455.wav,4.0,0.28023046255111694,0.07526275515556335,0.11159269173306773,1388.6273204292643,1397.2757991636483,2838.209661354582,66.3987045288086,-80.64601135253906,114.62661743164062,-80.64601135253906,114.62661743164062,-35.58893585205078,53.597843170166016,-14.403151512145996,5.793863296508789,11.230353355407715,14.394488334655762,-1.331170916557312,11.90688419342041,9.038819313049316,5.371762275695801,0.7851918935775757
lssiren,emergency,siren,/kaggle/input/datasets/jeancdevx/lssiren/lssiren/Emergency Vehicle Sirens/ambulance273.wav,4.0,0.29057615995407104,0.0416301004588604,0.1075269235557769,1420.6285709569656,1480.0729044799837,2990.102091633466,61.72997283935547,-72.20709228515625,108.21588134765625,-72.20709228515625,108.21588134765625,-22.024612426757812,61.674827575683594,-17.043806076049805,10.013936042785645,19.61688232421875,18.861234664916992,1.7647244930267334,6.021933555603027,-11.687844276428223,-4.623356819152832,3.1677663326263428
lssiren,non_emergency,road_noise,/kaggle/input/datasets/jeancdevx/lssiren/lssiren/Road Noises/road539.wav,3.008,0.26960617303848267,0.10080058872699738,0.23780588624338625,2549.2337197260113,1733.4708802782045,4470.238095238095,50.50096130371094,-93.9385757446289,40.457305908203125,-93.9385757446289,40.457305908203125,-28.023927688598633,0.750343918800354,-12.156749725341797,19.51941680908203,-1.0188907384872437,-6.892868995666504,-11.800013542175293,-0.6333584785461426,5.936261177062988,0.8171903491020203,-15.657048225402832
lssiren,emergency,siren,/kaggle/input/datasets/jeancdevx/lssiren/lssiren/Emergency Vehicle Sirens/ambulance194.wav,3.0,0.4524833858013153,0.09035010635852814,0.15945499501329788,1713.411306869485,1188.7973696945432,2575.0498670212764,63.81288528442383,-214.44813537597656,63.9682502746582,-214.44813537597656,63.9682502746582,-39.45578384399414,-37.09196853637695,-20.73819351196289,39.22979736328125,16.836017608642578,-31.38960075378418,-28.98890495300293,24.71714973449707,-7.230743408203125,-29.424129486083984,-8.793038368225098
lssiren,emergency,siren,/kaggle/input/datasets/jeancdevx/lssiren/lssiren/Emergency Vehicle Sirens/ambulance819.wav,4.0,0.03627413138747215,0.016901446506381035,0.07379855577689243,1144.3241208061593,1380.9741451804532,2523.0328685258964,7.722256660461426,-330.5981140136719,114.79743194580078,-330.5981140136719,114.79743194580078,-27.957866668701172,51.11140441894531,5.0785322189331055,28.745798110961914,11.834538459777832,12.991377830505371,3.8456227779388428,-1.008997917175293,10.96086597442627,6.921871185302734,3.1767165660858154
lssiren,non_emergency,road_noise,/kaggle/input/datasets/jeancdevx/lssiren/lssiren/Road Noises/road186.wav,4.0,0.009697641246020794,0.003717027371749282,0.11664280378486055,1842.2202454126063,1902.3877732933122,4058.266932270916,1.714897632598877,-369.1329650878906,80.21025085449219,-369.1329650878906,80.21025085449219,-4.112546920776367,29.322511672973633,0.7448577284812927,8.550727844238281,-0.04355621337890625,9.794410705566406,2.2525036334991455,10.037870407104492,3.3756701946258545,8.443601608276367,5.685301303863525
lssiren,non_emergency,road_noise,/kaggle/input/datasets/jeancdevx/lssiren/lssiren/Road Noises/road41.wav,4.0,0.1390470564365387,0.03919549286365509,0.06758123754980079,1534.5468191841999,1794.5389136741037,3290.2763944223107,22.084897994995117,-134.87628173828125,99.86310577392578,-134.87628173828125,99.86310577392578,-12.851883888244629,3.5094821453094482,8.4993314743042,13.027057647705078,6.297762393951416,17.951231002807617,5.423972129821777,9.43355655670166,0.012148427776992321,6.614161491394043,0.3838379979133606
lssiren,emergency,siren,/kaggle/input/datasets/jeancdevx/lssiren/lssiren/Emergency Vehicle Sirens/ambulance836.wav,4.0,0.13419406116008759,0.01893175207078457,0.14241471613545817,1525.1787101221719,1243.6529442002302,2635.084661354582,31.772396087646484,-159.6767578125,110.92903137207031,-159.6767578125,110.92903137207031,-62.99403762817383,-10.598072052001953,-33.511924743652344,11.779452323913574,8.470855712890625,2.238628625869751,-16.25312614440918,7.072510719299316,3.4753942489624023,3.5023536682128906,-17.305173873901367
lssiren,non_emergency,road_noise,/kaggle/input/datasets/jeancdevx/lssiren/lssiren/Road Noises/road312.wav,4.0,0.01615091785788536,0.006019388325512409,0.14198284985059761,1819.2418211486986,1735.8480285703592,3512.2634462151395,3.5501787662506104,-298.2486572265625,85.98444366455078,-298.2486572265625,85.98444366455078,-31.901079177856445,13.408226013183594,8.679917335510254,11.734126091003418,7.422320365905762,11.169671058654785,0.7657533884048462,0.9353190660476685,-2.9993300437927246,5.11226749420166,0.4923974275588989
lssiren,emergency,siren,/kaggle/input/datasets/jeancdevx/lssiren/lssiren/Emergency Vehicle Sirens/ambulance784.wav,4.0,0.34224554896354675,0.37153714895248413,0.11342520542828685,1216.2969425678912,954.9897025171389,1784.238047808765,9.02479076385498,-375.9573669433594,47.34659957885742,-375.9573669433594,47.34659957885742,-18.621625900268555,-18.09156036376953,-23.88945770263672,-15.570714950561523,12.418896675109863,27.964359283447266,9.182000160217285,-12.418917655944824,-13.116222381591797,-11.03780746459961,-7.030862331390381
lssiren,non_emergency,road_noise,/kaggle/input/datasets/jeancdevx/lssiren/lssiren/Road Noises/road833.wav,4.0,0.05684659257531166,0.011612900532782078,0.12819425423306774,1800.838658707938,1818.2411159265623,3875.186752988048,12.068344116210938,-182.49801635742188,85.67070770263672,-182.49801635742188,85.67070770263672,-10.55191707611084,21.798572540283203,-3.012389898300171,14.491299629211426,-5.908277988433838,-0.0950920432806015,-7.2138752937316895,-2.8307013511657715,-10.085350036621094,-1.6219640970230103,-11.11320972442627
lssiren,emergency,siren,/kaggle/input/datasets/jeancdevx/lssiren/lssiren/Emergency Vehicle Sirens/ambulance73.wav,4.0,0.319454550743103,0.08960478007793427,0.15249159611553784,1692.997833185704,1131.2531927049486,2564.0562749003984,62.58655548095703,-337.7686767578125,40.422157287597656,-337.7686767578125,40.422157287597656,-40.31913757324219,-8.66753101348877,-7.763296604156494,16.376882553100586,20.406173706054688,0.7674234509468079,3.533325672149658,19.504474639892578,-3.199033737182617,-14.06323528289795,-10.222063064575195
lssiren,emergency,siren,/kaggle/input/datasets/jeancdevx/lssiren/lssiren/Emergency Vehicle Sirens/ambulance94.wav,4.0,0.2957601249217987,0.08763163536787033,0.07951786603585657,1292.693544571921,1389.620767031096,2706.113047808765,73.89868927001953,-111.55651092529297,102.72470092773438,-111.55651092529297,102.72470092773438,-41.78003692626953,54.33610534667969,-0.701673150062561,20.36737060546875,28.18304443359375,25.113319396972656,-3.296949863433838,14.790559768676758,3.4884655475616455,8.0210542678833,-0.1140126958489418
lssiren,emergency,siren,/kaggle/input/datasets/jeancdevx/lssiren/lssiren/Emergency Vehicle Sirens/ambulance926.wav,2.9,0.3202933967113495,0.09824071824550629,0.14361371050824176,1345.3308695993228,1109.067231292381,2470.467032967033,99.83133697509766,-157.41090393066406,124.70347595214844,-157.41090393066406,124.70347595214844,-62.17843246459961,35.87637710571289,-21.217227935791016,25.078296661376953,35.02483367919922,11.46561336517334,2.6540558338165283,14.046070098876953,0.9020019173622131,-7.2551188468933105,-5.12559175491333
lssiren,emergency,siren,/kaggle/input/datasets/jeancdevx/lssiren/lssiren/Emergency Vehicle Sirens/ambulance602.wav,3.008,0.40430939197540283,0.06018861010670662,0.16669250165343916,1976.6991236729914,1451.0142062088837,3119.5436507936506,67.97010803222656,-175.39971923828125,58.95597839355469,-175.39971923828125,58.95597839355469,-49.23004150390625,-15.921863555908203,-16.014326095581055,7.271327972412109,16.39961051940918,-3.1775457859039307,-15.615262985229492,0.5355437994003296,2.1654911041259766,-4.715462684631348,-9.643270492553711
lssiren,emergency,siren,/kaggle/input/datasets/jeancdevx/lssiren/lssiren/Emergency Vehicle Sirens/ambulance54.wav,4.0,0.5059767961502075,0.10777030140161514,0.11326179656374502,1379.8248335770916,1168.4171111054227,2052.53984063745,15.123356819152832,-337.39208984375,63.13016128540039,-337.39208984375,63.13016128540039,-15.038944244384766,-19.27672004699707,-19.034231185913086,-12.92285442352295,25.30255126953125,42.201866149902344,17.197160720825195,-14.93995475769043,-36.82804489135742,-14.42182731628418,12.542389869689941
lssiren,non_emergency,road_noise,/kaggle/input/datasets/jeancdevx/lssiren/lssiren/Road Noises/road788.wav,4.0,0.10242632031440735,0.024324383586645126,0.08386376369521913,1439.9200417210052,1612.8615578936322,3144.360059760956,21.902238845825195,-159.65042114257812,103.7918472290039,-159.65042114257812,103.7918472290039,-13.964213371276855,32.55323791503906,1.0812793970108032,16.584331512451172,-7.54682731628418,-0.20659293234348297,-6.189733028411865,-4.290927410125732,-14.157145500183105,-0.3699142038822174,-11.548402786254883
lssiren,non_emergency,road_noise,/kaggle/input/datasets/jeancdevx/lssiren/lssiren/Road Noises/road463.wav,4.0,0.06986216455698013,0.028492076322436333,0.032160420816733065,710.3445525156803,1197.6549841349417,1268.2395418326694,15.721114158630371,-294.6966552734375,159.48345947265625,-294.6966552734375,159.48345947265625,8.754656791687012,6.291243553161621,14.381035804748535,17.90482521057129,14.817911148071289,7.31363582611084,-4.851778984069824,5.476190567016602,1.5608031749725342,6.492133140563965,1.224185585975647
lssiren,emergency,siren,/kaggle/input/datasets/jeancdevx/lssiren/lssiren/Emergency Vehicle Sirens/ambulance301.wav,4.0,0.1334102749824524,0.08069871366024017,0.12466540089641434,1075.7936086846355,1148.0285893250846,1433.9516932270917,20.156660079956055,-274.8509216308594,128.5111083984375,-274.8509216308594,128.5111083984375,-14.718815803527832,10.71745491027832,6.873659610748291,24.143421173095703,14.367227554321289,14.070695877075195,8.330768585205078,12.538416862487793,3.7298266887664795,-0.44739094376564026,-6.025729179382324
lssiren,emergency,siren,/kaggle/input/datasets/jeancdevx/lssiren/lssiren/Emergency Vehicle Sirens/ambulance626.wav,3.008,0.3922134339809418,0.13935412466526031,0.14869584986772486,1502.2388617035067,1040.1564516802875,2100.2810846560847,60.89265060424805,-238.49826049804688,83.1495132446289,-238.49826049804688,83.1495132446289,-68.36738586425781,-15.658366203308105,-7.2107977867126465,-10.524168968200684,4.697903633117676,1.1509705781936646,3.1842973232269287,2.001065969467163,-18.281164169311523,-20.51641273498535,-11.567805290222168
lssiren,non_emergency,road_noise,/kaggle/input/datasets/jeancdevx/lssiren/lssiren/Road Noises/road222.wav,4.0,0.13960637152194977,0.040241558104753494,0.0777242592131474,1656.6808613927712,1885.2138015119237,3698.4561752988047,22.511659622192383,-125.35223388671875,93.2442398071289,-125.35223388671875,93.2442398071289,-9.169740676879883,3.327106237411499,6.177993297576904,10.979144096374512,4.811765193939209,15.783989906311035,5.672566890716553,7.955210208892822,-1.3017359972000122,5.26662540435791,-1.4885642528533936
lssiren,emergency,siren,/kaggle/input/datasets/jeancdevx/lssiren/lssiren/Emergency Vehicle Sirens/ambulance343.wav,1.2075,0.13657549023628235,0.02823803946375847,0.08598889802631579,1088.8048623206516,1330.8080933323333,1829.358552631579,28.98727798461914,-174.9625244140625,133.6427764892578,-174.9625244140625,133.6427764892578,-10.794461250305176,10.289048194885254,4.7871575355529785,21.803146362304688,7.6014404296875,11.85844898223877,1.2985198497772217,4.499766826629639,-9.271990776062012,-0.8271265029907227,-2.4348292350769043
lssiren,emergency,siren,/kaggle/input/datasets/jeancdevx/lssiren/lssiren/Emergency Vehicle Sirens/ambulance878.wav,4.0,0.3314594328403473,0.09642387181520462,0.039770605079681276,866.3322725219543,1273.492971735944,2141.3720119521913,80.8043441772461,-182.4995574951172,116.32737731933594,-182.4995574951172,116.32737731933594,-12.24084758758545,65.55615997314453,-2.1484780311584473,23.331771850585938,25.08594512939453,7.551921367645264,-0.5810732841491699,7.920874118804932,1.4928449392318726,3.429896116256714,9.560352325439453
lssiren,non_emergency,road_noise,/kaggle/input/datasets/jeancdevx/lssiren/lssiren/Road Noises/road260.wav,4.0,0.003121452173218131,0.001180073362775147,0.12785576444223107,1627.4889324354888,1667.4965737746065,3113.8570717131474,0.6968377828598022,-469.541259765625,107.26910400390625,-469.541259765625,107.26910400390625,-22.369319915771484,-9.664750099182129,-6.5453104972839355,1.3244969844818115,-2.4169650077819824,5.395669937133789,1.3278719186782837,6.316249847412109,-0.658070981502533,4.959320545196533,-1.8538663387298584
lssiren,emergency,siren,/kaggle/input/datasets/jeancdevx/lssiren/lssiren/Emergency Vehicle Sirens/ambulance550.wav,3.0,0.10455728322267532,0.017732596024870872,0.189453125,2211.78907199984,1822.674341977385,4332.36369680851,21.076250076293945,-149.80584716796875,63.88803482055664,-149.80584716796875,63.88803482055664,-30.6280460357666,-13.003610610961914,-2.921161413192749,21.25575065612793,1.5423099994659424,-9.733675956726074,-16.972179412841797,6.963308811187744,4.776001930236816,2.057443857192993,-18.960922241210938
lssiren,emergency,siren,/kaggle/input/datasets/jeancdevx/lssiren/lssiren/Emergency Vehicle Sirens/ambulance799.wav,4.0,0.3827855587005615,0.3849869966506958,0.11225799925298804,1266.5029482997038,1025.3751093877252,2073.207171314741,12.148774147033691,-356.3981018066406,46.81084442138672,-356.3981018066406,46.81084442138672,-19.889249801635742,-18.690763473510742,-29.74252700805664,-20.47309684753418,9.60888671875,29.360708236694336,12.312326431274414,2.040541410446167,-10.343700408935547,-11.540607452392578,-6.420843601226807
lssiren,non_emergency,road_noise,/kaggle/input/datasets/jeancdevx/lssiren/lssiren/Road Noises/road313.wav,4.0,0.023506201803684235,0.004151598550379276,0.23815285732071714,2275.2866846017882,1955.7881332168367,4508.652888446215,4.935029029846191,-281.6194152832031,80.29703521728516,-281.6194152832031,80.29703521728516,-12.52956771850586,16.179317474365234,-0.008164637722074986,23.597726821899414,-8.535950660705566,17.213300704956055,-5.4807000160217285,9.036673545837402,6.015018939971924,-1.4319785833358765,10.07236099243164
lssiren,non_emergency,road_noise,/kaggle/input/datasets/jeancdevx/lssiren/lssiren/Road Noises/road658.wav,4.0,0.05145727097988129,0.010700101032853127,0.035739853087649404,694.2097815212691,1133.2664737373111,1239.7285856573706,10.887943267822266,-311.8232116699219,169.4439697265625,-311.8232116699219,169.4439697265625,2.761714220046997,5.165351390838623,19.99352264404297,14.653511047363281,13.76826286315918,9.041930198669434,-3.088735818862915,8.512124061584473,2.8870058059692383,1.3952581882476807,-0.7024106979370117
lssiren,non_emergency,road_noise,/kaggle/input/datasets/jeancdevx/lssiren/lssiren/Road Noises/road353.wav,4.0,0.035415202379226685,0.009925042279064655,0.1499120704681275,1791.3439424703272,1619.4908379300214,3276.2699203187253,7.828743934631348,-220.62716674804688,85.4007797241211,-220.62716674804688,85.4007797241211,-45.80436706542969,10.624418258666992,8.450235366821289,16.597658157348633,7.58604621887207,12.11142349243164,5.151861190795898,7.333153247833252,-1.1308097839355469,7.639397621154785,3.511105537414551
lssiren,emergency,siren,/kaggle/input/datasets/jeancdevx/lssiren/lssiren/Emergency Vehicle Sirens/ambulance521.wav,3.008,0.2036377191543579,0.07213316112756729,0.20941323578042328,2362.1417787915925,1816.0821677853216,4421.378968253968,42.99814224243164,-80.72661590576172,51.43939208984375,-80.72661590576172,51.43939208984375,-25.62165641784668,5.184373378753662,-13.169490814208984,15.854972839355469,-4.548062324523926,0.5950214266777039,-1.132188320159912,0.6918257474899292,-0.9583470821380615,-0.4597841203212738,-12.048318862915039
lssiren,non_emergency,road_noise,/kaggle/input/datasets/jeancdevx/lssiren/lssiren/Road Noises/road716.wav,4.0,0.030009349808096886,0.005957179702818394,0.05694409860557769,902.9134040586954,1274.8211678975188,1630.6025896414342,6.304364204406738,-324.0781555175781,154.52682495117188,-324.0781555175781,154.52682495117188,-3.6838269233703613,9.909810066223145,16.556194305419922,16.301973342895508,7.830935478210449,2.575198173522949,-11.128201484680176,7.216458797454834,-2.634692668914795,1.4834342002868652,-0.4182230532169342
lssiren,non_emergency,road_noise,/kaggle/input/datasets/jeancdevx/lssiren/lssiren/Road Noises/road611.wav,4.0,0.04383246600627899,0.010657071135938168,0.05115475597609562,885.622144115157,1303.0235706801045,1519.4223107569721,8.799521446228027,-290.6891174316406,153.22434997558594,-290.6891174316406,153.22434997558594,2.4852144718170166,8.69815444946289,12.74216079711914,10.966042518615723,9.798025131225586,4.353304386138916,-0.2858807146549225,9.599896430969238,0.13862913846969604,-0.702063262462616,-5.961803436279297
lssiren,non_emergency,road_noise,/kaggle/input/datasets/jeancdevx/lssiren/lssiren/Road Noises/road557.wav,4.0,0.029780762270092964,0.008130574598908424,0.13746576195219123,1593.578855224188,1464.9905809101097,2942.044322709163,6.730586051940918,-250.32537841796875,104.72254943847656,-250.32537841796875,104.72254943847656,-41.54014587402344,23.717287063598633,-0.5938209891319275,8.698405265808105,-8.848875045776367,4.879552841186523,-8.498503684997559,-4.624956130981445,-9.783748626708984,0.648468017578125,-9.049112319946289
lssiren,emergency,siren,/kaggle/input/datasets/jeancdevx/lssiren/lssiren/Emergency Vehicle Sirens/ambulance428.wav,3.0,0.26003560423851013,0.06546089798212051,0.1902115192819149,2520.52166063968,1876.9339627368788,4746.924867021276,42.46866226196289,-60.32140350341797,26.079099655151367,-60.32140350341797,26.079099655151367,-45.821041107177734,-14.696847915649414,-29.55721664428711,-1.8908838033676147,-2.735187292098999,10.785797119140625,5.55741548538208,4.721854209899902,-6.669248104095459,-4.178272724151611,-15.021502494812012
lssiren,emergency,siren,/kaggle/input/datasets/jeancdevx/lssiren/lssiren/Emergency Vehicle Sirens/ambulance35.wav,4.0,0.1199321374297142,0.03776926174759865,0.12947818102589642,1172.2973535912079,1033.461181234305,1509.3999003984063,33.98161315917969,-218.3557891845703,138.59010314941406,-218.3557891845703,138.59010314941406,-47.697784423828125,-10.37769603729248,6.566406726837158,35.40103530883789,22.415517807006836,23.64691162109375,7.114851951599121,2.6482584476470947,-10.838275909423828,-5.100743770599365,-5.216974258422852
lssiren,non_emergency,road_noise,/kaggle/input/datasets/jeancdevx/lssiren/lssiren/Road Noises/road785.wav,4.0,0.03201894089579582,0.007496734149754047,0.05324794571713148,1009.2765363903898,1486.4390713401654,1849.4148406374502,7.158480644226074,-313.4114074707031,135.42454528808594,-313.4114074707031,135.42454528808594,4.834886074066162,6.4242329597473145,8.635615348815918,22.197505950927734,12.040972709655762,8.371844291687012,1.53827702999115,5.412527084350586,2.6092212200164795,-3.1665477752685547,-4.3211588859558105
lssiren,non_emergency,road_noise,/kaggle/input/datasets/jeancdevx/lssiren/lssiren/Road Noises/road775.wav,4.0,0.02987898886203766,0.010588329285383224,0.06760458167330677,1018.1148381311259,1355.3975622173084,1782.4327689243028,6.413154125213623,-309.92938232421875,147.26406860351562,-309.92938232421875,147.26406860351562,-9.049657821655273,1.4554704427719116,11.467719078063965,12.775712013244629,10.789427757263184,6.121211528778076,-11.552294731140137,9.605213165283203,1.459004282951355,2.8694114685058594,-0.7232277989387512
lssiren,emergency,siren,/kaggle/input/datasets/jeancdevx/lssiren/lssiren/Emergency Vehicle Sirens/ambulance655.wav,4.0,0.10233181715011597,0.033120300620794296,0.0980569907868526,1136.1930730563035,1282.8425705139018,1813.6827689243028,25.88356590270996,-210.81150817871094,128.6497344970703,-210.81150817871094,128.6497344970703,-24.044870376586914,4.741946220397949,3.9706692695617676,27.914417266845703,17.741851806640625,24.29697608947754,7.061636447906494,2.9473719596862793,-8.324738502502441,-0.8327266573905945,-3.4626717567443848
lssiren,non_emergency,road_noise,/kaggle/input/datasets/jeancdevx/lssiren/lssiren/Road Noises/road706.wav,4.0,0.020145658403635025,0.008673379197716713,0.04330723979083665,910.22536913004,1378.8091121195177,1820.6548804780878,4.542879104614258,-382.2154846191406,138.27517700195312,-382.2154846191406,138.27517700195312,-5.303870677947998,15.743121147155762,20.251291275024414,17.25897789001465,14.452393531799316,11.566180229187012,-2.7188379764556885,7.305865287780762,0.826894223690033,5.70811653137207,-1.5401335954666138
lssiren,non_emergency,road_noise,/kaggle/input/datasets/jeancdevx/lssiren/lssiren/Road Noises/road138.wav,4.0,0.008253853768110275,0.002446569502353668,0.06620393426294821,1310.0100189623743,1549.2030548466898,2517.741533864542,1.5567952394485474,-430.08184814453125,113.39686584472656,-430.08184814453125,113.39686584472656,-28.356491088867188,7.473471641540527,18.461793899536133,22.146957397460938,4.602062225341797,15.401376724243164,6.573966026306152,11.57559871673584,6.561221122741699,11.345843315124512,3.6806271076202393
lssiren,emergency,siren,/kaggle/input/datasets/jeancdevx/lssiren/lssiren/Emergency Vehicle Sirens/ambulance643.wav,4.0,0.16275794804096222,0.03568166121840477,0.11076397534860558,1057.004252714476,1273.5486775019017,1682.2086653386455,14.456192970275879,-231.57131958007812,125.13780975341797,-231.57131958007812,125.13780975341797,0.6520896553993225,23.23760414123535,-6.378550052642822,20.214859008789062,15.82989501953125,20.675485610961914,8.151073455810547,1.0334264039993286,-9.517308235168457,0.03090582974255085,3.1376256942749023
lssiren,non_emergency,road_noise,/kaggle/input/datasets/jeancdevx/lssiren/lssiren/Road Noises/road715.wav,4.0,0.024714985862374306,0.005851081572473049,0.03559200697211155,763.235357941616,1243.6819593157522,1407.7440239043824,5.91054105758667,-376.7373046875,152.07965087890625,-376.7373046875,152.07965087890625,-0.2237415462732315,12.267854690551758,16.188215255737305,20.547443389892578,14.038204193115234,10.95854377746582,-2.1546242237091064,6.739246368408203,0.34038323163986206,3.6784462928771973,1.1891566514968872
lssiren,non_emergency,road_noise,/kaggle/input/datasets/jeancdevx/lssiren/lssiren/Road Noises/road83.wav,4.0,0.08537661284208298,0.058299195021390915,0.13601064492031872,1747.394671089996,1548.4374728401392,3270.356075697211,16.12189483642578,-169.3016357421875,90.06089782714844,-169.3016357421875,90.06089782714844,-48.22108459472656,11.3020658493042,1.9269248247146606,18.772851943969727,-1.3826617002487183,7.013227939605713,4.6197309494018555,4.600950717926025,3.1409521102905273,8.332736015319824,3.0042121410369873
lssiren,non_emergency,road_noise,/kaggle/input/datasets/jeancdevx/lssiren/lssiren/Road Noises/road528.wav,3.0,0.12937499582767487,0.04801478236913681,0.18012383643617022,2159.9278326757562,1918.3776638804916,4522.689494680851,27.253238677978516,-88.3569107055664,73.28670501708984,-88.3569107055664,73.28670501708984,-6.791433334350586,15.149312973022461,-25.168161392211914,9.477226257324219,-21.902385711669922,3.651986598968506,-11.106071472167969,-4.485188961029053,-6.894524574279785,-8.525875091552734,-11.66968822479248
lssiren,non_emergency,road_noise,/kaggle/input/datasets/jeancdevx/lssiren/lssiren/Road Noises/road212.wav,4.0,0.07656848430633545,0.035441163927316666,0.22699825697211157,2610.061501130873,1984.5022364271306,4988.732569721115,16.07191276550293,-133.03573608398438,34.927921295166016,-133.03573608398438,34.927921295166016,-28.087949752807617,10.73735523223877,-3.079486608505249,17.816730499267578,5.002902030944824,14.585102081298828,4.716278553009033,10.453360557556152,2.8169703483581543,8.98717975616455,4.081596374511719
lssiren,non_emergency,road_noise,/kaggle/input/datasets/jeancdevx/lssiren/lssiren/Road Noises/road55.wav,4.0,0.022086109966039658,0.004480062518268824,0.05625933764940239,1179.574291367458,1485.140476834704,2347.796314741036,4.649538040161133,-352.9979248046875,111.08653259277344,-352.9979248046875,111.08653259277344,-30.419858932495117,15.967949867248535,20.230058670043945,32.833282470703125,21.74464225769043,23.190710067749023,11.009827613830566,11.356308937072754,-0.9080445766448975,4.16709041595459,-1.8184125423431396
lssiren,non_emergency,road_noise,/kaggle/input/datasets/jeancdevx/lssiren/lssiren/Road Noises/road484.wav,4.0,0.05662388354539871,0.01606634631752968,0.04441997634462151,779.596603040009,1164.792098743317,1399.2156374501992,9.900837898254395,-285.7608947753906,162.9365234375,-285.7608947753906,162.9365234375,-1.0234570503234863,16.29009437561035,6.516374111175537,15.800309181213379,11.638355255126953,5.396579742431641,-2.0652246475219727,10.667007446289062,0.6447628736495972,-0.939100444316864,-0.9991846680641174
lssiren,emergency,siren,/kaggle/input/datasets/jeancdevx/lssiren/lssiren/Emergency Vehicle Sirens/ambulance674.wav,4.0,0.1039213240146637,0.03533337637782097,0.12991004731075698,1243.1749668683321,1118.5813439647168,1731.5737051792828,28.79373550415039,-218.90553283691406,127.26795196533203,-218.90553283691406,127.26795196533203,-51.537593841552734,-3.2101900577545166,8.689275741577148,35.683719635009766,23.518686294555664,20.429758071899414,6.6796875,2.9397571086883545,-9.992881774902344,1.7611465454101562,0.30820131301879883
lssiren,emergency,siren,/kaggle/input/datasets/jeancdevx/lssiren/lssiren/Emergency Vehicle Sirens/ambulance595.wav,3.008,0.21668517589569092,0.0761621817946434,0.17399346891534392,1867.4436465432964,1352.532690280559,2999.751984126984,35.82570266723633,-208.66639709472656,61.69949722290039,-208.66639709472656,61.69949722290039,-71.99427795410156,-15.269039154052734,-18.416481018066406,-5.335491180419922,0.5469712615013123,-10.38362979888916,-3.971914768218994,2.2603378295898438,-18.737577438354492,-8.760369300842285,-7.150508403778076
lssiren,emergency,siren,/kaggle/input/datasets/jeancdevx/lssiren/lssiren/Emergency Vehicle Sirens/ambulance519.wav,3.008,0.1796351969242096,0.05851156637072563,0.21071531911375663,2177.870503262485,1587.506479786324,3850.115740740741,35.10459518432617,-126.98516082763672,55.79527282714844,-126.98516082763672,55.79527282714844,-42.27683639526367,7.270324230194092,-16.927093505859375,1.1102546453475952,-5.451807498931885,18.138036727905273,9.87529468536377,4.000917911529541,-16.174457550048828,-11.381900787353516,-5.986410617828369
lssiren,non_emergency,road_noise,/kaggle/input/datasets/jeancdevx/lssiren/lssiren/Road Noises/road56.wav,4.0,0.09338772296905518,0.037085287272930145,0.12252163222111553,1754.1224434101578,1743.3445693788335,3621.3271912350597,19.87723159790039,-138.7276153564453,89.44478607177734,-138.7276153564453,89.44478607177734,-26.143030166625977,14.324703216552734,1.8268215656280518,21.209964752197266,8.738633155822754,17.291521072387695,0.9817385673522949,6.861856937408447,-3.2338600158691406,3.2181167602539062,-4.566817760467529
lssiren,emergency,siren,/kaggle/input/datasets/jeancdevx/lssiren/lssiren/Emergency Vehicle Sirens/ambulance347.wav,4.0,0.11442739516496658,0.05145140364766121,0.10393581922310757,1065.874465715136,1318.2006658286828,1767.492529880478,18.55648422241211,-250.25941467285156,125.07596588134766,-250.25941467285156,125.07596588134766,-7.928643226623535,13.773374557495117,8.058417320251465,22.61318016052246,16.89795684814453,20.212120056152344,5.410033702850342,8.13247013092041,-1.0098981857299805,0.15944984555244446,1.53801691532135
lssiren,non_emergency,road_noise,/kaggle/input/datasets/jeancdevx/lssiren/lssiren/Road Noises/road814.wav,4.0,0.2784874439239502,0.018730735406279564,0.13280082793824702,1894.20513251516,1908.5733645254081,4224.414840637451,59.9235954284668,-17.073394775390625,82.45035552978516,-17.073394775390625,82.45035552978516,-4.322042465209961,13.038457870483398,-15.450508117675781,6.3676581382751465,-9.756110191345215,-6.400618076324463,-18.535871505737305,-3.378960132598877,-9.891258239746094,-2.6764016151428223,-12.149787902832031
lssiren,non_emergency,road_noise,/kaggle/input/datasets/jeancdevx/lssiren/lssiren/Road Noises/road391.wav,4.0,0.08926043659448624,0.014094758778810501,0.17531436752988047,1858.6232338468517,1499.9607328958355,3317.6668326693225,19.844125747680664,-124.66111755371094,83.91451263427734,-124.66111755371094,83.91451263427734,-57.8507194519043,8.661640167236328,0.9077828526496887,22.19906997680664,-0.2710549533367157,8.057223320007324,1.2156262397766113,1.0778694152832031,-4.449487686157227,1.8580763339996338,-4.050041675567627
lssiren,non_emergency,road_noise,/kaggle/input/datasets/jeancdevx/lssiren/lssiren/Road Noises/road266.wav,4.0,0.023368436843156815,0.004700658842921257,0.06997011952191234,1114.8155315919234,1271.7961999513366,1913.8446215139443,4.663076877593994,-333.2388000488281,137.587158203125,-333.2388000488281,137.587158203125,-37.16875457763672,-1.7850910425186157,1.9131112098693848,26.27935028076172,8.60273551940918,21.990530014038086,5.386064529418945,10.767339706420898,4.278388500213623,10.527289390563965,3.7238590717315674
lssiren,non_emergency,road_noise,/kaggle/input/datasets/jeancdevx/lssiren/lssiren/Road Noises/road886.wav,4.0,0.15728889405727386,0.06258538365364075,0.08390656125498008,1413.8765898593488,1732.9574014057487,3163.1598605577688,35.32221984863281,-139.0272979736328,106.08078002929688,-139.0272979736328,106.08078002929688,19.321868896484375,30.972389221191406,-6.863813400268555,4.529245376586914,-1.3504631519317627,-7.075206756591797,-4.058630466461182,-3.3191375732421875,-7.040922164916992,-1.758879542350769,-8.735414505004883
lssiren,emergency,siren,/kaggle/input/datasets/jeancdevx/lssiren/lssiren/Emergency Vehicle Sirens/ambulance386.wav,4.0,0.449882835149765,0.09171975404024124,0.11372478834661355,1300.7411361941558,1025.6551814202573,1866.5338645418326,15.257560729980469,-349.5856018066406,63.711647033691406,-349.5856018066406,63.711647033691406,-17.42947769165039,-30.132213592529297,-35.62172317504883,1.235788345336914,39.77186584472656,35.95218276977539,13.768138885498047,1.4987645149230957,-27.248334884643555,-22.511077880859375,12.032809257507324
lssiren,emergency,siren,/kaggle/input/datasets/jeancdevx/lssiren/lssiren/Emergency Vehicle Sirens/ambulance96.wav,4.0,0.27740374207496643,0.04571449011564255,0.11799287226095617,1397.3032456633432,1318.2910288625815,2760.4581673306775,70.52336120605469,-80.46976470947266,117.9568099975586,-80.46976470947266,117.9568099975586,-46.792510986328125,51.33225631713867,-17.475563049316406,15.969236373901367,20.439128875732422,20.02330207824707,-4.015912055969238,14.620966911315918,4.542001724243164,2.2482411861419678,3.097659111022949
lssiren,non_emergency,road_noise,/kaggle/input/datasets/jeancdevx/lssiren/lssiren/Road Noises/road654.wav,4.0,0.040922489017248154,0.008398722857236862,0.040455366035856574,795.4911500169752,1211.4640400162684,1417.081673306773,8.543615341186523,-321.79046630859375,160.04248046875,-321.79046630859375,160.04248046875,-3.208284854888916,5.886302947998047,17.185470581054688,16.067867279052734,15.867022514343262,11.113245964050293,-1.280032992362976,11.904252052307129,1.0408638715744019,4.756975173950195,-1.0873491764068604
lssiren,emergency,siren,/kaggle/input/datasets/jeancdevx/lssiren/lssiren/Emergency Vehicle Sirens/ambulance233.wav,3.0,0.173762708902359,0.10105674713850021,0.12943089261968085,1329.029746253966,888.4684210630359,1723.0718085106382,22.616947174072266,-371.6949768066406,84.86078643798828,-371.6949768066406,84.86078643798828,-36.49162673950195,-19.810791015625,-20.534761428833008,10.87986946105957,25.341676712036133,19.55647850036621,1.1522657871246338,-8.85621452331543,-8.41867733001709,5.212357044219971,6.406131744384766
lssiren,non_emergency,road_noise,/kaggle/input/datasets/jeancdevx/lssiren/lssiren/Road Noises/road700.wav,4.0,0.04972149431705475,0.007735437713563442,0.05332965014940239,805.3163206271046,1131.2871634897451,1436.690737051793,10.887386322021484,-292.4060974121094,165.53915405273438,-292.4060974121094,165.53915405273438,-15.895577430725098,4.079239845275879,16.65517234802246,17.757394790649414,15.242298126220703,6.721292972564697,-0.6957599520683289,11.671916961669922,3.6572673320770264,1.9869399070739746,-1.4843955039978027
lssiren,emergency,siren,/kaggle/input/datasets/jeancdevx/lssiren/lssiren/Emergency Vehicle Sirens/ambulance259.wav,3.0,0.1655602604150772,0.04659775272011757,0.14469747340425532,1597.8445378204547,1194.3472363663209,2401.6788563829787,28.325847625732422,-289.3453674316406,87.5526123046875,-289.3453674316406,87.5526123046875,-44.493934631347656,-8.872537612915039,-13.635088920593262,23.20779037475586,17.723180770874023,2.3279619216918945,-7.456721305847168,10.418773651123047,1.341253399848938,-5.1408162117004395,-7.532371997833252
lssiren,emergency,siren,/kaggle/input/datasets/jeancdevx/lssiren/lssiren/Emergency Vehicle Sirens/ambulance275.wav,4.0,0.30506443977355957,0.0885942131280899,0.06268675298804781,1022.1551295726987,1314.0968456789064,2453.125,66.26846313476562,-159.67713928222656,114.22350311279297,-159.67713928222656,114.22350311279297,-20.84076499938965,57.446571350097656,-8.900155067443848,13.801851272583008,31.905437469482422,17.993003845214844,5.389101982116699,13.292640686035156,-3.62062931060791,0.5550944209098816,8.611947059631348
lssiren,emergency,siren,/kaggle/input/datasets/jeancdevx/lssiren/lssiren/Emergency Vehicle Sirens/ambulance727.wav,4.0,0.10082646459341049,0.028218984603881836,0.10486958416334662,1293.609258572513,1445.3606682016853,2422.061752988048,23.267826080322266,-209.60385131835938,111.28086853027344,-209.60385131835938,111.28086853027344,-14.68329906463623,16.604446411132812,5.578146934509277,30.487890243530273,13.537376403808594,10.948821067810059,6.851646900177002,5.0872883796691895,-4.867690563201904,4.1152777671813965,0.409079372882843
lssiren,non_emergency,road_noise,/kaggle/input/datasets/jeancdevx/lssiren/lssiren/Road Noises/road370.wav,4.0,0.06603017449378967,0.0494924895465374,0.10367514317729083,1490.942108533579,1386.8442261166433,2789.21812749004,10.564423561096191,-210.4497528076172,111.59333801269531,-210.4497528076172,111.59333801269531,-52.82380294799805,15.776176452636719,-6.740364074707031,10.796141624450684,12.182539939880371,14.063035011291504,7.856578350067139,12.403292655944824,-0.24886853992938995,6.105228900909424,6.535526275634766
lssiren,emergency,siren,/kaggle/input/datasets/jeancdevx/lssiren/lssiren/Emergency Vehicle Sirens/ambulance135.wav,4.0,0.3138338029384613,0.10180123150348663,0.1239183889442231,1487.984692343686,1367.4554258555208,2823.891932270916,56.18661880493164,-98.72978210449219,97.79959869384766,-98.72978210449219,97.79959869384766,-42.74617004394531,55.91754150390625,-3.432037591934204,11.206549644470215,20.45024871826172,19.39317512512207,2.5673325061798096,9.765731811523438,3.6157925128936768,0.039785925298929214,-2.335268974304199
lssiren,emergency,siren,/kaggle/input/datasets/jeancdevx/lssiren/lssiren/Emergency Vehicle Sirens/ambulance456.wav,3.0,0.17888998985290527,0.0855577290058136,0.16971409574468085,1892.79124479113,1655.7446449227195,3424.4514627659573,28.731016159057617,-144.07618713378906,78.81045532226562,-144.07618713378906,78.81045532226562,-20.118995666503906,9.213489532470703,-5.514456272125244,6.002183437347412,12.179295539855957,19.675779342651367,0.47898855805397034,-4.787902355194092,-12.640380859375,17.91226577758789,2.492408275604248
lssiren,emergency,siren,/kaggle/input/datasets/jeancdevx/lssiren/lssiren/Emergency Vehicle Sirens/ambulance760.wav,4.0,0.10395071655511856,0.1177777573466301,0.1389636765438247,1295.0847662010872,941.7424965766065,1720.2440239043824,15.270589828491211,-412.6485900878906,97.83241271972656,-412.6485900878906,97.83241271972656,-23.34331512451172,-42.11699676513672,-17.212692260742188,0.329600065946579,6.999833583831787,3.8802289962768555,-3.257215976715088,-11.08443546295166,-19.708524703979492,-11.17354965209961,-10.524810791015625
lssiren,non_emergency,road_noise,/kaggle/input/datasets/jeancdevx/lssiren/lssiren/Road Noises/road725.wav,4.0,0.049192458391189575,0.021567676216363907,0.05431788471115538,812.0966850393837,1128.8786517680253,1358.6279880478087,9.089045524597168,-295.2351989746094,170.6431427001953,-295.2351989746094,170.6431427001953,-5.115015983581543,-0.08762326091527939,7.315951824188232,18.698415756225586,17.132089614868164,7.170079231262207,-8.128632545471191,8.671968460083008,-0.4737195074558258,1.4050761461257935,0.4580822288990021
lssiren,emergency,siren,/kaggle/input/datasets/jeancdevx/lssiren/lssiren/Emergency Vehicle Sirens/ambulance575.wav,3.0,0.21539878845214844,0.05776098370552063,0.1566655585106383,1627.8799424444744,1272.2941601784967,2180.6017287234044,37.11418533325195,-225.38966369628906,79.1538314819336,-225.38966369628906,79.1538314819336,-50.91162109375,-38.762481689453125,-15.49366569519043,20.785036087036133,-5.453854084014893,-26.956214904785156,-25.02476692199707,1.620214581489563,0.5621799826622009,-12.933027267456055,-18.180580139160156
lssiren,emergency,siren,/kaggle/input/datasets/jeancdevx/lssiren/lssiren/Emergency Vehicle Sirens/ambulance150.wav,3.0,0.2112826555967331,0.0662703737616539,0.14349754820478725,1583.9334329292305,1204.9190938855602,2777.593085106383,45.231441497802734,-154.03109741210938,100.2420654296875,-154.03109741210938,100.2420654296875,-69.03473663330078,-5.554397106170654,-39.85016632080078,2.663393974304199,-9.535707473754883,14.472813606262207,-6.598750114440918,1.1309833526611328,-9.004454612731934,-7.772475719451904,-6.014486312866211
lssiren,non_emergency,road_noise,/kaggle/input/datasets/jeancdevx/lssiren/lssiren/Road Noises/road127.wav,4.0,0.022086109966039658,0.004480062518268824,0.05625933764940239,1179.574291367458,1485.140476834704,2347.796314741036,4.649538040161133,-352.9979248046875,111.08653259277344,-352.9979248046875,111.08653259277344,-30.419858932495117,15.967949867248535,20.230058670043945,32.833282470703125,21.74464225769043,23.190710067749023,11.009827613830566,11.356308937072754,-0.9080445766448975,4.16709041595459,-1.8184125423431396
lssiren,emergency,siren,/kaggle/input/datasets/jeancdevx/lssiren/lssiren/Emergency Vehicle Sirens/ambulance109.wav,4.0,0.30894553661346436,0.11648568511009216,0.058504264193227094,1116.492239414193,1355.509429540673,2574.8256972111553,78.92036437988281,-144.96615600585938,107.83719635009766,-144.96615600585938,107.83719635009766,-26.15617561340332,62.2039909362793,-2.721680164337158,20.164766311645508,31.5874080657959,18.40709114074707,-1.636378288269043,7.202610969543457,1.4720302820205688,1.369626522064209,2.105569839477539
lssiren,non_emergency,road_noise,/kaggle/input/datasets/jeancdevx/lssiren/lssiren/Road Noises/road107.wav,4.0,0.16100485622882843,0.03334345668554306,0.07057317604581673,1321.83685856368,1610.5062126082728,2834.4123505976095,29.098875045776367,-120.0975341796875,115.17217254638672,-120.0975341796875,115.17217254638672,-7.7818603515625,21.153417587280273,2.5602545738220215,14.508061408996582,7.1020989418029785,2.75329327583313,-4.663032054901123,9.539597511291504,-2.2313172817230225,4.1141743659973145,0.5375493168830872
lssiren,emergency,siren,/kaggle/input/datasets/jeancdevx/lssiren/lssiren/Emergency Vehicle Sirens/ambulance861.wav,4.0,0.24228399991989136,0.04219301417469978,0.1740265500498008,1791.375111098666,1160.782955851883,2704.3700199203186,72.85276794433594,-151.0740203857422,67.24816131591797,-151.0740203857422,67.24816131591797,-91.93601989746094,-18.781330108642578,-3.827146530151367,28.194602966308594,-4.923478126525879,-9.415428161621094,-2.4212119579315186,0.29698777198791504,-19.51161766052246,-7.513984203338623,0.05001423880457878
lssiren,emergency,siren,/kaggle/input/datasets/jeancdevx/lssiren/lssiren/Emergency Vehicle Sirens/ambulance713.wav,4.0,0.12901268899440765,0.04340233653783798,0.13996747385458166,1279.333977995415,1080.987876994812,1687.9980079681275,38.97688674926758,-212.67735290527344,124.43583679199219,-212.67735290527344,124.43583679199219,-52.944828033447266,-1.7631937265396118,8.86673641204834,35.761756896972656,27.96491050720215,19.927318572998047,2.310781717300415,0.7283469438552856,-10.483160018920898,-3.0036840438842773,1.4965643882751465
lssiren,emergency,siren,/kaggle/input/datasets/jeancdevx/lssiren/lssiren/Emergency Vehicle Sirens/ambulance473.wav,3.0,0.11717936396598816,0.062033019959926605,0.15282683676861702,1758.7799247113323,1587.9837237169324,3224.3184840425533,19.537691116333008,-169.62167358398438,84.35477447509766,-169.62167358398438,84.35477447509766,-32.145389556884766,9.17912483215332,3.5039260387420654,24.13501739501953,6.211725234985352,7.319726943969727,4.830667972564697,8.230781555175781,3.700423002243042,17.663646697998047,5.151170253753662
lssiren,non_emergency,road_noise,/kaggle/input/datasets/jeancdevx/lssiren/lssiren/Road Noises/road17.wav,4.0,0.23265476524829865,0.04078000411391258,0.01750031125498008,778.6388973827002,1306.4547483450935,1618.5258964143427,28.598133087158203,-195.50143432617188,136.47311401367188,-195.50143432617188,136.47311401367188,2.0875983238220215,28.32362937927246,9.347491264343262,8.570025444030762,6.0991010665893555,9.08629322052002,3.902107000350952,8.487257957458496,8.45350456237793,5.254619121551514,1.7427740097045898
lssiren,non_emergency,road_noise,/kaggle/input/datasets/jeancdevx/lssiren/lssiren/Road Noises/road764.wav,4.0,0.0458807647228241,0.009262070059776306,0.036233970368525895,732.1413667963417,1149.828475580995,1312.562250996016,9.452765464782715,-318.4104919433594,165.05972290039062,-318.4104919433594,165.05972290039062,1.3900094032287598,10.53409194946289,16.135719299316406,14.966411590576172,13.595062255859375,6.225907802581787,-6.8217902183532715,4.041785717010498,1.2078777551651,2.3670096397399902,-1.5003389120101929
lssiren,emergency,siren,/kaggle/input/datasets/jeancdevx/lssiren/lssiren/Emergency Vehicle Sirens/ambulance599.wav,3.008,0.42655548453330994,0.08253815770149231,0.1831958912037037,1543.4357618242122,1106.360528458306,1891.5343915343915,51.48232650756836,-165.2591552734375,110.15419006347656,-165.2591552734375,110.15419006347656,-46.43964767456055,4.6855082511901855,1.0594403743743896,14.231719017028809,-7.702785968780518,-12.124749183654785,4.122974395751953,4.33992338180542,-20.5869140625,-14.306921005249023,-6.208613872528076
lssiren,non_emergency,road_noise,/kaggle/input/datasets/jeancdevx/lssiren/lssiren/Road Noises/road278.wav,4.0,0.038866207003593445,0.01025877520442009,0.07352231698207172,1350.1651631569239,1611.0799311609578,2710.78187250996,8.14810848236084,-270.07244873046875,107.03853607177734,-270.07244873046875,107.03853607177734,-21.44339370727539,13.582536697387695,12.226102828979492,17.55023765563965,13.371694564819336,13.092716217041016,8.587089538574219,14.20230484008789,2.044844388961792,7.194478988647461,0.35816776752471924
lssiren,emergency,siren,/kaggle/input/datasets/jeancdevx/lssiren/lssiren/Emergency Vehicle Sirens/ambulance830.wav,4.0,0.1629476696252823,0.032644614577293396,0.1680815799302789,1721.8761369424954,1647.330856836304,3084.5991035856573,21.798036575317383,-143.04058837890625,94.34840393066406,-143.04058837890625,94.34840393066406,-18.797029495239258,-1.9456230401992798,13.866189956665039,8.309000968933105,-3.1150665283203125,1.347927212715149,-8.662274360656738,5.96121883392334,2.387270927429199,5.604010581970215,-6.785621166229248
lssiren,emergency,siren,/kaggle/input/datasets/jeancdevx/lssiren/lssiren/Emergency Vehicle Sirens/ambulance20.wav,3.0,0.27435097098350525,0.1228925958275795,0.10909449800531915,1134.8528359620027,723.5241494872307,1268.6170212765958,25.694669723510742,-456.3247985839844,31.813373565673828,-456.3247985839844,31.813373565673828,-40.70663833618164,-40.23282241821289,-38.10744857788086,-6.030270099639893,19.700883865356445,22.43792152404785,0.3357115387916565,-23.49700355529785,-19.104694366455078,6.483031749725342,8.240650177001953
lssiren,non_emergency,road_noise,/kaggle/input/datasets/jeancdevx/lssiren/lssiren/Road Noises/road142.wav,4.0,0.053859785199165344,0.059122197329998016,0.14288548929282868,1607.0786513428868,1416.1458095709836,2740.537848605578,11.747776985168457,-248.95083618164062,104.39129638671875,-248.95083618164062,104.39129638671875,-54.78638458251953,-7.652772903442383,-4.495241165161133,13.173871040344238,2.0943260192871094,8.606461524963379,3.849766731262207,-1.2730863094329834,-2.529491424560547,5.588893413543701,3.8716132640838623
lssiren,non_emergency,road_noise,/kaggle/input/datasets/jeancdevx/lssiren/lssiren/Road Noises/road366.wav,4.0,0.05321132764220238,0.0027564081829041243,0.2184543077689243,2358.9942424229343,1960.9455267002675,4640.375996015936,11.700464248657227,-144.59217834472656,60.18612289428711,-144.59217834472656,60.18612289428711,-19.583782196044922,9.899054527282715,-8.801974296569824,2.664734363555908,-3.9122838973999023,-0.10701841115951538,-5.111647129058838,-7.692659854888916,-10.039859771728516,-0.5993274450302124,-2.942657709121704
lssiren,emergency,siren,/kaggle/input/datasets/jeancdevx/lssiren/lssiren/Emergency Vehicle Sirens/ambulance709.wav,4.0,0.07095260918140411,0.01810142956674099,0.0846652452689243,1408.1559902459155,1682.0497867379192,3066.421812749004,13.1128511428833,-206.73992919921875,104.50933837890625,-206.73992919921875,104.50933837890625,-0.6910215616226196,24.772153854370117,3.6008787155151367,15.469902038574219,1.3611953258514404,8.156157493591309,-1.9621562957763672,6.019641876220703,4.944053649902344,9.030294418334961,1.87299382686615
lssiren,emergency,siren,/kaggle/input/datasets/jeancdevx/lssiren/lssiren/Emergency Vehicle Sirens/ambulance125.wav,4.0,0.28815510869026184,0.08689796179533005,0.1463015126992032,1470.018446819655,1259.1442685742932,2814.3675298804783,84.990234375,-107.7919692993164,112.5192642211914,-107.7919692993164,112.5192642211914,-46.18465042114258,38.92668151855469,-17.08094596862793,24.92238426208496,38.3067741394043,12.53117561340332,-7.222564220428467,5.6952433586120605,-11.236191749572754,-1.640828013420105,1.5659958124160767
lssiren,emergency,siren,/kaggle/input/datasets/jeancdevx/lssiren/lssiren/Emergency Vehicle Sirens/ambulance357.wav,4.0,0.12577512860298157,0.053370725363492966,0.10002567853585657,1079.8631191496863,1360.161101265186,1878.3615537848605,21.689266204833984,-232.4508819580078,123.6727523803711,-232.4508819580078,123.6727523803711,0.530840277671814,25.785646438598633,3.4537246227264404,25.037961959838867,15.120594024658203,10.513519287109375,4.712083339691162,6.04644250869751,0.22129414975643158,-0.18632802367210388,-3.4392998218536377
lssiren,non_emergency,road_noise,/kaggle/input/datasets/jeancdevx/lssiren/lssiren/Road Noises/road232.wav,4.0,0.1666613221168518,0.03266429528594017,0.0329113234561753,1151.1381880596261,1652.3049710039256,2506.162848605578,22.176753997802734,-174.85275268554688,109.3591537475586,-174.85275268554688,109.3591537475586,-0.7751508951187134,24.267780303955078,18.120426177978516,17.641212463378906,3.420565605163574,17.126955032348633,8.128944396972656,9.54218864440918,-1.0362454652786255,8.278361320495605,2.8695991039276123
lssiren,non_emergency,road_noise,/kaggle/input/datasets/jeancdevx/lssiren/lssiren/Road Noises/road799.wav,4.0,0.2117743343114853,0.034786757081747055,0.12161510209163347,1501.6319452106509,1455.090170207894,2903.6977091633466,47.3310546875,-62.69928741455078,112.92411041259766,-62.69928741455078,112.92411041259766,-31.204870223999023,25.05959701538086,-10.191452980041504,10.806066513061523,-9.384112358093262,1.6573199033737183,-6.175393581390381,-0.37001365423202515,-10.46544075012207,0.28866100311279297,-8.537259101867676
lssiren,emergency,siren,/kaggle/input/datasets/jeancdevx/lssiren/lssiren/Emergency Vehicle Sirens/ambulance75.wav,4.0,0.3301824629306793,0.09719543904066086,0.14913004233067728,1631.9934540886327,1110.9241378547852,2440.612549800797,65.09197235107422,-331.4837646484375,53.65530014038086,-331.4837646484375,53.65530014038086,-40.7877311706543,-16.376914978027344,-13.717941284179688,11.771417617797852,25.05911636352539,12.720538139343262,1.0854297876358032,0.8114351630210876,-12.927098274230957,-13.658257484436035,-10.665651321411133
lssiren,emergency,siren,/kaggle/input/datasets/jeancdevx/lssiren/lssiren/Emergency Vehicle Sirens/ambulance545.wav,3.0,0.1254754215478897,0.02602827362716198,0.16896089594414893,1811.2569439059923,1418.1713911500087,2889.2952127659573,23.94951057434082,-204.4717254638672,76.52775573730469,-204.4717254638672,76.52775573730469,-56.64685821533203,-12.752054214477539,-5.124908924102783,14.819839477539062,0.1019144281744957,-16.334396362304688,-17.123130798339844,5.9454474449157715,11.274076461791992,-4.349764347076416,-25.118608474731445
lssiren,non_emergency,road_noise,/kaggle/input/datasets/jeancdevx/lssiren/lssiren/Road Noises/road868.wav,4.0,0.05766170099377632,0.016263063997030258,0.13793264442231076,1846.7375720917562,1800.4281149976816,3920.5054780876494,12.607354164123535,-172.9012908935547,86.54553985595703,-172.9012908935547,86.54553985595703,-12.244251251220703,17.366077423095703,-14.79949951171875,9.386380195617676,-7.281710147857666,0.7826630473136902,-5.889917850494385,-2.809183120727539,-10.949435234069824,-1.384953498840332,-8.824163436889648
lssiren,non_emergency,road_noise,/kaggle/input/datasets/jeancdevx/lssiren/lssiren/Road Noises/road130.wav,4.0,0.04141310602426529,0.009598116390407085,0.08620206673306773,1333.6445813931286,1417.9952907415545,2470.2440239043826,8.193883895874023,-260.46514892578125,111.10313415527344,-260.46514892578125,111.10313415527344,-44.68254470825195,14.232828140258789,15.567788124084473,35.585994720458984,13.517705917358398,21.261871337890625,8.875517845153809,11.780409812927246,-1.5858211517333984,2.4616219997406006,-5.55540132522583
lssiren,emergency,siren,/kaggle/input/datasets/jeancdevx/lssiren/lssiren/Emergency Vehicle Sirens/ambulance924.wav,3.2,0.2915171980857849,0.07310383766889572,0.1089766013681592,1309.188814121739,1306.133604071506,2707.555970149254,80.44744110107422,-109.85195922851562,115.95543670654297,-109.85195922851562,115.95543670654297,-41.10942459106445,44.310020446777344,-16.832916259765625,21.551456451416016,21.636335372924805,14.876683235168457,0.12357603758573532,10.573655128479004,1.479263186454773,-2.165724515914917,-0.8644211292266846
lssiren,emergency,siren,/kaggle/input/datasets/jeancdevx/lssiren/lssiren/Emergency Vehicle Sirens/ambulance148.wav,4.0,0.3275735676288605,0.09836631268262863,0.0833073954183267,1235.8528164648005,1365.9841933824796,2590.2016932270917,88.49962615966797,-128.0644073486328,101.099853515625,-128.0644073486328,101.099853515625,-36.44435119628906,42.938846588134766,-0.8249015808105469,17.440807342529297,19.705480575561523,20.91504669189453,3.0558300018310547,14.072185516357422,5.6121110916137695,6.017594337463379,-2.9341156482696533
lssiren,emergency,siren,/kaggle/input/datasets/jeancdevx/lssiren/lssiren/Emergency Vehicle Sirens/ambulance8.wav,4.0,0.045088861137628555,0.08647629618644714,0.16945499252988047,1677.0104341104338,1109.1336326761254,2430.465637450199,11.19545841217041,-368.3236999511719,79.1534652709961,-368.3236999511719,79.1534652709961,-95.86836242675781,-5.812477111816406,15.93247127532959,23.88606834411621,13.777444839477539,9.14439868927002,-7.653488636016846,-8.340479850769043,-13.797784805297852,-6.848735809326172,-6.87003755569458
lssiren,non_emergency,road_noise,/kaggle/input/datasets/jeancdevx/lssiren/lssiren/Road Noises/road526.wav,3.0,0.09433267265558243,0.015099241398274899,0.17034782247340424,1815.2385771878978,1620.9156994540563,3652.34375,19.716215133666992,-154.34259033203125,89.54390716552734,-154.34259033203125,89.54390716552734,-22.40829086303711,19.24810218811035,-13.219345092773438,12.971611976623535,-21.235797882080078,8.793256759643555,3.1379997730255127,13.924703598022461,-8.59081745147705,-17.924209594726562,-14.896501541137695
lssiren,emergency,siren,/kaggle/input/datasets/jeancdevx/lssiren/lssiren/Emergency Vehicle Sirens/ambulance846.wav,4.0,0.04619729146361351,0.032663825899362564,0.1574249875498008,1654.4034033442215,1068.3426417012722,2471.1155378486055,9.72489070892334,-457.094970703125,80.63286590576172,-457.094970703125,80.63286590576172,-45.1424674987793,4.74381685256958,8.680521011352539,17.285856246948242,22.507307052612305,-5.081927299499512,-11.523627281188965,-5.530516624450684,-21.24374771118164,-13.791240692138672,-12.149577140808105
lssiren,emergency,siren,/kaggle/input/datasets/jeancdevx/lssiren/lssiren/Emergency Vehicle Sirens/ambulance292.wav,4.0,0.12497197836637497,0.04367830604314804,0.12815534736055778,1168.0137836691952,1081.9493212101909,1542.6419322709164,35.623931884765625,-208.28302001953125,137.53103637695312,-208.28302001953125,137.53103637695312,-41.68044662475586,-7.1628618240356445,6.030393600463867,32.92192077636719,17.373443603515625,23.64750099182129,7.531382083892822,0.7362803816795349,-8.744669914245605,-4.3189215660095215,-5.853968143463135
lssiren,emergency,siren,/kaggle/input/datasets/jeancdevx/lssiren/lssiren/Emergency Vehicle Sirens/ambulance585.wav,3.0,0.20451010763645172,0.032583557069301605,0.15247361203457446,1480.0537938250236,1101.2667190100726,1867.1043882978724,39.07337951660156,-205.94285583496094,102.61943054199219,-205.94285583496094,102.61943054199219,-56.35806655883789,-29.052173614501953,-14.732487678527832,15.594985961914062,9.372349739074707,-8.187317848205566,-11.007538795471191,14.73258113861084,4.349555969238281,-7.808768272399902,-16.134815216064453
lssiren,non_emergency,road_noise,/kaggle/input/datasets/jeancdevx/lssiren/lssiren/Road Noises/road600.wav,2.7,0.04024168848991394,0.006361896637827158,0.0578541050295858,1057.4696726878822,1374.66207431623,2167.437130177515,8.696922302246094,-273.1313781738281,133.55087280273438,-273.1313781738281,133.55087280273438,-19.384166717529297,23.206235885620117,5.1370849609375,14.793497085571289,9.161718368530273,10.81185245513916,6.083133697509766,8.766236305236816,0.9938517808914185,2.633836507797241,-2.391104221343994
lssiren,non_emergency,road_noise,/kaggle/input/datasets/jeancdevx/lssiren/lssiren/Road Noises/road275.wav,4.0,0.05178794637322426,0.018456924706697464,0.1018465201693227,1582.4659309096567,1705.1632585453706,3189.1807768924305,10.325605392456055,-208.51454162597656,102.66680908203125,-208.51454162597656,102.66680908203125,-18.90474510192871,4.894533157348633,-0.6710234880447388,11.974339485168457,10.294044494628906,4.46321964263916,1.2713302373886108,9.294031143188477,3.6036295890808105,7.080617904663086,-1.4989269971847534
lssiren,emergency,siren,/kaggle/input/datasets/jeancdevx/lssiren/lssiren/Emergency Vehicle Sirens/ambulance532.wav,3.008,0.36151283979415894,0.10655881464481354,0.1339595734126984,1521.983223979157,1149.7019840336939,2402.6951058201057,32.996185302734375,-195.68145751953125,92.35376739501953,-195.68145751953125,92.35376739501953,-41.899131774902344,4.011687278747559,-10.189770698547363,16.866487503051758,30.734148025512695,22.441556930541992,-13.519887924194336,-16.338909149169922,-2.4816126823425293,23.067445755004883,4.967129707336426
lssiren,non_emergency,road_noise,/kaggle/input/datasets/jeancdevx/lssiren/lssiren/Road Noises/road633.wav,4.0,0.03205512836575508,0.008317329920828342,0.0356464765936255,758.4096543939007,1218.035519259875,1383.0926294820717,6.990898132324219,-349.4704284667969,155.97607421875,-349.4704284667969,155.97607421875,3.0412020683288574,17.591510772705078,12.369775772094727,14.370893478393555,16.23785400390625,9.71045207977295,-3.0788419246673584,7.894404888153076,0.41098102927207947,4.53050422668457,-4.876816749572754
lssiren,non_emergency,road_noise,/kaggle/input/datasets/jeancdevx/lssiren/lssiren/Road Noises/road423.wav,3.32925,0.006549361161887646,0.0013952369336038828,0.0989084928229665,1244.8694060478037,1171.8179454656038,2230.188397129187,1.4594210386276245,-465.26483154296875,124.9451904296875,-465.26483154296875,124.9451904296875,-76.4145278930664,18.90538215637207,3.9263694286346436,29.70060920715332,18.84258270263672,28.537818908691406,15.101481437683105,12.568506240844727,2.839022636413574,7.044584274291992,4.012017726898193
lssiren,emergency,siren,/kaggle/input/datasets/jeancdevx/lssiren/lssiren/Emergency Vehicle Sirens/ambulance871.wav,4.0,0.29599297046661377,0.07476334273815155,0.09908024153386454,1285.2815364810112,1323.0959601356285,2739.7285856573703,83.19629669189453,-112.12040710449219,114.5325927734375,-112.12040710449219,114.5325927734375,-38.06040954589844,42.49309539794922,-18.0601806640625,22.91309356689453,26.08831024169922,13.669717788696289,0.3249064087867737,10.3928804397583,0.6223337054252625,-1.6667556762695312,-0.08704427629709244
lssiren,non_emergency,road_noise,/kaggle/input/datasets/jeancdevx/lssiren/lssiren/Road Noises/road244.wav,4.0,0.17791055142879486,0.02267848514020443,0.10493183515936255,1433.099741105071,1464.329503413336,2584.10109561753,38.61083984375,-87.35238647460938,111.7672119140625,-87.35238647460938,111.7672119140625,-42.25021743774414,-0.598085343837738,-1.694878101348877,12.430305480957031,3.75039005279541,15.565306663513184,10.234148979187012,13.24721622467041,4.891402244567871,10.825651168823242,4.569612979888916
lssiren,non_emergency,road_noise,/kaggle/input/datasets/jeancdevx/lssiren/lssiren/Road Noises/road435.wav,4.0,0.09402167052030563,0.08241786062717438,0.23716851344621515,2780.1214048705874,2136.683450107559,5428.909362549801,20.719518661499023,-147.03347778320312,31.909656524658203,-147.03347778320312,31.909656524658203,-13.775217056274414,12.808694839477539,-0.7087319493293762,11.796236991882324,10.147549629211426,14.907851219177246,8.62812328338623,14.318069458007812,7.456049919128418,6.67020320892334,1.9222021102905273
lssiren,emergency,siren,/kaggle/input/datasets/jeancdevx/lssiren/lssiren/Emergency Vehicle Sirens/ambulance817.wav,4.0,0.21620048582553864,0.03118000738322735,0.14772161354581673,2015.8025916229203,1326.4393703671233,3416.7704183266933,65.61873626708984,-273.0203552246094,-63.474369049072266,-273.0203552246094,-63.474369049072266,-154.22320556640625,-66.20310974121094,-64.48924255371094,32.96047592163086,55.85569763183594,24.67584800720215,-10.446789741516113,8.73694896697998,6.6124267578125,-9.218484878540039,-32.50453186035156
lssiren,emergency,siren,/kaggle/input/datasets/jeancdevx/lssiren/lssiren/Emergency Vehicle Sirens/ambulance552.wav,3.0,0.10735363513231277,0.020564133301377296,0.14415724734042554,1537.1516140863043,1290.4597763441277,2646.525930851064,22.81186294555664,-157.820556640625,109.38212585449219,-157.820556640625,109.38212585449219,-56.13249969482422,-2.6686649322509766,-25.01467514038086,3.6298866271972656,7.077426433563232,-0.30215227603912354,-23.025733947753906,-6.203686714172363,-11.028223991394043,-2.8100781440734863,-10.321273803710938
lssiren,non_emergency,road_noise,/kaggle/input/datasets/jeancdevx/lssiren/lssiren/Road Noises/road195.wav,4.0,0.02385038137435913,0.0021426852326840162,0.137679749750996,1641.6949946364934,1531.99213831967,3089.0811752988047,5.160367965698242,-256.0334167480469,103.41886138916016,-256.0334167480469,103.41886138916016,-39.889503479003906,2.6648800373077393,-14.545063972473145,6.70916223526001,-3.1279428005218506,11.389163970947266,-2.747542142868042,3.6353352069854736,-3.6586506366729736,2.4062209129333496,-4.683529376983643
lssiren,emergency,siren,/kaggle/input/datasets/jeancdevx/lssiren/lssiren/Emergency Vehicle Sirens/ambulance879.wav,4.0,0.3434388339519501,0.10319370776414871,0.04475457544820717,916.6269413009437,1266.280764392076,2214.7659362549803,80.26826477050781,-180.29905700683594,112.1497573852539,-180.29905700683594,112.1497573852539,-21.464445114135742,68.94392395019531,-7.302497386932373,24.581256866455078,27.22450828552246,15.817997932434082,3.960585832595825,12.728926658630371,4.51950740814209,5.695647239685059,6.2464165687561035
lssiren,emergency,siren,/kaggle/input/datasets/jeancdevx/lssiren/lssiren/Emergency Vehicle Sirens/ambulance523.wav,3.008,0.16462452709674835,0.08962561935186386,0.1556661292989418,1834.2005209092968,1390.9440151024698,3201.223544973545,27.685279846191406,-175.99977111816406,75.30176544189453,-175.99977111816406,75.30176544189453,-56.62724685668945,1.171215534210205,-17.666336059570312,3.6318936347961426,-4.210674285888672,6.9920477867126465,-1.4709527492523193,5.1236772537231445,-5.23667573928833,7.632832050323486,7.663036346435547
lssiren,emergency,siren,/kaggle/input/datasets/jeancdevx/lssiren/lssiren/Emergency Vehicle Sirens/ambulance215.wav,3.0,0.05945231392979622,0.019528178498148918,0.1564473902925532,1571.802977241211,1271.4931429578917,2548.121675531915,10.065607070922852,-306.24920654296875,93.53205871582031,-306.24920654296875,93.53205871582031,-37.811954498291016,4.389091491699219,-4.809841632843018,32.495975494384766,1.2574862241744995,-4.385895729064941,-10.80887508392334,14.041090965270996,9.378047943115234,5.305577278137207,-11.693392753601074
lssiren,emergency,siren,/kaggle/input/datasets/jeancdevx/lssiren/lssiren/Emergency Vehicle Sirens/ambulance129.wav,4.0,0.2852611541748047,0.07257266342639923,0.12175127614541832,1292.560387209972,1261.1960234111086,2340.761952191235,81.10420989990234,-103.22745513916016,120.96940612792969,-103.22745513916016,120.96940612792969,-45.3236198425293,21.78900718688965,-5.840511322021484,11.63389778137207,25.572904586791992,26.309072494506836,10.277174949645996,9.377923965454102,4.429143905639648,-6.141803741455078,-13.48758316040039
lssiren,non_emergency,road_noise,/kaggle/input/datasets/jeancdevx/lssiren/lssiren/Road Noises/road336.wav,4.0,0.08160921186208725,0.018797878175973892,0.044684543077689244,1172.6399947966052,1584.5819083407055,2602.0293824701193,16.201602935791016,-233.1547393798828,110.49937438964844,-233.1547393798828,110.49937438964844,-9.964720726013184,23.755338668823242,6.329416275024414,20.7833309173584,7.814160346984863,15.645002365112305,6.591361045837402,11.942608833312988,5.025796413421631,11.572407722473145,3.771186113357544
lssiren,emergency,siren,/kaggle/input/datasets/jeancdevx/lssiren/lssiren/Emergency Vehicle Sirens/ambulance549.wav,3.0,0.10124354809522629,0.01626921258866787,0.1813237616356383,2077.2041165315827,1715.4793219134615,3912.7327127659573,21.9035587310791,-133.4991455078125,68.89042663574219,-133.4991455078125,68.89042663574219,-42.53102111816406,-8.462139129638672,-11.979097366333008,8.13286304473877,9.282610893249512,4.901494026184082,-17.167560577392578,-0.08841770142316818,-7.624795436859131,2.191401243209839,-8.701497077941895
lssiren,non_emergency,road_noise,/kaggle/input/datasets/jeancdevx/lssiren/lssiren/Road Noises/road735.wav,4.0,0.0557117685675621,0.018320828676223755,0.052819970119521914,858.1476433669316,1202.4493093518913,1469.4347609561753,9.808877944946289,-268.9693298339844,163.9381866455078,-268.9693298339844,163.9381866455078,-3.6128644943237305,5.788476467132568,10.81519603729248,4.33086633682251,4.021547794342041,2.8195040225982666,-7.163123607635498,11.292911529541016,1.1791141033172607,-2.116100549697876,-4.203719615936279
lssiren,non_emergency,road_noise,/kaggle/input/datasets/jeancdevx/lssiren/lssiren/Road Noises/road586.wav,4.0,0.33306220173835754,0.09859488159418106,0.04459505727091633,947.8557397758649,1484.1389499400466,1867.9656374501992,53.27324295043945,-122.52513122558594,128.3614959716797,-122.52513122558594,128.3614959716797,31.105730056762695,33.65902328491211,4.908671855926514,8.805009841918945,-6.10715913772583,-4.94749641418457,-4.513214588165283,-2.6856250762939453,-12.140544891357422,-4.089055061340332,-9.400501251220703
lssiren,emergency,siren,/kaggle/input/datasets/jeancdevx/lssiren/lssiren/Emergency Vehicle Sirens/ambulance619.wav,3.008,0.38134273886680603,0.0830216109752655,0.14093501984126985,1552.6947622040186,1298.232101083927,2614.0873015873017,56.34444046020508,-132.81353759765625,99.25452423095703,-132.81353759765625,99.25452423095703,-48.131500244140625,-6.840119361877441,-12.353438377380371,4.073905944824219,5.232262134552002,-1.1026617288589478,-7.68095064163208,-4.304524898529053,-14.559343338012695,-9.592996597290039,-10.819320678710938
lssiren,emergency,siren,/kaggle/input/datasets/jeancdevx/lssiren/lssiren/Emergency Vehicle Sirens/ambulance235.wav,3.0,0.15083299577236176,0.09814848005771637,0.2459431100398936,2154.253856051027,1117.8882183888322,3181.848404255319,29.328041076660156,-420.21942138671875,50.05038070678711,-420.21942138671875,50.05038070678711,-18.390954971313477,21.882043838500977,16.209869384765625,46.037410736083984,11.906879425048828,-24.394145965576172,-0.031587641686201096,29.0396671295166,-6.901246547698975,-23.28354263305664,4.82396936416626
lssiren,non_emergency,road_noise,/kaggle/input/datasets/jeancdevx/lssiren/lssiren/Road Noises/road75.wav,4.0,0.015159501694142818,0.007789796683937311,0.067378921812749,1481.9574278734196,1672.3334824172205,3162.288346613546,2.3578104972839355,-364.5166320800781,100.33776092529297,-364.5166320800781,100.33776092529297,-22.354143142700195,14.302135467529297,3.0725631713867188,19.418460845947266,3.9665229320526123,13.242727279663086,7.843203067779541,10.563261985778809,6.249837875366211,9.720247268676758,0.7680855989456177
lssiren,non_emergency,road_noise,/kaggle/input/datasets/jeancdevx/lssiren/lssiren/Road Noises/road88.wav,4.0,0.07079970091581345,0.027914542704820633,0.15758450572709162,1563.2821332934473,1318.7970737586202,2556.7106573705178,15.957099914550781,-171.910400390625,118.4632339477539,-171.910400390625,118.4632339477539,-55.99530029296875,5.075505256652832,2.504693031311035,1.5216635465621948,-7.935824871063232,2.1634998321533203,-8.893638610839844,-3.490715980529785,-9.717823028564453,1.3750953674316406,-5.46766996383667
lssiren,non_emergency,road_noise,/kaggle/input/datasets/jeancdevx/lssiren/lssiren/Road Noises/road258.wav,4.0,0.12117010354995728,0.05887072905898094,0.019332824950199202,886.7210048657994,1350.2257020172378,1809.7609561752988,9.511543273925781,-271.4518737792969,124.51242065429688,-271.4518737792969,124.51242065429688,-15.331388473510742,12.005270957946777,6.19076681137085,24.573396682739258,12.3117094039917,17.045421600341797,8.224139213562012,11.901744842529297,8.28103256225586,12.759949684143066,4.727998733520508
lssiren,emergency,siren,/kaggle/input/datasets/jeancdevx/lssiren/lssiren/Emergency Vehicle Sirens/ambulance900.wav,3.55,0.2798631489276886,0.06646457314491272,0.12950890343468469,1515.377221476774,1399.111744026903,2993.947072072072,80.20183563232422,-83.9947738647461,100.5355453491211,-83.9947738647461,100.5355453491211,-41.61695861816406,42.30979919433594,-18.875070571899414,22.103899002075195,24.699092864990234,13.260607719421387,-1.3181252479553223,11.396295547485352,-0.8743464946746826,-0.8173918724060059,-2.161228895187378
lssiren,non_emergency,road_noise,/kaggle/input/datasets/jeancdevx/lssiren/lssiren/Road Noises/road308.wav,4.0,0.013751717284321785,0.0025189698208123446,0.12591820219123506,1747.4687551983916,1706.1815934862584,3363.296812749004,2.8175928592681885,-320.0752868652344,88.44747161865234,-320.0752868652344,88.44747161865234,-33.94188690185547,12.079381942749023,5.499769687652588,11.495906829833984,7.84608268737793,12.373106956481934,5.439132213592529,8.706494331359863,1.5732653141021729,6.339277744293213,1.8509235382080078
lssiren,emergency,siren,/kaggle/input/datasets/jeancdevx/lssiren/lssiren/Emergency Vehicle Sirens/ambulance28.wav,4.0,0.32040172815322876,0.10063054412603378,0.14048104457171315,1322.9429016927672,1062.7833688118428,2364.106075697211,99.6976089477539,-152.8650665283203,131.3552703857422,-152.8650665283203,131.3552703857422,-64.08244323730469,36.7778434753418,-24.40966796875,22.875497817993164,29.72215461730957,8.86400318145752,0.026847200468182564,12.130148887634277,-2.8805830478668213,-7.530126094818115,-5.85540246963501
lssiren,emergency,siren,/kaggle/input/datasets/jeancdevx/lssiren/lssiren/Emergency Vehicle Sirens/ambulance404.wav,3.0,0.09457111358642578,0.01543010026216507,0.14207945478723405,1969.6614625798773,1767.768550376744,3755.069813829787,16.414871215820312,-151.3447723388672,77.94204711914062,-151.3447723388672,77.94204711914062,-37.20696258544922,-6.716001987457275,-5.444602966308594,-16.635229110717773,3.558140516281128,8.428326606750488,-13.45790958404541,-2.0091733932495117,-21.373254776000977,4.087619781494141,-8.983857154846191
lssiren,non_emergency,road_noise,/kaggle/input/datasets/jeancdevx/lssiren/lssiren/Road Noises/road346.wav,4.0,0.020260635763406754,0.006539748981595039,0.18088194098605578,2185.64811819561,1911.1018655308974,4298.55577689243,4.177180290222168,-270.55303955078125,65.84507751464844,-270.55303955078125,65.84507751464844,-22.18507194519043,16.9100399017334,4.890500545501709,13.699095726013184,8.836798667907715,11.354374885559082,5.738940715789795,6.173085689544678,2.847783327102661,6.563409328460693,0.5399401187896729
lssiren,emergency,siren,/kaggle/input/datasets/jeancdevx/lssiren/lssiren/Emergency Vehicle Sirens/ambulance931.wav,3.65,0.26032450795173645,0.09844326227903366,0.16944851937772926,1595.2865091389053,1261.8021962683324,2853.507096069869,63.904239654541016,-143.87037658691406,108.0066146850586,-143.87037658691406,108.0066146850586,-37.84256362915039,51.78543472290039,-24.3884334564209,11.328824043273926,29.800695419311523,19.530078887939453,3.018183946609497,11.850406646728516,-16.932533264160156,-1.2450772523880005,8.293109893798828
lssiren,emergency,siren,/kaggle/input/datasets/jeancdevx/lssiren/lssiren/Emergency Vehicle Sirens/ambulance88.wav,4.0,0.41926342248916626,0.11692189425230026,0.11254980079681275,1362.9804305950267,1137.5480856373297,2151.8301792828684,15.25328254699707,-340.76397705078125,54.84791564941406,-340.76397705078125,54.84791564941406,-24.768314361572266,-28.913894653320312,-41.194854736328125,-0.6137718558311462,27.94412612915039,34.23356628417969,28.264057159423828,-0.4832253158092499,-29.861387252807617,-8.650399208068848,6.970743656158447
lssiren,non_emergency,road_noise,/kaggle/input/datasets/jeancdevx/lssiren/lssiren/Road Noises/road661.wav,4.0,0.07345248013734818,0.027891622856259346,0.03937375498007968,684.5093220446473,1060.5571544070172,1210.906374501992,14.88465404510498,-284.84051513671875,174.7981414794922,-284.84051513671875,174.7981414794922,-3.6925859451293945,2.529730796813965,16.975746154785156,15.892818450927734,16.266563415527344,12.86815071105957,-3.431917428970337,8.809953689575195,1.4632625579833984,4.881800174713135,3.8016607761383057
lssiren,emergency,siren,/kaggle/input/datasets/jeancdevx/lssiren/lssiren/Emergency Vehicle Sirens/ambulance200.wav,3.0,0.012243450619280338,0.003896143054589629,0.14872319647606383,1609.5719293927805,1038.9042478023016,2615.275930851064,2.630056619644165,-531.7052001953125,75.50678253173828,-531.7052001953125,75.50678253173828,-73.86129760742188,-2.729039192199707,-18.785987854003906,43.51710891723633,34.08601379394531,4.4170050621032715,-13.348011016845703,17.256345748901367,0.485698938369751,-17.979318618774414,4.828550815582275
recsir_demo,emergency,doppler_v30_snr-10,/kaggle/working/recsir_demo/recsir_v30_snr-10.wav,1.333375,0.1711639016866684,0.029273279011249542,0.06697591145833333,812.1101191050587,863.5306760168186,1753.3482142857142,38.882591247558594,-232.94094848632812,219.6658935546875,-232.94094848632812,219.6658935546875,-80.04029083251953,56.8366813659668,3.6428942680358887,-18.193023681640625,26.933683395385742,-17.261465072631836,15.783027648925781,10.107281684875488,-6.045429706573486,24.686796188354492,-2.61924147605896
recsir_demo,emergency,doppler_v15_snr-5,/kaggle/working/recsir_demo/recsir_v15_snr-5.wav,2.666625,0.10041511803865433,0.022712117061018944,0.07347609468562874,802.2896061583696,827.1289056408966,1704.1541916167664,24.080913543701172,-288.78912353515625,216.52642822265625,-288.78912353515625,216.52642822265625,-72.9811782836914,48.78126907348633,4.7122626304626465,-16.192394256591797,25.226892471313477,-14.20111083984375,15.117263793945312,10.296504974365234,-4.610825061798096,22.735836029052734,-3.2314789295196533
recsir_demo,emergency,doppler_v30_snr0,/kaggle/working/recsir_demo/recsir_v30_snr0.wav,1.333375,0.06914802640676498,0.026859890669584274,0.08424014136904762,876.0643009722911,831.3802552991964,1817.3363095238096,17.166637420654297,-319.128662109375,198.1970977783203,-319.128662109375,198.1970977783203,-68.04150390625,41.973548889160156,5.819499969482422,-14.47271728515625,22.93475341796875,-10.901864051818848,12.669013977050781,8.810127258300781,-1.8614193201065063,22.127456665039062,-1.6011067628860474
recsir_demo,emergency,doppler_v5_snr0,/kaggle/working/recsir_demo/recsir_v5_snr0.wav,4.0,0.05779103562235832,0.022901145741343498,0.08675065363545817,839.5873749802818,794.5578149914858,1714.828187250996,14.642261505126953,-340.4161071777344,198.1610107421875,-340.4161071777344,198.1610107421875,-58.93791198730469,34.909427642822266,6.881247520446777,-12.752923965454102,21.81167221069336,-7.53476619720459,11.168183326721191,9.05783462524414,-0.24489158391952515,19.725162506103516,-2.3483166694641113
recsir_demo,emergency,doppler_v40_snr-10,/kaggle/working/recsir_demo/recsir_v40_snr-10.wav,1.0,0.18403826653957367,0.02907147817313671,0.07057601686507936,814.8115315965472,860.0177579850308,1714.0376984126983,41.467350006103516,-225.04678344726562,219.71267700195312,-225.04678344726562,219.71267700195312,-81.62918853759766,54.94725799560547,2.764275550842285,-18.2000789642334,26.045618057250977,-16.550060272216797,21.091537475585938,13.259537696838379,-9.268610000610352,21.43354034423828,-3.648332357406616
recsir_demo,emergency,doppler_v5_snr-10,/kaggle/working/recsir_demo/recsir_v5_snr-10.wav,4.0,0.14277806878089905,0.02295544371008873,0.06527795069721115,756.8459214696705,818.1129348911697,1589.5169322709164,32.6561279296875,-256.69244384765625,222.83966064453125,-256.69244384765625,222.83966064453125,-72.90204620361328,51.37910842895508,3.583979368209839,-16.41374397277832,26.707998275756836,-15.56712532043457,14.693507194519043,10.597175598144531,-4.743562698364258,23.25775909423828,-3.5183050632476807
recsir_demo,emergency,doppler_v5_snr-5,/kaggle/working/recsir_demo/recsir_v5_snr-5.wav,4.0,0.08697833120822906,0.019908100366592407,0.07425376618525896,791.4798941586806,810.0169545704027,1647.1613545816733,20.71600341796875,-300.52142333984375,212.36717224121094,-300.52142333984375,212.36717224121094,-67.0724868774414,44.217288970947266,4.9701828956604,-14.83051586151123,24.694175720214844,-12.074012756347656,13.134180068969727,9.902300834655762,-2.7780022621154785,21.764772415161133,-3.0382418632507324
recsir_demo,emergency,doppler_v40_snr0,/kaggle/working/recsir_demo/recsir_v40_snr0.wav,1.0,0.07468248158693314,0.02733663283288479,0.08451140873015874,869.0415172006811,824.5278206597203,1764.3849206349207,18.14533233642578,-310.8936462402344,197.1206512451172,-310.8936462402344,197.1206512451172,-68.41732788085938,40.32437515258789,4.397426605224609,-14.838519096374512,21.260726928710938,-9.889784812927246,20.195837020874023,12.429756164550781,-6.852948188781738,17.687118530273438,-2.6323556900024414
recsir_demo,emergency,doppler_v40_snr-5,/kaggle/working/recsir_demo/recsir_v40_snr-5.wav,1.0,0.1121591255068779,0.02363901399075985,0.07840401785714286,836.4490799112896,845.0371670285638,1733.8789682539682,26.006488800048828,-271.6346130371094,212.26490783691406,-271.6346130371094,212.26490783691406,-77.49795532226562,49.43794250488281,3.1804018020629883,-17.046964645385742,24.434934616088867,-13.953204154968262,20.93568229675293,12.976872444152832,-8.482837677001953,19.97173500061035,-3.395669460296631
recsir_demo,emergency,doppler_v15_snr10,/kaggle/working/recsir_demo/recsir_v15_snr10.wav,2.666625,0.041816242039203644,0.03267977386713028,0.10564418038922156,958.8912029285315,750.9179618931388,1836.7327844311378,12.08571720123291,-401.63983154296875,173.03631591796875,-401.63983154296875,173.03631591796875,-50.59729766845703,18.522884368896484,9.238664627075195,-8.524957656860352,16.07961654663086,-0.7874054312705994,10.817748069763184,7.339061737060547,2.968146324157715,16.61928367614746,-1.8485265970230103
recsir_demo,emergency,doppler_v30_snr10,/kaggle/working/recsir_demo/recsir_v30_snr10.wav,1.333375,0.04426807537674904,0.03284775838255882,0.10548037574404762,983.7517921723646,770.1156512437351,1857.8869047619048,12.296201705932617,-391.7479553222656,168.8622283935547,-391.7479553222656,168.8622283935547,-54.50891876220703,22.79571533203125,7.665656566619873,-9.20136833190918,17.729854583740234,-2.9463977813720703,10.159417152404785,6.984663486480713,2.9974255561828613,18.724735260009766,-1.080346941947937
recsir_demo,emergency,doppler_v5_snr10,/kaggle/working/recsir_demo/recsir_v5_snr10.wav,4.0,0.03676110878586769,0.028381619602441788,0.11166661479083666,967.138612831521,732.7057335161556,1805.5278884462152,10.493674278259277,-416.4032287597656,169.706298828125,-416.4032287597656,169.706298828125,-44.43806076049805,14.432061195373535,10.57015323638916,-7.911592960357666,16.125808715820312,2.1316452026367188,7.276627540588379,6.86442756652832,5.530311584472656,15.568802833557129,-1.600865364074707
recsir_demo,emergency,doppler_v15_snr0,/kaggle/working/recsir_demo/recsir_v15_snr0.wav,2.666625,0.06654174625873566,0.02598625421524048,0.08315985217065869,845.7485003824336,810.7611996391955,1747.8480538922156,17.016786575317383,-328.1698303222656,201.85182189941406,-328.1698303222656,201.85182189941406,-64.3745346069336,39.28507995605469,6.382099151611328,-13.930249214172363,22.006149291992188,-9.784284591674805,13.549971580505371,9.560340881347656,-2.1535890102386475,20.587610244750977,-2.563506603240967
recsir_demo,emergency,doppler_v30_snr-5,/kaggle/working/recsir_demo/recsir_v30_snr-5.wav,1.333375,0.10398858785629272,0.024724874645471573,0.07474190848214286,838.253244599865,851.1565101453175,1791.6666666666667,24.425851821899414,-279.8081359863281,212.88934326171875,-279.8081359863281,212.88934326171875,-76.66641998291016,51.360984802246094,4.334019660949707,-16.91538429260254,25.818708419799805,-14.951333045959473,14.574291229248047,9.57834529876709,-4.435509204864502,23.93868637084961,-2.3904812335968018
recsir_demo,emergency,doppler_v15_snr-10,/kaggle/working/recsir_demo/recsir_v15_snr-10.wav,2.666625,0.1652185171842575,0.02616538666188717,0.06511976047904192,770.3316125737606,836.090217945365,1653.6302395209582,37.93739318847656,-240.52694702148438,221.354248046875,-240.52694702148438,221.354248046875,-74.7663345336914,53.448890686035156,4.10913610458374,-17.059478759765625,26.19154167175293,-16.330013275146484,15.725132942199707,10.655991554260254,-5.856879234313965,23.513139724731445,-3.0555667877197266
recsir_demo,emergency,doppler_v40_snr10,/kaggle/working/recsir_demo/recsir_v40_snr10.wav,1.0,0.0471358448266983,0.03573514148592949,0.10404265873015874,968.7743241896164,773.2869706214573,1827.876984126984,12.682281494140625,-382.91796875,166.41896057128906,-382.91796875,166.41896057128906,-54.35374069213867,22.560894012451172,5.611824035644531,-9.45798397064209,15.682966232299805,-2.7936387062072754,19.41985511779785,10.94798755645752,-3.696014404296875,14.124759674072266,-1.9859986305236816
sirennet,emergency,firetruck,/kaggle/input/datasets/jeancdevx/sirennet/sireNNet/firetruck/sound_257_1.wav,3.000125,0.2826426327228546,0.03011893667280674,0.16087828291223405,1898.4204240971867,1738.305242777755,3669.215425531915,53.02899932861328,-28.600053787231445,79.44338989257812,-28.600053787231445,79.44338989257812,-25.205730438232422,17.250850677490234,-1.329532265663147,13.459898948669434,8.531356811523438,6.5137810707092285,1.3086609840393066,5.334328651428223,-12.42307186126709,3.101893663406372,1.3802369832992554
sirennet,emergency,ambulance,/kaggle/input/datasets/jeancdevx/sirennet/sireNNet/ambulance/sound_32_1.wav,3.000125,0.22725827991962433,0.0384131595492363,0.1873961103723404,1904.6817824986535,1582.9366712141182,3310.339095744681,43.36312484741211,-63.884891510009766,77.22520446777344,-63.884891510009766,77.22520446777344,-39.83744812011719,21.465614318847656,4.5269083976745605,21.912832260131836,10.643385887145996,-0.35196563601493835,-2.583526849746704,11.902803421020508,-11.453948020935059,-1.4123493432998657,0.6732863783836365
sirennet,non_emergency,traffic,/kaggle/input/datasets/jeancdevx/sirennet/sireNNet/traffic/sound_471.wav,3.0,0.22527407109737396,0.033659327775239944,0.051892869015957445,895.6270308088034,1194.0190453129508,1729.3051861702127,45.483741760253906,-123.94276428222656,157.383056640625,-123.94276428222656,157.383056640625,-15.99099063873291,20.839248657226562,10.14365005493164,9.820232391357422,7.864233016967773,8.295747756958008,-5.515347957611084,-1.3002309799194336,-5.043540954589844,3.7174365520477295,-2.9284822940826416
sirennet,non_emergency,traffic,/kaggle/input/datasets/jeancdevx/sirennet/sireNNet/traffic/sound_800.wav,3.0,0.18271641433238983,0.056252241134643555,0.17173994348404256,1971.2540269789715,1900.6639632333518,3902.593085106383,29.576772689819336,-118.23632049560547,68.51551818847656,-118.23632049560547,68.51551818847656,0.9925761222839355,39.76582717895508,-1.6499660015106201,25.971067428588867,10.743725776672363,4.922443866729736,12.652727127075195,9.297225952148438,-1.9368630647659302,15.177961349487305,-8.249054908752441
sirennet,emergency,ambulance,/kaggle/input/datasets/jeancdevx/sirennet/sireNNet/ambulance/sound_112_1.wav,3.000125,0.3184715211391449,0.03978617489337921,0.17412940492021275,1848.8014654957967,1538.2460963856781,3203.374335106383,60.660282135009766,-50.10251998901367,80.15193176269531,-50.10251998901367,80.15193176269531,-44.421875,9.261615753173828,3.4536664485931396,22.931333541870117,12.466643333435059,-3.5418336391448975,-8.190323829650879,10.299714088439941,0.7976974844932556,1.4486280679702759,-8.62468147277832
sirennet,emergency,ambulance,/kaggle/input/datasets/jeancdevx/sirennet/sireNNet/ambulance/sound_3_1.wav,3.000125,0.23042982816696167,0.032658614218235016,0.18613385139627658,1900.5082846013606,1574.976738798271,3298.786569148936,44.42534637451172,-63.31948471069336,77.27957916259766,-63.31948471069336,77.27957916259766,-40.58845520019531,20.88307762145996,4.193215847015381,22.753740310668945,11.655229568481445,-0.16911634802818298,-3.6703362464904785,11.048715591430664,-10.950450897216797,-0.5500741600990295,1.3475576639175415
sirennet,emergency,police,/kaggle/input/datasets/jeancdevx/sirennet/sireNNet/police/sound_784.wav,3.0,0.3966733515262604,0.06039315089583397,0.11638754986702128,1327.98620443988,1012.3323584668619,2229.970079787234,78.33877563476562,-100.98212432861328,125.56436157226562,-100.98212432861328,125.56436157226562,-85.54438781738281,-4.2728962898254395,-43.53639221191406,-6.253012180328369,13.855548858642578,33.594390869140625,15.182205200195312,18.031923294067383,1.5873416662216187,0.9421783089637756,-0.8664507865905762
sirennet,non_emergency,traffic,/kaggle/input/datasets/jeancdevx/sirennet/sireNNet/traffic/sound_500.wav,3.0,0.22800469398498535,0.03844842687249184,0.058282081117021274,939.1079295284432,1174.425357409397,1728.9727393617022,42.691715240478516,-113.1287841796875,159.20188903808594,-113.1287841796875,159.20188903808594,-23.73188591003418,11.831708908081055,9.330005645751953,10.199237823486328,5.861530780792236,10.825379371643066,0.158732071518898,4.378641128540039,-4.758389949798584,6.470705032348633,-1.383841872215271
sirennet,non_emergency,traffic,/kaggle/input/datasets/jeancdevx/sirennet/sireNNet/traffic/sound_490.wav,3.0,0.23278771340847015,0.02667866088449955,0.062292220744680854,934.9183350906985,1144.2430324604109,1730.967420212766,46.876651763916016,-105.32411193847656,162.324462890625,-105.32411193847656,162.324462890625,-25.56125259399414,13.734411239624023,7.448795318603516,7.937919616699219,4.8359856605529785,8.996037483215332,-2.357032060623169,0.19466960430145264,-4.579652309417725,4.886579990386963,-2.5153892040252686
sirennet,non_emergency,traffic,/kaggle/input/datasets/jeancdevx/sirennet/sireNNet/traffic/sound_512.wav,3.0,0.21995562314987183,0.03744513541460037,0.05284865359042553,890.7655164787888,1142.0422867981235,1655.501994680851,42.405357360839844,-127.4370346069336,162.14401245117188,-127.4370346069336,162.14401245117188,-23.066490173339844,12.683271408081055,8.179712295532227,10.778412818908691,4.475944995880127,10.143162727355957,-2.6865487098693848,2.0418753623962402,-2.400529623031616,7.162296295166016,0.37219399213790894
sirennet,non_emergency,traffic,/kaggle/input/datasets/jeancdevx/sirennet/sireNNet/traffic/sound_614.wav,3.0,0.17999336123466492,0.041761040687561035,0.15315928357712766,1994.3562380947617,1867.2425340981702,4122.257313829788,38.22991180419922,-54.91905975341797,75.98043823242188,-54.91905975341797,75.98043823242188,-17.3282470703125,21.203489303588867,1.3813506364822388,17.1867733001709,3.572314739227295,9.62816047668457,-0.6473940014839172,8.316620826721191,-3.2982139587402344,4.920180320739746,-8.004820823669434
sirennet,emergency,police,/kaggle/input/datasets/jeancdevx/sirennet/sireNNet/police/sound_797_1.wav,3.000125,0.3135964870452881,0.034273646771907806,0.1471440741356383,1663.0762445419675,1449.5368649364812,2990.3590425531916,62.99197769165039,-43.063819885253906,97.30713653564453,-43.063819885253906,97.30713653564453,-44.38849639892578,6.398617267608643,-21.144859313964844,6.082250595092773,15.231287002563477,14.778337478637695,8.1597318649292,10.908724784851074,-14.282750129699707,1.1120765209197998,1.6154875755310059
sirennet,non_emergency,traffic,/kaggle/input/datasets/jeancdevx/sirennet/sireNNet/traffic/sound_431.wav,3.0,0.224350705742836,0.029138825833797455,0.07727310505319149,1055.3481807131923,1234.9464313506435,1950.2992021276596,45.713558197021484,-92.7193603515625,151.05470275878906,-92.7193603515625,151.05470275878906,-28.276411056518555,10.648921966552734,4.657169342041016,8.608999252319336,6.284385681152344,11.768001556396484,-0.8590306043624878,2.5843865871429443,-2.8222782611846924,6.192730903625488,2.490532398223877
sirennet,emergency,ambulance,/kaggle/input/datasets/jeancdevx/sirennet/sireNNet/ambulance/sound_75_1.wav,3.000125,0.23893453180789948,0.02428884245455265,0.16590654089095744,1739.0889434411401,1563.5941655152722,3101.2300531914893,48.2289924621582,-52.88413619995117,88.6010513305664,-52.88413619995117,88.6010513305664,-38.98666000366211,22.059303283691406,-1.1082208156585693,5.855988025665283,6.444506645202637,12.88249397277832,8.712177276611328,15.021393775939941,-6.74993371963501,5.0084428787231445,3.1864092350006104
sirennet,non_emergency,traffic,/kaggle/input/datasets/jeancdevx/sirennet/sireNNet/traffic/sound_795.wav,3.0,0.15354298055171967,0.09225461632013321,0.17836810172872342,2008.7313391656926,1858.1921492425417,3872.6728723404253,29.321142196655273,-139.0731201171875,76.84779357910156,-139.0731201171875,76.84779357910156,0.2921701669692993,31.07306480407715,-2.3790946006774902,19.943666458129883,9.363725662231445,2.081434488296509,11.459314346313477,6.304109573364258,-2.6303603649139404,11.503303527832031,-11.07286262512207
sirennet,emergency,firetruck,/kaggle/input/datasets/jeancdevx/sirennet/sireNNet/firetruck/sound_228_1.wav,3.000125,0.2705104351043701,0.019705764949321747,0.2386448636968085,2292.8432187919097,1733.0125003629182,4228.307845744681,51.37958526611328,-11.220109939575195,60.96992492675781,-11.220109939575195,60.96992492675781,-28.365026473999023,27.856481552124023,-16.67695426940918,19.33127212524414,-6.2034807205200195,12.7723970413208,1.155215859413147,5.280946254730225,-9.142328262329102,-6.899947643280029,-3.1490705013275146
sirennet,emergency,police,/kaggle/input/datasets/jeancdevx/sirennet/sireNNet/police/sound_751_1.wav,3.000125,0.21369990706443787,0.02765108458697796,0.15065554355053193,1714.6191726689142,1553.2339451108833,3103.058510638298,44.074073791503906,-73.69332885742188,92.5224380493164,-73.69332885742188,92.5224380493164,-32.83369064331055,12.863080978393555,-19.987693786621094,-3.913541078567505,9.24449348449707,18.374042510986328,13.045547485351562,17.68365478515625,-9.118751525878906,-2.1594462394714355,-7.495941638946533
sirennet,emergency,firetruck,/kaggle/input/datasets/jeancdevx/sirennet/sireNNet/firetruck/sound_355.wav,3.008,0.20794300734996796,0.0670604482293129,0.19031601355820105,2256.0402762309536,1850.3231163386065,4427.083333333333,29.63778305053711,-103.51622772216797,50.73173522949219,-103.51622772216797,50.73173522949219,-25.70694351196289,0.6737360954284668,-7.157983303070068,16.627239227294922,11.71384048461914,4.915783882141113,-7.5209455490112305,-0.25751993060112,8.931833267211914,5.645797252655029,-16.443313598632812
sirennet,emergency,ambulance,/kaggle/input/datasets/jeancdevx/sirennet/sireNNet/ambulance/sound_125.wav,3.0,0.29494720697402954,0.07358363270759583,0.15753823138297873,1562.3172540267296,1472.8070905076104,2435.505319148936,52.89646530151367,-145.5538787841797,111.4823989868164,-145.5538787841797,111.4823989868164,-16.96381187438965,-17.3497371673584,0.6807406544685364,20.071125030517578,6.657012462615967,-2.545179605484009,-7.452859401702881,11.55894947052002,-7.352268218994141,-11.462453842163086,-24.56272315979004
sirennet,emergency,ambulance,/kaggle/input/datasets/jeancdevx/sirennet/sireNNet/ambulance/sound_197_1.wav,3.018625,0.3395114541053772,0.046971067786216736,0.15716972552910052,1799.7543999788666,1498.2267921114699,3120.2876984126983,58.63357162475586,-65.58578491210938,80.98916625976562,-65.58578491210938,80.98916625976562,-41.941497802734375,15.856280326843262,-1.302851915359497,18.570106506347656,13.831735610961914,7.882049560546875,0.02068171463906765,7.028788089752197,-17.74822425842285,1.1169040203094482,4.364541530609131
sirennet,emergency,police,/kaggle/input/datasets/jeancdevx/sirennet/sireNNet/police/sound_802_1.wav,3.000125,0.24417345225811005,0.05659172311425209,0.1670649102393617,1812.0608817926156,1575.0099862813522,3275.5152925531916,49.186126708984375,-54.45050048828125,86.86272430419922,-54.45050048828125,86.86272430419922,-38.40447235107422,12.333378791809082,-11.177864074707031,12.850637435913086,15.588217735290527,13.028827667236328,3.1267035007476807,5.6158928871154785,-14.570137023925781,2.7428982257843018,1.924330234527588
sirennet,emergency,police,/kaggle/input/datasets/jeancdevx/sirennet/sireNNet/police/sound_664.wav,3.0,0.35702672600746155,0.11583953350782394,0.0986328125,1372.1476145137642,1197.5097909807992,2305.103058510638,67.93978881835938,-209.4849090576172,81.10688018798828,-209.4849090576172,81.10688018798828,-31.82972526550293,15.629875183105469,-25.602487564086914,-22.030691146850586,-12.879108428955078,23.63960075378418,17.75898551940918,22.87140464782715,9.12497329711914,-11.492837905883789,-28.696683883666992
sirennet,emergency,firetruck,/kaggle/input/datasets/jeancdevx/sirennet/sireNNet/firetruck/sound_284_1.wav,3.000125,0.28948456048965454,0.025504067540168762,0.1953384724069149,2167.496355812336,1775.2317867073896,4089.095744680851,48.61067581176758,-21.826068878173828,64.71561431884766,-21.826068878173828,64.71561431884766,-33.018802642822266,12.426352500915527,-3.268310546875,9.875836372375488,8.108604431152344,9.32371997833252,3.159198760986328,2.9001197814941406,-19.093666076660156,0.119126096367836,-0.6052054762840271
sirennet,emergency,ambulance,/kaggle/input/datasets/jeancdevx/sirennet/sireNNet/ambulance/sound_120.wav,3.0,0.2670638859272003,0.03437890484929085,0.15802131815159576,1521.5439855216157,1253.1504861920635,2433.344414893617,55.672969818115234,-91.93134307861328,108.56229400634766,-91.93134307861328,108.56229400634766,-55.14839172363281,-9.630331993103027,-15.700242042541504,14.350525856018066,-5.155238151550293,-15.504919052124023,-20.025468826293945,5.823757171630859,-2.567115068435669,-10.504600524902344,-22.79419708251953
sirennet,emergency,ambulance,/kaggle/input/datasets/jeancdevx/sirennet/sireNNet/ambulance/sound_73.wav,3.0,0.1649252027273178,0.024474939331412315,0.11014378324468085,1317.8375684719103,1057.4643270583515,2228.058510638298,31.60517120361328,-220.79945373535156,102.0353012084961,-220.79945373535156,102.0353012084961,-85.3514404296875,7.639978408813477,-14.954916954040527,0.738304615020752,10.923828125,24.046199798583984,13.359762191772461,8.793978691101074,7.493131637573242,14.02736759185791,14.568244934082031
sirennet,emergency,police,/kaggle/input/datasets/jeancdevx/sirennet/sireNNet/police/sound_795_1.wav,3.000125,0.29618746042251587,0.03022247552871704,0.14428191489361702,1657.298888313913,1470.2213740041789,2989.777260638298,59.745330810546875,-41.67681121826172,97.81803894042969,-41.67681121826172,97.81803894042969,-42.97820281982422,8.473381996154785,-20.2696475982666,1.4109703302383423,12.359644889831543,18.035005569458008,9.134613990783691,13.302204132080078,-8.92778491973877,0.12549440562725067,-3.504744529724121
sirennet,emergency,firetruck,/kaggle/input/datasets/jeancdevx/sirennet/sireNNet/firetruck/sound_358.wav,3.008,0.45687976479530334,0.0420176200568676,0.1742363177910053,1996.5424112907954,1549.3456473842177,3412.9464285714284,52.80506134033203,-62.36097717285156,53.09660720825195,-62.36097717285156,53.09660720825195,-47.77085494995117,-11.738077163696289,-14.062601089477539,11.975732803344727,4.601380348205566,1.6351501941680908,-10.039105415344238,-1.1500557661056519,-9.431361198425293,6.906539440155029,5.302878379821777
sirennet,emergency,police,/kaggle/input/datasets/jeancdevx/sirennet/sireNNet/police/sound_821.wav,3.0,0.33347341418266296,0.085178442299366,0.1483336103723404,1704.5800125532055,1272.65982169723,2922.7061170212764,81.16597747802734,-122.41898345947266,58.15658187866211,-122.41898345947266,58.15658187866211,-109.55001068115234,-17.20966339111328,-84.41912841796875,-37.90678405761719,-47.7784309387207,24.298812866210938,-6.853226184844971,14.620166778564453,-7.648428440093994,1.6639647483825684,8.142620086669922
sirennet,emergency,police,/kaggle/input/datasets/jeancdevx/sirennet/sireNNet/police/sound_635_1.wav,3.000125,0.20744644105434418,0.03566816449165344,0.17886677194148937,1876.1475802208065,1646.9225861263283,3378.656914893617,38.801631927490234,-65.80535125732422,81.93209838867188,-65.80535125732422,81.93209838867188,-31.4316463470459,20.703025817871094,-3.520984649658203,13.67836856842041,13.536280632019043,10.713346481323242,2.059410572052002,7.072258949279785,-15.422245979309082,0.25801071524620056,1.944998860359192
sirennet,emergency,police,/kaggle/input/datasets/jeancdevx/sirennet/sireNNet/police/sound_760.wav,3.0,0.3245132863521576,0.05694090202450752,0.1619847074468085,1836.371829813897,1437.0759993841311,3096.9913563829787,61.943660736083984,-243.63963317871094,33.24372482299805,-243.63963317871094,33.24372482299805,-63.559444427490234,-45.23854446411133,-33.34626007080078,18.583847045898438,7.1073408126831055,15.026551246643066,20.44927406311035,35.127967834472656,4.615904331207275,-8.08329963684082,4.701836585998535
sirennet,emergency,firetruck,/kaggle/input/datasets/jeancdevx/sirennet/sireNNet/firetruck/sound_213_1.wav,3.000125,0.27542248368263245,0.027910152450203896,0.2379176363031915,2540.9260001524594,1939.0782189775732,4941.572473404255,58.64774703979492,-2.431596279144287,48.025047302246094,-2.431596279144287,48.025047302246094,-18.72614097595215,10.976390838623047,-14.524266242980957,14.9068021774292,-3.492831230163574,17.213253021240234,-1.3004730939865112,11.232691764831543,-9.696213722229004,0.11473213136196136,-0.11739158630371094
sirennet,emergency,ambulance,/kaggle/input/datasets/jeancdevx/sirennet/sireNNet/ambulance/sound_59_1.wav,3.000125,0.28263986110687256,0.027997856959700584,0.14960106382978725,1709.4134375874592,1637.7002288579336,3207.8623670212764,50.35381317138672,-41.61472702026367,90.03398132324219,-41.61472702026367,90.03398132324219,-27.024694442749023,23.0444278717041,7.684767723083496,22.7515926361084,11.4300537109375,2.4229423999786377,-5.9259748458862305,9.440206527709961,-6.975907802581787,-2.3751721382141113,-8.382413864135742
sirennet,emergency,firetruck,/kaggle/input/datasets/jeancdevx/sirennet/sireNNet/firetruck/sound_270_1.wav,3.000125,0.2894136905670166,0.024103254079818726,0.17356840093085107,1918.1334595531628,1641.733807119878,3441.40625,52.99239730834961,-18.14255142211914,78.6044692993164,-18.14255142211914,78.6044692993164,-44.14945602416992,4.556638240814209,-2.9285967350006104,11.120074272155762,10.110136985778809,12.71088981628418,6.531252384185791,8.770838737487793,-13.893372535705566,-1.5201374292373657,-3.408949851989746
sirennet,emergency,firetruck,/kaggle/input/datasets/jeancdevx/sirennet/sireNNet/firetruck/sound_280_1.wav,3.000125,0.294566810131073,0.03155624866485596,0.17239964261968085,1968.4018832982752,1675.733793480305,3629.5711436170213,47.647586822509766,-36.76627731323242,74.49690246582031,-36.76627731323242,74.49690246582031,-34.63410186767578,11.597131729125977,-5.212394714355469,11.674334526062012,10.19684886932373,13.193681716918945,4.03895902633667,1.7955187559127808,-15.15391731262207,2.2045235633850098,1.341289758682251
sirennet,non_emergency,traffic,/kaggle/input/datasets/jeancdevx/sirennet/sireNNet/traffic/sound_663.wav,3.0,0.2212221920490265,0.04187178611755371,0.11993538065159574,1758.5100920402497,1752.0540124017384,3591.589095744681,42.26768112182617,-66.92164611816406,84.74198150634766,-66.92164611816406,84.74198150634766,-19.467939376831055,30.23919105529785,2.4648261070251465,20.626474380493164,7.499592304229736,9.936859130859375,4.035699367523193,6.285181045532227,-0.6493940353393555,8.677887916564941,-6.723532676696777
sirennet,emergency,police,/kaggle/input/datasets/jeancdevx/sirennet/sireNNet/police/sound_800.wav,3.0,0.26252615451812744,0.04123309999704361,0.12710895944148937,1386.7731367550784,1033.9842698036557,2354.970079787234,54.39045715332031,-144.81918334960938,121.72554779052734,-144.81918334960938,121.72554779052734,-78.92262268066406,-1.7123503684997559,-61.77275085449219,13.44873046875,11.55354118347168,23.98767852783203,11.025476455688477,-0.3231755793094635,-11.173727989196777,1.966787576675415,2.631641387939453
sirennet,emergency,police,/kaggle/input/datasets/jeancdevx/sirennet/sireNNet/police/sound_646_1.wav,3.000125,0.3390786051750183,0.03888886049389839,0.13104637632978725,1726.588089550026,1515.058575128258,3065.408909574468,87.24883270263672,-68.1708984375,83.10221099853516,-68.1708984375,83.10221099853516,-37.10269546508789,13.6434907913208,-9.511523246765137,13.58327579498291,20.576438903808594,17.395477294921875,0.08947313576936722,2.217360734939575,-18.487808227539062,-1.876768708229065,3.09991192817688
sirennet,non_emergency,traffic,/kaggle/input/datasets/jeancdevx/sirennet/sireNNet/traffic/sound_526.wav,3.0,0.17982202768325806,0.03205888718366623,0.07932492519946809,1055.5009594064034,1165.9806021359232,1920.7114361702127,37.47564697265625,-117.58936309814453,154.36294555664062,-117.58936309814453,154.36294555664062,-38.57825469970703,10.729808807373047,4.617940425872803,8.30210018157959,4.369882583618164,13.038305282592773,3.4801275730133057,3.5151431560516357,-0.07685241103172302,8.50134563446045,1.1942304372787476
sirennet,emergency,ambulance,/kaggle/input/datasets/jeancdevx/sirennet/sireNNet/ambulance/sound_186.wav,3.008,0.4178096354007721,0.09095937758684158,0.14093501984126985,1552.0212351871367,1297.2417055887329,2611.524470899471,61.7323112487793,-123.87489318847656,99.30609130859375,-123.87489318847656,99.30609130859375,-48.17185592651367,-6.805485725402832,-12.37313461303711,4.0976457595825195,5.212582111358643,-1.083423137664795,-7.69668436050415,-4.285521030426025,-14.570907592773438,-9.583699226379395,-10.823136329650879
sirennet,emergency,firetruck,/kaggle/input/datasets/jeancdevx/sirennet/sireNNet/firetruck/sound_244_1.wav,3.000125,0.2439148873090744,0.023004762828350067,0.1751215508643617,1985.8388802459626,1733.202950715262,3648.021941489362,41.76593780517578,-33.96571731567383,75.96791076660156,-33.96571731567383,75.96791076660156,-34.426639556884766,12.190114974975586,-0.7573100924491882,6.388704299926758,11.817112922668457,5.880730152130127,-2.893503427505493,11.531782150268555,-12.326617240905762,-2.512054204940796,-7.993638038635254
sirennet,emergency,police,/kaggle/input/datasets/jeancdevx/sirennet/sireNNet/police/sound_758.wav,3.0,0.22313185036182404,0.23204056918621063,0.16438975232712766,2004.6667974305506,1439.2109967794418,3627.908909574468,50.20210266113281,-351.5574645996094,20.12067222595215,-351.5574645996094,20.12067222595215,-47.66682434082031,-31.471893310546875,-22.304866790771484,15.993437767028809,11.816779136657715,-4.429306507110596,0.6643086075782776,12.61512279510498,7.058148384094238,7.887733459472656,-0.7345529198646545
sirennet,non_emergency,traffic,/kaggle/input/datasets/jeancdevx/sirennet/sireNNet/traffic/sound_407.wav,3.0,0.21319617331027985,0.0293899979442358,0.07948595412234043,1071.293974634609,1216.7256341647292,1941.8218085106382,41.69783020019531,-107.65208435058594,146.929443359375,-107.65208435058594,146.929443359375,-34.83879089355469,11.392196655273438,5.195955276489258,12.579266548156738,5.0879387855529785,15.545177459716797,3.281705856323242,6.070964336395264,-0.023960966616868973,9.30374813079834,2.1257059574127197
sirennet,emergency,ambulance,/kaggle/input/datasets/jeancdevx/sirennet/sireNNet/ambulance/sound_83_1.wav,3.000125,0.2328120470046997,0.032054636627435684,0.1896712932180851,1893.084253634193,1564.425314776146,3277.509973404255,44.358070373535156,-62.84004592895508,78.89494323730469,-62.84004592895508,78.89494323730469,-41.17354965209961,20.772920608520508,3.2588045597076416,19.30776596069336,9.889561653137207,2.867077350616455,1.9039887189865112,10.039291381835938,-15.889256477355957,-0.7018755674362183,1.864709734916687
sirennet,emergency,police,/kaggle/input/datasets/jeancdevx/sirennet/sireNNet/police/sound_636.wav,3.0,0.17910851538181305,0.029674852266907692,0.10618558843085106,1211.87110355938,1200.2672233999706,1933.843085106383,37.77398681640625,-169.1636962890625,123.89079284667969,-169.1636962890625,123.89079284667969,-39.7496223449707,-9.338899612426758,-19.809188842773438,24.83389663696289,20.469619750976562,32.09541702270508,16.682302474975586,14.280553817749023,-4.382477760314941,0.6031067371368408,-5.87142276763916
sirennet,emergency,firetruck,/kaggle/input/datasets/jeancdevx/sirennet/sireNNet/firetruck/sound_321_1.wav,3.000125,0.2789781987667084,0.023651108145713806,0.21401263297872342,2233.909911116482,1714.1636170513948,4281.998005319149,53.32640075683594,-4.908142566680908,64.00871276855469,-4.908142566680908,64.00871276855469,-38.65804672241211,14.80139446258545,-21.544408798217773,20.903629302978516,-7.972789287567139,13.389681816101074,-1.6468075513839722,8.282087326049805,-1.0797066688537598,2.2334775924682617,2.373264789581299
sirennet,emergency,police,/kaggle/input/datasets/jeancdevx/sirennet/sireNNet/police/sound_744_1.wav,3.000125,0.21661478281021118,0.016501108184456825,0.18158348570478725,1904.6251707948934,1569.7515826432636,3409.4913563829787,42.71000671386719,-62.061119079589844,80.91317749023438,-62.061119079589844,80.91317749023438,-38.95074462890625,20.420454025268555,-17.125272750854492,2.3462157249450684,8.51758098602295,16.6706600189209,10.080350875854492,14.778299331665039,-7.924724102020264,-0.9078758955001831,-8.767951011657715
sirennet,emergency,ambulance,/kaggle/input/datasets/jeancdevx/sirennet/sireNNet/ambulance/sound_164.wav,3.008,0.4274090826511383,0.11189848184585571,0.1689711474867725,1838.8970910849662,1231.102588061555,2728.505291005291,61.036651611328125,-202.75094604492188,54.959251403808594,-202.75094604492188,54.959251403808594,-77.10665130615234,-20.907085418701172,2.869755506515503,18.57050323486328,-3.189448595046997,-32.96054458618164,-12.17721939086914,19.737674713134766,4.153913974761963,-25.73253059387207,-9.22326374053955
sirennet,emergency,firetruck,/kaggle/input/datasets/jeancdevx/sirennet/sireNNet/firetruck/sound_278_1.wav,3.000125,0.2959189713001251,0.028449730947613716,0.1612055352393617,1752.2430734222946,1521.896163648086,3091.6722074468084,56.62035369873047,-30.762165069580078,90.30168151855469,-30.762165069580078,90.30168151855469,-46.287349700927734,11.462202072143555,-4.524654388427734,12.519306182861328,14.969892501831055,16.966894149780273,0.23507918417453766,3.8553035259246826,-8.438715934753418,5.873822212219238,-3.5591087341308594
sirennet,emergency,ambulance,/kaggle/input/datasets/jeancdevx/sirennet/sireNNet/ambulance/sound_17.wav,3.0,0.34663984179496765,0.05547318980097771,0.1507074883643617,1818.1121028167802,1446.3174107755922,3023.686835106383,47.7222900390625,-324.30645751953125,-17.203041076660156,-324.30645751953125,-17.203041076660156,-67.29192352294922,-35.56129837036133,-63.614662170410156,-40.330440521240234,10.571930885314941,59.305145263671875,20.856975555419922,6.103862285614014,-12.533167839050293,-7.441148281097412,-3.3348193168640137
sirennet,non_emergency,traffic,/kaggle/input/datasets/jeancdevx/sirennet/sireNNet/traffic/sound_789.wav,3.0,0.14517086744308472,0.06624235957860947,0.3095339511303192,2446.199730374943,1803.414518604817,3957.197473404255,26.445770263671875,-129.8540802001953,55.89015579223633,-129.8540802001953,55.89015579223633,-4.646755695343018,40.94411849975586,-13.46850872039795,19.534809112548828,15.004280090332031,-9.545242309570312,13.479079246520996,1.0508277416229248,-6.7168989181518555,16.091205596923828,-12.473959922790527
sirennet,emergency,police,/kaggle/input/datasets/jeancdevx/sirennet/sireNNet/police/sound_609_1.wav,3.000125,0.24292060732841492,0.03265709802508354,0.15229180518617022,1741.4342879506446,1582.0733203048344,3194.6476063829787,47.1248893737793,-62.24968338012695,91.13526153564453,-62.24968338012695,91.13526153564453,-32.86217498779297,10.00307559967041,-16.029224395751953,5.841937065124512,10.824368476867676,16.434009552001953,8.87369441986084,16.38727378845215,-10.247917175292969,-1.5158003568649292,-6.071761608123779
sirennet,emergency,ambulance,/kaggle/input/datasets/jeancdevx/sirennet/sireNNet/ambulance/sound_49_1.wav,3.000125,0.2949482202529907,0.03757725656032562,0.16063414228723405,1733.095855704417,1537.7600391169588,3041.472739361702,59.11946487426758,-33.5306510925293,94.83740234375,-33.5306510925293,94.83740234375,-40.49212646484375,5.044206142425537,-5.638575077056885,7.026147842407227,6.9200849533081055,3.3827030658721924,-0.48791471123695374,9.809749603271484,-9.519700050354004,1.8776443004608154,-0.8215226531028748
sirennet,emergency,police,/kaggle/input/datasets/jeancdevx/sirennet/sireNNet/police/sound_806_1.wav,3.000125,0.3214651942253113,0.029190486297011375,0.11371239195478723,1631.3493569547377,1534.2210880231628,3005.900930851064,57.54130172729492,-71.46450805664062,91.24298858642578,-71.46450805664062,91.24298858642578,-30.10797691345215,20.131614685058594,-9.952102661132812,3.0373623371124268,9.401687622070312,15.99724292755127,11.057068824768066,18.683561325073242,-9.060242652893066,-4.632911682128906,-10.0634126663208
sirennet,emergency,police,/kaggle/input/datasets/jeancdevx/sirennet/sireNNet/police/sound_609.wav,3.0,0.1837620884180069,0.0504140742123127,0.1001963513962766,1159.7369586353834,1066.574071912767,1669.5478723404256,38.59325408935547,-210.44996643066406,137.3244171142578,-210.44996643066406,137.3244171142578,-52.267696380615234,-18.79673957824707,-36.504390716552734,7.568177700042725,13.794137954711914,32.53795623779297,21.685224533081055,25.213573455810547,7.531765460968018,5.479822635650635,-13.5988187789917
sirennet,non_emergency,traffic,/kaggle/input/datasets/jeancdevx/sirennet/sireNNet/traffic/sound_647.wav,3.0,0.15222404897212982,0.07544805109500885,0.24705472905585107,2348.521657169804,1838.7265329812167,4322.639627659574,24.410900115966797,-110.64398956298828,56.18705749511719,-110.64398956298828,56.18705749511719,-12.024099349975586,27.00678825378418,-3.438591241836548,22.33104133605957,7.998772144317627,4.386551380157471,0.02767855115234852,8.179338455200195,-7.164759635925293,11.925939559936523,-5.086198329925537
sirennet,emergency,firetruck,/kaggle/input/datasets/jeancdevx/sirennet/sireNNet/firetruck/sound_346.wav,3.0,0.3138754963874817,0.0729854479432106,0.1331813081781915,1698.9886733184685,1250.4608958139254,3005.651595744681,65.33955383300781,-154.16673278808594,83.71612548828125,-154.16673278808594,83.71612548828125,-68.68768310546875,14.398696899414062,-53.07976531982422,-1.6408319473266602,-6.415236473083496,23.242826461791992,3.195366621017456,2.1115200519561768,-0.701953649520874,-1.5469732284545898,-2.3407723903656006
sirennet,emergency,ambulance,/kaggle/input/datasets/jeancdevx/sirennet/sireNNet/ambulance/sound_48.wav,3.0,0.32939666509628296,0.09550502896308899,0.1363239694148936,1527.4269144396721,1172.4501750699117,2433.9261968085107,49.34772872924805,-219.4692840576172,86.0163803100586,-219.4692840576172,86.0163803100586,-44.972084045410156,-1.3328821659088135,-14.744449615478516,31.00377655029297,10.364775657653809,15.104456901550293,-5.015334129333496,5.328883171081543,-3.1614081859588623,1.0531407594680786,-2.0007357597351074
sirennet,emergency,firetruck,/kaggle/input/datasets/jeancdevx/sirennet/sireNNet/firetruck/sound_320.wav,3.0,0.1575557440519333,0.07033254206180573,0.19886033078457446,2078.2658133757327,1622.7321056522255,3722.65625,22.46341323852539,-170.67547607421875,63.19334411621094,-170.67547607421875,63.19334411621094,-28.898090362548828,10.549055099487305,-5.168692588806152,2.870661973953247,5.780483245849609,12.489091873168945,16.787031173706055,22.373046875,-9.991682052612305,-11.37596607208252,-7.081669807434082
sirennet,emergency,ambulance,/kaggle/input/datasets/jeancdevx/sirennet/sireNNet/ambulance/sound_117_1.wav,3.000125,0.3017546236515045,0.03288571164011955,0.19056474401595744,2117.700676632468,1777.2299499851881,4071.808510638298,60.03883361816406,-25.163555145263672,69.54094696044922,-25.163555145263672,69.54094696044922,-33.40314865112305,2.05022931098938,2.3596866130828857,21.83872413635254,10.198688507080078,-3.7042882442474365,-10.341815948486328,9.144675254821777,-1.5574619770050049,3.561556577682495,-8.713266372680664
sirennet,emergency,police,/kaggle/input/datasets/jeancdevx/sirennet/sireNNet/police/sound_681.wav,3.0,0.20405708253383636,0.04616666957736015,0.1012716090425532,1142.603351926253,921.8646072644482,1750.9142287234042,42.22718811035156,-289.1665954589844,95.06964874267578,-289.1665954589844,95.06964874267578,-55.70695877075195,-19.194259643554688,-15.226224899291992,-39.397254943847656,-38.0753059387207,39.88473892211914,31.491226196289062,53.867042541503906,26.554874420166016,-35.88615417480469,-67.31309509277344
sirennet,emergency,firetruck,/kaggle/input/datasets/jeancdevx/sirennet/sireNNet/firetruck/sound_305_1.wav,3.000125,0.2653597891330719,0.029191480949521065,0.16176653922872342,1840.4391303426414,1637.1275311788932,3395.3623670212764,48.720890045166016,-41.773643493652344,81.98506164550781,-41.773643493652344,81.98506164550781,-35.998294830322266,15.86882495880127,-2.0145668983459473,20.434432983398438,15.059219360351562,10.237751007080078,1.7638909816741943,7.475297451019287,-11.724282264709473,2.780205249786377,5.141849517822266
sirennet,non_emergency,traffic,/kaggle/input/datasets/jeancdevx/sirennet/sireNNet/traffic/sound_442.wav,3.0,0.23331601917743683,0.025077005848288536,0.07423433344414894,1027.9310261568896,1190.2908562335138,1858.377659574468,48.94276809692383,-91.1258316040039,154.7261199951172,-91.1258316040039,154.7261199951172,-31.83403205871582,9.076680183410645,4.112722873687744,7.821171760559082,6.471309661865234,11.056227684020996,1.5273278951644897,5.032364368438721,-2.2113256454467773,8.28603458404541,-0.15830546617507935
sirennet,non_emergency,traffic,/kaggle/input/datasets/jeancdevx/sirennet/sireNNet/traffic/sound_437.wav,3.0,0.21811947226524353,0.08006654679775238,0.03812749335106383,729.5932772756398,959.6634523176858,1385.721409574468,25.313804626464844,-179.08827209472656,180.21401977539062,-179.08827209472656,180.21401977539062,-22.231122970581055,22.704559326171875,12.467499732971191,7.1529364585876465,2.514512777328491,5.88154935836792,-3.590388774871826,-2.9184348583221436,-4.721690654754639,4.475886344909668,-1.121482253074646
sirennet,emergency,firetruck,/kaggle/input/datasets/jeancdevx/sirennet/sireNNet/firetruck/sound_202_1.wav,3.000125,0.3047233819961548,0.0496225506067276,0.16048350232712766,1796.1637633757175,1522.008007670614,3243.184840425532,62.74772262573242,-45.332218170166016,86.79328918457031,-45.332218170166016,86.79328918457031,-41.956512451171875,11.464882850646973,-11.505885124206543,11.432954788208008,8.951502799987793,12.640894889831543,0.5389224290847778,9.340766906738281,-9.79963493347168,-0.049956951290369034,-0.6020915508270264
sirennet,emergency,ambulance,/kaggle/input/datasets/jeancdevx/sirennet/sireNNet/ambulance/sound_97.wav,3.0,0.25609058141708374,0.06732627749443054,0.14775702293882978,1513.538843619293,1168.7266789087214,2418.467420212766,49.087013244628906,-183.18898010253906,100.70394897460938,-183.18898010253906,100.70394897460938,-45.68788528442383,-1.85348641872406,-8.808951377868652,22.27791976928711,11.0653657913208,0.20636960864067078,-7.633330821990967,13.09325122833252,-0.3683585226535797,-7.767269134521484,-12.292827606201172
sirennet,emergency,police,/kaggle/input/datasets/jeancdevx/sirennet/sireNNet/police/sound_753.wav,3.0,0.12156993895769119,0.03714539110660553,0.11533826462765957,1481.1267327102858,1383.7119956063054,2650.93085106383,25.378904342651367,-197.32644653320312,102.16188049316406,-197.32644653320312,102.16188049316406,-24.2179012298584,20.78660774230957,-33.06447219848633,-28.265594482421875,0.7448122501373291,40.10895919799805,19.15718650817871,12.30992603302002,-13.566863059997559,-3.347217321395874,-16.781171798706055
sirennet,emergency,police,/kaggle/input/datasets/jeancdevx/sirennet/sireNNet/police/sound_756.wav,3.0,0.12744566798210144,0.014212018810212612,0.13329558676861702,1764.6639886219345,1728.207371753357,3396.276595744681,27.29637336730957,-112.2287826538086,87.01787567138672,-112.2287826538086,87.01787567138672,-9.757429122924805,36.215755462646484,-9.05810260772705,-16.074926376342773,2.664250373840332,24.78142738342285,4.614027976989746,15.243687629699707,-7.180936336517334,-0.6520596146583557,-8.003515243530273
sirennet,emergency,police,/kaggle/input/datasets/jeancdevx/sirennet/sireNNet/police/sound_763_1.wav,3.000125,0.39179813861846924,0.04129723086953163,0.1344279837101064,1613.7576587847,1371.1984718836052,2817.9853723404253,78.12191009521484,-31.834291458129883,98.09233856201172,-31.834291458129883,98.09233856201172,-52.066307067871094,4.405472755432129,-29.50830078125,-9.792305946350098,8.59754467010498,25.427959442138672,9.798823356628418,12.46766471862793,-0.16360317170619965,2.0585482120513916,-8.289873123168945
sirennet,emergency,police,/kaggle/input/datasets/jeancdevx/sirennet/sireNNet/police/sound_804.wav,3.0,0.3218027949333191,0.041699208319187164,0.0931162732712766,1171.3703877657208,1161.5581316812654,2202.709441489362,56.21134567260742,-207.85850524902344,113.3261489868164,-207.85850524902344,113.3261489868164,-11.379125595092773,44.40562057495117,-3.1715898513793945,-17.58416175842285,5.705787181854248,31.551504135131836,13.523911476135254,45.51970672607422,-6.502355575561523,-16.38375473022461,-23.12851333618164
sirennet,non_emergency,traffic,/kaggle/input/datasets/jeancdevx/sirennet/sireNNet/traffic/sound_785.wav,3.0,0.167469322681427,0.047534484416246414,0.17698636968085107,1839.1187648423142,1804.9259836637493,3717.33710106383,30.786941528320312,-126.79232788085938,78.49569702148438,-126.79232788085938,78.49569702148438,-4.5034308433532715,40.33393859863281,0.05308210104703903,25.22836685180664,15.010531425476074,5.398298740386963,8.60699462890625,7.683261394500732,-3.083432674407959,5.786706924438477,-3.848330497741699
sirennet,non_emergency,traffic,/kaggle/input/datasets/jeancdevx/sirennet/sireNNet/traffic/sound_502.wav,3.0,0.23224641382694244,0.025455228984355927,0.07408369348404255,1029.575651502821,1192.1695836401736,1862.6994680851064,48.77687454223633,-91.45906829833984,154.58985900878906,-91.45906829833984,154.58985900878906,-31.75053596496582,8.936630249023438,4.292496681213379,7.763140678405762,6.551478385925293,11.113892555236816,1.3753114938735962,5.040284633636475,-2.4163084030151367,8.653855323791504,-0.35874491930007935
sirennet,emergency,police,/kaggle/input/datasets/jeancdevx/sirennet/sireNNet/police/sound_706.wav,3.0,0.17658643424510956,0.046841468662023544,0.11441364694148937,1407.3960068610936,1374.4739568516138,2699.800531914894,42.46565246582031,-150.324951171875,110.58200073242188,-150.324951171875,110.58200073242188,-26.605382919311523,30.9624080657959,-16.578720092773438,7.686118125915527,6.527968406677246,14.814453125,4.049924373626709,4.37832498550415,-4.409955024719238,0.4100276827812195,-8.991329193115234
sirennet,non_emergency,traffic,/kaggle/input/datasets/jeancdevx/sirennet/sireNNet/traffic/sound_604.wav,3.0,0.22143132984638214,0.028436504304409027,0.14496758643617022,1905.42310643882,1798.2365821505657,3759.8902925531916,47.113792419433594,-45.96542739868164,78.47026824951172,-45.96542739868164,78.47026824951172,-20.725013732910156,28.182071685791016,0.014109266921877861,21.461606979370117,11.066330909729004,7.853496074676514,5.589658260345459,8.51093864440918,-6.421589374542236,7.808635234832764,-5.640199661254883
sirennet,emergency,firetruck,/kaggle/input/datasets/jeancdevx/sirennet/sireNNet/firetruck/sound_363_1.wav,3.008,0.30507388710975647,0.040701355785131454,0.1720661789021164,1901.0293296955251,1638.6697113085477,3498.346560846561,52.97222137451172,-34.46059799194336,78.75186157226562,-34.46059799194336,78.75186157226562,-34.79035949707031,13.27026653289795,-3.1530489921569824,9.354680061340332,5.9833478927612305,10.120794296264648,5.137707233428955,9.562309265136719,-10.15875244140625,-5.580792427062988,-7.9884490966796875
sirennet,emergency,ambulance,/kaggle/input/datasets/jeancdevx/sirennet/sireNNet/ambulance/sound_149.wav,3.0,0.2586934268474579,0.06801845133304596,0.13904587765957446,1561.8461678219567,1257.3001117415986,2575.382313829787,49.838809967041016,-212.05792236328125,82.55510711669922,-212.05792236328125,82.55510711669922,-49.651824951171875,-34.113426208496094,-44.216941833496094,8.923503875732422,15.794609069824219,7.7379937171936035,-27.10374641418457,-10.64319133758545,-14.031052589416504,-6.939767360687256,-15.160906791687012
sirennet,emergency,ambulance,/kaggle/input/datasets/jeancdevx/sirennet/sireNNet/ambulance/sound_48_1.wav,3.000125,0.3442007005214691,0.06269807368516922,0.15027634640957446,1785.8115458666184,1520.403037194402,3177.775930851064,55.27638626098633,-67.21237182617188,80.10491943359375,-67.21237182617188,80.10491943359375,-38.84794998168945,16.725563049316406,-3.42230224609375,20.0004825592041,15.157898902893066,8.878377914428711,-0.9119848608970642,6.323991298675537,-14.356724739074707,-0.390729695558548,-0.09142520278692245
sirennet,emergency,ambulance,/kaggle/input/datasets/jeancdevx/sirennet/sireNNet/ambulance/sound_183.wav,3.008,0.4154300093650818,0.15189795196056366,0.16105014054232805,1820.8329284453796,1365.12976700557,3132.60582010582,63.45854949951172,-181.40049743652344,71.43952178955078,-181.40049743652344,71.43952178955078,-46.8771858215332,-10.705379486083984,-13.39205265045166,7.129347324371338,4.530765533447266,-13.414543151855469,-4.342432498931885,4.522215366363525,-14.11201000213623,-7.763071060180664,-4.518240928649902
sirennet,non_emergency,traffic,/kaggle/input/datasets/jeancdevx/sirennet/sireNNet/traffic/sound_748.wav,3.0,0.12685717642307281,0.07274188846349716,0.31707114361702127,2516.197755648401,1820.437016811615,4100.648271276596,23.17677879333496,-132.82484436035156,53.097896575927734,-132.82484436035156,53.097896575927734,-8.88252067565918,36.80501937866211,-9.6358060836792,26.57590103149414,7.388382434844971,-2.447190999984741,7.738856315612793,-6.790488243103027,-3.553342819213867,8.676918983459473,-12.082062721252441
sirennet,emergency,police,/kaggle/input/datasets/jeancdevx/sirennet/sireNNet/police/sound_768.wav,3.0,0.45556917786598206,0.07460484653711319,0.11317736037234043,1340.3277155678247,1074.5162566717338,2288.2313829787236,94.24691009521484,-79.5456771850586,120.43421936035156,-79.5456771850586,120.43421936035156,-73.13382720947266,-4.415757179260254,-42.75163650512695,-13.056812286376953,8.204545974731445,31.704252243041992,13.928983688354492,15.681734085083008,1.271794319152832,2.255620002746582,-1.3494384288787842
sirennet,emergency,firetruck,/kaggle/input/datasets/jeancdevx/sirennet/sireNNet/firetruck/sound_355_1.wav,3.008,0.2570590674877167,0.034245721995830536,0.19443927744708994,2136.1179050835262,1788.0611647986148,4010.6646825396824,42.8848991394043,-34.207820892333984,65.85447692871094,-34.207820892333984,65.85447692871094,-31.123661041259766,11.021842002868652,-3.6124258041381836,15.028410911560059,14.769129753112793,4.077611446380615,-4.917410850524902,4.7784037590026855,-3.1993136405944824,4.515208721160889,-2.8795418739318848
sirennet,non_emergency,traffic,/kaggle/input/datasets/jeancdevx/sirennet/sireNNet/traffic/sound_638.wav,3.0,0.19202366471290588,0.03400455415248871,0.17978619514627658,2025.9213644882807,1832.0062059014078,3953.7898936170213,39.885398864746094,-60.52678298950195,72.59593200683594,-60.52678298950195,72.59593200683594,-16.96456527709961,30.41486167907715,-0.8716926574707031,23.117748260498047,7.648649215698242,6.251459121704102,4.220023155212402,8.15673542022705,-5.295688152313232,11.274662971496582,-6.549235820770264
sirennet,emergency,police,/kaggle/input/datasets/jeancdevx/sirennet/sireNNet/police/sound_686.wav,3.0,0.1748444139957428,0.05109309405088425,0.15232297207446807,1547.8523024622527,922.8109867746116,2514.461436170213,32.121952056884766,-241.984130859375,90.45464324951172,-241.984130859375,90.45464324951172,-126.57376098632812,-14.019237518310547,-34.665035247802734,7.711583137512207,48.896873474121094,19.132488250732422,10.30462646484375,20.315309524536133,-0.6237990856170654,11.795025825500488,-4.7081122398376465
sirennet,emergency,police,/kaggle/input/datasets/jeancdevx/sirennet/sireNNet/police/sound_726_1.wav,3.000125,0.2550046741962433,0.03708377853035927,0.15501371343085107,1831.0793340979258,1797.6514827450546,3641.871675531915,51.69076919555664,-41.602439880371094,83.13241577148438,-41.602439880371094,83.13241577148438,-13.810409545898438,27.460386276245117,7.689263343811035,15.874848365783691,10.432122230529785,7.713824272155762,-1.697068691253662,5.036612510681152,-13.339594841003418,0.7391579747200012,1.7995914220809937
sirennet,emergency,firetruck,/kaggle/input/datasets/jeancdevx/sirennet/sireNNet/firetruck/sound_395_1.wav,3.008,0.36161574721336365,0.057406291365623474,0.14942439649470898,1789.9461967843158,1494.4613229673364,3094.9900793650795,42.99180603027344,-66.70600891113281,80.37885284423828,-66.70600891113281,80.37885284423828,-42.065460205078125,18.134862899780273,-2.0674021244049072,18.057615280151367,21.21437644958496,10.263851165771484,-8.119230270385742,-2.707836151123047,-12.946142196655273,11.564852714538574,6.000100612640381
sirennet,non_emergency,traffic,/kaggle/input/datasets/jeancdevx/sirennet/sireNNet/traffic/sound_587.wav,3.0,0.21259884536266327,0.029573585838079453,0.07917947972074468,1070.0452199877332,1215.0884704384835,1937.5,41.59218215942383,-108.1557388305664,147.13954162597656,-108.1557388305664,147.13954162597656,-34.89542007446289,11.33446979522705,5.031301498413086,12.689834594726562,5.019852638244629,15.497065544128418,3.332970142364502,6.283186912536621,-0.07439150661230087,9.485014915466309,2.0484631061553955
sirennet,emergency,firetruck,/kaggle/input/datasets/jeancdevx/sirennet/sireNNet/firetruck/sound_334_1.wav,3.000125,0.2709876000881195,0.029143502935767174,0.16132500831117022,1966.1350635006459,1741.6788733472033,3954.870345744681,48.75474166870117,-28.400083541870117,75.73886108398438,-28.400083541870117,75.73886108398438,-25.409780502319336,23.997163772583008,-5.944109916687012,26.623353958129883,4.4838385581970215,11.70654010772705,-7.595821857452393,4.302222728729248,-4.552740097045898,3.0445117950439453,-1.9971892833709717
sirennet,emergency,ambulance,/kaggle/input/datasets/jeancdevx/sirennet/sireNNet/ambulance/sound_40_1.wav,3.000125,0.24993465840816498,0.05811629444360733,0.17632147606382978,1869.7579523118113,1580.3878699967988,3291.6389627659573,44.049171447753906,-65.2956771850586,78.87812805175781,-65.2956771850586,78.87812805175781,-38.03821563720703,19.48874855041504,3.681539297103882,22.097137451171875,12.482396125793457,0.6052208542823792,-5.69486665725708,9.017746925354004,-8.330716133117676,1.546661376953125,-2.2922542095184326
sirennet,non_emergency,traffic,/kaggle/input/datasets/jeancdevx/sirennet/sireNNet/traffic/sound_412.wav,3.0,0.1734609454870224,0.026690784841775894,0.05484333444148936,856.8177165911881,1090.0126698654274,1625.748005319149,35.487972259521484,-150.13690185546875,167.89414978027344,-150.13690185546875,167.89414978027344,-24.39002227783203,19.200244903564453,8.40252685546875,10.559707641601562,7.123764991760254,9.629097938537598,-2.476283073425293,1.0975371599197388,-4.93752908706665,5.213774681091309,-1.222795844078064
sirennet,non_emergency,traffic,/kaggle/input/datasets/jeancdevx/sirennet/sireNNet/traffic/sound_784.wav,3.0,0.20936836302280426,0.03820168226957321,0.11073595412234043,1795.3678286400161,1942.4343796091741,3975.7313829787236,42.86929702758789,-82.8481216430664,79.03897094726562,-82.8481216430664,79.03897094726562,1.8494514226913452,32.975914001464844,4.06657075881958,23.114788055419922,11.735872268676758,9.239849090576172,6.395235061645508,7.036125183105469,-2.126431941986084,7.179473400115967,-8.529346466064453
sirennet,emergency,firetruck,/kaggle/input/datasets/jeancdevx/sirennet/sireNNet/firetruck/sound_230.wav,3.0,0.2313978374004364,0.11340248584747314,0.19481902426861702,1958.8078408420336,1474.5189448455537,3438.081781914894,31.76807975769043,-148.21778869628906,81.1731948852539,-148.21778869628906,81.1731948852539,-28.801694869995117,21.392723083496094,-23.96978187561035,17.992015838623047,-0.0031704192515462637,2.837465763092041,-40.023338317871094,-8.122634887695312,11.506609916687012,5.350118637084961,-14.517189979553223
sirennet,emergency,ambulance,/kaggle/input/datasets/jeancdevx/sirennet/sireNNet/ambulance/sound_10_1.wav,3.000125,0.23371711373329163,0.0385628305375576,0.18894926030585107,1922.5493043604024,1584.63669965035,3330.3690159574467,45.85446548461914,-66.96073150634766,76.4136962890625,-66.96073150634766,76.4136962890625,-38.60712432861328,20.47555923461914,1.5546543598175049,21.54830551147461,12.528353691101074,1.7066223621368408,-2.6014647483825684,9.604767799377441,-11.538686752319336,-1.2930989265441895,2.238999605178833
sirennet,emergency,police,/kaggle/input/datasets/jeancdevx/sirennet/sireNNet/police/sound_727_1.wav,3.000125,0.27485549449920654,0.04800299555063248,0.14695707280585107,1765.700953756104,1549.865643895181,3149.1023936170213,49.15377426147461,-60.10786819458008,87.39156341552734,-60.10786819458008,87.39156341552734,-35.80125427246094,18.633832931518555,-13.50697135925293,-0.1728978008031845,7.462104320526123,16.72049903869629,11.524736404418945,15.772809028625488,-9.130533218383789,-3.590437889099121,-10.746567726135254
sirennet,emergency,police,/kaggle/input/datasets/jeancdevx/sirennet/sireNNet/police/sound_616.wav,3.0,0.15085594356060028,0.025445031002163887,0.09522523271276596,1106.0282329666893,1036.0604530000285,1623.8364361702127,31.030847549438477,-211.9724884033203,143.88890075683594,-211.9724884033203,143.88890075683594,-44.283504486083984,-20.25519371032715,-35.86090087890625,2.3736534118652344,3.350167989730835,25.779569625854492,18.90152359008789,21.888866424560547,7.2047600746154785,7.3489885330200195,-16.323497772216797
sirennet,emergency,firetruck,/kaggle/input/datasets/jeancdevx/sirennet/sireNNet/firetruck/sound_387.wav,3.008,0.15706251561641693,0.06809576600790024,0.1700923859126984,1925.941247142416,1532.318379785889,3396.742724867725,30.986114501953125,-147.17515563964844,72.0084457397461,-147.17515563964844,72.0084457397461,-37.44145584106445,16.479398727416992,-10.454344749450684,13.264134407043457,11.547974586486816,17.287015914916992,-8.783316612243652,-3.840372085571289,0.4159168004989624,10.900394439697266,-5.466338157653809
sirennet,non_emergency,traffic,/kaggle/input/datasets/jeancdevx/sirennet/sireNNet/traffic/sound_767.wav,3.0,0.1829015463590622,0.05472926050424576,0.12342087765957446,1743.5290147712703,1792.7783412931678,3536.9847074468084,31.669822692871094,-107.71625518798828,82.00202178955078,-107.71625518798828,82.00202178955078,-13.43298053741455,29.130895614624023,4.614946365356445,24.074792861938477,14.289246559143066,6.598025798797607,9.112699508666992,8.229610443115234,-3.9381890296936035,11.255245208740234,-5.737701416015625
sirennet,emergency,ambulance,/kaggle/input/datasets/jeancdevx/sirennet/sireNNet/ambulance/sound_170_1.wav,3.008,0.3100377917289734,0.06157469004392624,0.16865596064814814,1786.46351001499,1528.9376801905994,3099.785052910053,53.95254898071289,-60.61716079711914,86.33688354492188,-60.61716079711914,86.33688354492188,-36.12362289428711,17.56454086303711,-0.19723902642726898,16.72245979309082,10.273598670959473,0.8371522426605225,-4.405721664428711,8.275710105895996,-11.671335220336914,0.4919704794883728,-0.5031212568283081
sirennet,emergency,ambulance,/kaggle/input/datasets/jeancdevx/sirennet/sireNNet/ambulance/sound_124_1.wav,3.000125,0.31962454319000244,0.031238500028848648,0.16552734375,1768.2348873093285,1552.3578442661596,3126.5791223404253,54.24603271484375,-56.08562469482422,87.00527954101562,-56.08562469482422,87.00527954101562,-35.06541442871094,13.92518138885498,2.6300265789031982,21.189178466796875,12.3389253616333,1.1554378271102905,-5.941948413848877,7.626670837402344,-11.97387409210205,0.15172982215881348,-2.8449878692626953
sirennet,emergency,ambulance,/kaggle/input/datasets/jeancdevx/sirennet/sireNNet/ambulance/sound_152_1.wav,3.000125,0.342949241399765,0.03585299849510193,0.16161589926861702,1716.9927731628159,1446.0178249658607,2963.43085106383,65.14110565185547,-58.23767852783203,89.02110290527344,-58.23767852783203,89.02110290527344,-45.52676773071289,4.97438907623291,-4.24015474319458,20.774770736694336,14.28722858428955,2.060610771179199,-2.1412746906280518,13.957260131835938,-6.69347620010376,-2.1120312213897705,-6.4676618576049805
sirennet,non_emergency,traffic,/kaggle/input/datasets/jeancdevx/sirennet/sireNNet/traffic/sound_628.wav,3.0,0.22306184470653534,0.03161025419831276,0.12035093916223404,1737.487397757055,1765.6127904415066,3601.313164893617,45.545982360839844,-51.74034881591797,90.22080993652344,-51.74034881591797,90.22080993652344,-16.27900505065918,24.410385131835938,-0.36873725056648254,18.728424072265625,4.498125076293945,7.094170570373535,3.3116912841796875,8.096166610717773,-4.765945911407471,6.337899684906006,-7.176181793212891
sirennet,emergency,firetruck,/kaggle/input/datasets/jeancdevx/sirennet/sireNNet/firetruck/sound_226.wav,3.0,0.23084579408168793,0.03002350591123104,0.16446247506648937,1790.883384439815,1575.217530285069,3555.6017287234044,50.36631393432617,-52.001708984375,94.7737808227539,-52.001708984375,94.7737808227539,-30.75178337097168,23.420175552368164,-16.01361083984375,26.46385955810547,-12.45640754699707,13.179718971252441,-5.308391094207764,3.3994784355163574,-8.07025146484375,-3.201080322265625,-3.946751594543457
sirennet,emergency,ambulance,/kaggle/input/datasets/jeancdevx/sirennet/sireNNet/ambulance/sound_90_1.wav,3.000125,0.25520044565200806,0.028232458978891373,0.16326254986702127,1805.7103757277278,1558.8694207012836,3193.567154255319,49.30009078979492,-64.87804412841797,82.79486083984375,-64.87804412841797,82.79486083984375,-38.404701232910156,14.745116233825684,-3.969449043273926,18.205808639526367,16.071117401123047,7.573578357696533,-0.7937425374984741,7.529727935791016,-13.475312232971191,-0.19998058676719666,-1.0512958765029907
sirennet,non_emergency,traffic,/kaggle/input/datasets/jeancdevx/sirennet/sireNNet/traffic/sound_536.wav,3.0,0.22574909031391144,0.026651157066226006,0.05596534242021277,892.926682069865,1137.8888251175588,1652.593085106383,46.867218017578125,-122.22471618652344,162.68443298339844,-122.22471618652344,162.68443298339844,-24.89790153503418,12.826179504394531,10.463205337524414,13.156839370727539,9.282122611999512,10.510642051696777,1.2765164375305176,3.4928038120269775,-2.797269105911255,7.902907371520996,-0.2893444299697876
sirennet,emergency,firetruck,/kaggle/input/datasets/jeancdevx/sirennet/sireNNet/firetruck/sound_316.wav,3.0,0.14537514746189117,0.05616031959652901,0.16168862200797873,1883.5972190990906,1578.3651579152965,3465.1761968085107,22.83612632751465,-169.13217163085938,77.61988830566406,-169.13217163085938,77.61988830566406,-28.3867244720459,12.01823902130127,-11.141210556030273,7.388739585876465,15.577510833740234,17.785255432128906,4.327875137329102,-6.630668640136719,-25.28890609741211,6.6312255859375,9.095046997070312
sirennet,non_emergency,traffic,/kaggle/input/datasets/jeancdevx/sirennet/sireNNet/traffic/sound_508.wav,3.0,0.2244926244020462,0.031550437211990356,0.06885804521276596,952.5029635666415,1157.3724859898778,1729.8038563829787,46.187828063964844,-105.52306365966797,161.35433959960938,-105.52306365966797,161.35433959960938,-25.607473373413086,11.604318618774414,5.800183296203613,8.378759384155273,6.913338661193848,7.602827548980713,-1.937940239906311,1.791022777557373,-3.265134811401367,5.452855110168457,-2.883890390396118
sirennet,emergency,firetruck,/kaggle/input/datasets/jeancdevx/sirennet/sireNNet/firetruck/sound_337_1.wav,3.000125,0.27469736337661743,0.02990317903459072,0.2089116522606383,2178.189307765237,1703.1755496940093,4095.3291223404253,46.950408935546875,-14.975310325622559,63.903160095214844,-14.975310325622559,63.903160095214844,-35.55137252807617,14.950074195861816,-22.535186767578125,14.642477989196777,-3.3343467712402344,17.60082244873047,7.2255144119262695,10.322280883789062,-6.222856044769287,-2.9396491050720215,-4.836854457855225
sirennet,emergency,ambulance,/kaggle/input/datasets/jeancdevx/sirennet/sireNNet/ambulance/sound_74_1.wav,3.000125,0.2391585260629654,0.026043178513646126,0.1590602144281915,1745.492377662492,1589.8340728057722,3169.38164893617,47.667293548583984,-64.12150573730469,85.7301254272461,-64.12150573730469,85.7301254272461,-35.26476287841797,20.62793731689453,-1.7208987474441528,13.369906425476074,14.679752349853516,14.558131217956543,4.581538677215576,7.486786365509033,-12.767061233520508,5.231070041656494,6.295661449432373
sirennet,emergency,police,/kaggle/input/datasets/jeancdevx/sirennet/sireNNet/police/sound_629.wav,3.0,0.17728549242019653,0.06729032099246979,0.10247672872340426,1278.680317120198,1279.596892739073,2333.3610372340427,34.409515380859375,-207.3458709716797,119.4197769165039,-207.3458709716797,119.4197769165039,-25.244054794311523,-2.1645684242248535,-28.594215393066406,2.138286828994751,14.302358627319336,27.719440460205078,20.655902862548828,18.79271697998047,-0.006666630040854216,-2.5144007205963135,-20.919729232788086
sirennet,emergency,ambulance,/kaggle/input/datasets/jeancdevx/sirennet/sireNNet/ambulance/sound_54_1.wav,3.000125,0.30465802550315857,0.045968133956193924,0.16750124667553193,1841.973222354606,1550.810517900269,3230.5518617021276,52.4172477722168,-59.21326446533203,80.10552215576172,-59.21326446533203,80.10552215576172,-38.93476867675781,17.777042388916016,-2.15370512008667,18.11976432800293,15.326610565185547,7.329868316650391,-3.083500623703003,7.622579574584961,-9.48423957824707,-1.1323846578598022,-4.956512451171875
sirennet,emergency,police,/kaggle/input/datasets/jeancdevx/sirennet/sireNNet/police/sound_691.wav,3.0,0.20268326997756958,0.036954134702682495,0.11078270445478723,1268.107893876139,1361.1738650743862,2503.490691489362,33.01665115356445,-159.58834838867188,113.71346282958984,-159.58834838867188,113.71346282958984,-14.653087615966797,27.749542236328125,-14.889102935791016,17.602519989013672,15.146642684936523,22.347776412963867,8.242524147033691,2.00940203666687,-1.9677430391311646,11.506882667541504,-6.709958553314209
sirennet,emergency,ambulance,/kaggle/input/datasets/jeancdevx/sirennet/sireNNet/ambulance/sound_24_1.wav,3.000125,0.23023191094398499,0.029923569411039352,0.1853754571143617,1899.6826991756177,1576.1379303750787,3290.8909574468084,43.93739700317383,-63.40012741088867,77.28309631347656,-63.40012741088867,77.28309631347656,-40.42232131958008,20.94560432434082,4.308354377746582,22.5029354095459,11.215742111206055,-0.555942952632904,-3.4899706840515137,11.660932540893555,-10.962002754211426,-1.1439048051834106,0.8034793734550476
sirennet,emergency,police,/kaggle/input/datasets/jeancdevx/sirennet/sireNNet/police/sound_712.wav,3.0,0.2240615040063858,0.04050284996628761,0.11439806349734043,1559.4413395490717,1565.4943777710048,3101.811835106383,52.65155029296875,-85.40177917480469,98.90190887451172,-85.40177917480469,98.90190887451172,-24.965347290039062,21.31039047241211,-2.1387059688568115,16.712697982788086,6.039695739746094,19.04750633239746,5.172145366668701,0.4436599910259247,-5.482997894287109,5.976210594177246,-2.68107271194458
sirennet,emergency,firetruck,/kaggle/input/datasets/jeancdevx/sirennet/sireNNet/firetruck/sound_385_1.wav,3.008,0.24837744235992432,0.042719949036836624,0.17587942294973544,1931.2509162280903,1638.7163576515084,3484.540343915344,44.916961669921875,-50.751312255859375,76.99408721923828,-50.751312255859375,76.99408721923828,-35.9333610534668,18.099544525146484,-3.2363970279693604,11.797683715820312,8.776216506958008,7.959944725036621,1.0381799936294556,6.488990306854248,-14.174443244934082,3.804295539855957,5.42106819152832
sirennet,emergency,police,/kaggle/input/datasets/jeancdevx/sirennet/sireNNet/police/sound_823.wav,3.0,0.2815908193588257,0.11750137060880661,0.16259765625,1965.2209434665224,1464.722807604726,3583.277925531915,48.37368392944336,-222.34181213378906,21.893280029296875,-222.34181213378906,21.893280029296875,-74.171875,-11.979527473449707,-51.963680267333984,-37.49248123168945,-33.10792541503906,22.420150756835938,0.6574356555938721,5.460686206817627,-8.78687858581543,-3.324506998062134,12.15696907043457
sirennet,emergency,police,/kaggle/input/datasets/jeancdevx/sirennet/sireNNet/police/sound_676.wav,3.0,0.1886696070432663,0.03483970835804939,0.09835231050531915,1135.8019377089206,968.6847006983836,1627.0777925531916,38.694374084472656,-291.9671325683594,96.11199188232422,-291.9671325683594,96.11199188232422,-46.99054718017578,-20.338285446166992,-15.39366340637207,-31.579742431640625,-39.24481201171875,35.50849151611328,32.30632781982422,56.07175827026367,22.81800651550293,-35.52790451049805,-64.4198989868164
sirennet,emergency,police,/kaggle/input/datasets/jeancdevx/sirennet/sireNNet/police/sound_807.wav,3.0,0.36445918679237366,0.10139297693967819,0.12155086436170212,1371.3858458680004,1062.015405191055,2106.7985372340427,119.89056396484375,-159.57437133789062,91.40132904052734,-159.57437133789062,91.40132904052734,-62.52511978149414,4.768744468688965,-5.556046962738037,9.514501571655273,6.433157444000244,18.513235092163086,1.0242588520050049,7.705472946166992,6.570956707000732,5.468080043792725,-8.129781723022461
sirennet,emergency,police,/kaggle/input/datasets/jeancdevx/sirennet/sireNNet/police/sound_824.wav,3.0,0.28777268528938293,0.11043651401996613,0.15381378823138298,1947.1634686860966,1472.7625737285243,3507.563164893617,54.359031677246094,-213.04795837402344,16.071128845214844,-213.04795837402344,16.071128845214844,-69.99574279785156,-7.750377178192139,-56.87140655517578,-41.20206069946289,-39.888343811035156,23.487863540649414,4.474042892456055,8.166565895080566,-7.440279006958008,-2.2409584522247314,8.205414772033691
sirennet,emergency,firetruck,/kaggle/input/datasets/jeancdevx/sirennet/sireNNet/firetruck/sound_243.wav,3.0,0.1826302707195282,0.014655460603535175,0.17533452460106383,2191.3989478534477,1816.7720377913433,4396.941489361702,27.79798698425293,-73.31172943115234,59.53278732299805,-73.31172943115234,59.53278732299805,-44.155921936035156,-1.6881814002990723,3.854973554611206,-3.040632486343384,6.907257556915283,10.891203880310059,-10.81394100189209,10.577571868896484,-14.374702453613281,-3.7199103832244873,-20.47817611694336
sirennet,emergency,police,/kaggle/input/datasets/jeancdevx/sirennet/sireNNet/police/sound_749_1.wav,3.000125,0.27219143509864807,0.032287877053022385,0.15531499335106383,1814.1842171865353,1537.122280513391,3177.942154255319,53.6210823059082,-67.65010833740234,82.54914855957031,-67.65010833740234,82.54914855957031,-36.94651794433594,22.1372127532959,-11.688603401184082,-2.839156150817871,5.051884651184082,19.087188720703125,11.153400421142578,16.576499938964844,-7.99718713760376,-1.1083803176879883,-9.508545875549316
sirennet,emergency,ambulance,/kaggle/input/datasets/jeancdevx/sirennet/sireNNet/ambulance/sound_182.wav,3.008,0.41329020261764526,0.130354106426239,0.16344762731481483,1929.7690977985612,1368.2173821303243,3096.4781746031745,61.41714859008789,-190.2624053955078,52.32328796386719,-190.2624053955078,52.32328796386719,-56.38465881347656,-17.05152702331543,-16.661148071289062,9.422103881835938,4.362916469573975,-11.928893089294434,2.3253140449523926,10.014801025390625,-16.98391342163086,-25.518007278442383,-1.4983930587768555
sirennet,non_emergency,traffic,/kaggle/input/datasets/jeancdevx/sirennet/sireNNet/traffic/sound_814.wav,3.0,0.10825536400079727,0.0557246133685112,0.14685837765957446,1824.9391754258431,1853.4659620374405,3668.6336436170213,24.08680534362793,-178.17510986328125,82.99674987792969,-178.17510986328125,82.99674987792969,0.7692996263504028,32.71943283081055,-2.6140334606170654,19.454368591308594,14.833812713623047,4.250201225280762,7.566558361053467,12.410511016845703,-1.6905745267868042,11.307344436645508,-6.168906211853027
sirennet,emergency,ambulance,/kaggle/input/datasets/jeancdevx/sirennet/sireNNet/ambulance/sound_19.wav,3.0,0.23792506754398346,0.13457746803760529,0.11151512632978723,1163.8019176112869,794.1523900040938,1717.6695478723404,43.596378326416016,-308.6347961425781,117.7257080078125,-308.6347961425781,117.7257080078125,-59.89216232299805,-18.914085388183594,-28.361021041870117,-15.484813690185547,12.611095428466797,18.351125717163086,7.07143497467041,-7.156571865081787,-13.603680610656738,5.33395528793335,13.79637622833252
sirennet,emergency,firetruck,/kaggle/input/datasets/jeancdevx/sirennet/sireNNet/firetruck/sound_304_1.wav,3.000125,0.2571365237236023,0.031057020649313927,0.15947577293882978,1776.773213326674,1614.9209354603322,3245.2626329787236,45.51103591918945,-49.237220764160156,86.15086364746094,-49.237220764160156,86.15086364746094,-34.36140060424805,21.05994987487793,2.8450865745544434,18.630096435546875,11.498758316040039,7.696021556854248,1.2689024209976196,8.350356101989746,-9.210844993591309,7.266900062561035,4.824515342712402
sirennet,emergency,ambulance,/kaggle/input/datasets/jeancdevx/sirennet/sireNNet/ambulance/sound_46.wav,3.0,0.22007116675376892,0.07228598743677139,0.15636427859042554,1571.8029070058801,1271.4940134567732,2548.121675531915,37.25926971435547,-177.63624572753906,93.53205108642578,-177.63624572753906,93.53205108642578,-37.81192398071289,4.3890910148620605,-4.809841632843018,32.495994567871094,1.2574232816696167,-4.385869026184082,-10.808915138244629,14.041095733642578,9.378052711486816,5.305581569671631,-11.693387985229492
sirennet,emergency,ambulance,/kaggle/input/datasets/jeancdevx/sirennet/sireNNet/ambulance/sound_72_1.wav,3.000125,0.28517669439315796,0.043769825249910355,0.15863426695478725,1771.3304085023026,1543.6970747699713,3155.9175531914893,52.458431243896484,-66.40865325927734,83.82417297363281,-66.40865325927734,83.82417297363281,-37.520713806152344,14.465106010437012,-6.532305717468262,17.059778213500977,20.115306854248047,11.594342231750488,-3.8272175788879395,1.4668049812316895,-14.002717018127441,6.023836612701416,4.208825588226318
sirennet,emergency,ambulance,/kaggle/input/datasets/jeancdevx/sirennet/sireNNet/ambulance/sound_89.wav,3.0,0.18480762839317322,0.060102760791778564,0.14039124833776595,1452.8804232230443,1189.0442136441511,2352.6429521276596,36.76045608520508,-191.8036651611328,107.62859344482422,-191.8036651611328,107.62859344482422,-47.23432159423828,-7.290346622467041,-18.404348373413086,28.00759506225586,24.6069393157959,9.667338371276855,-6.305319786071777,1.8645682334899902,-1.009214997291565,-2.918358564376831,-7.928430557250977
sirennet,emergency,firetruck,/kaggle/input/datasets/jeancdevx/sirennet/sireNNet/firetruck/sound_242_1.wav,3.000125,0.24779319763183594,0.030771711841225624,0.17484624335106383,1849.5449995381023,1614.3130804115858,3266.040558510638,45.4791374206543,-50.8792839050293,82.56829833984375,-50.8792839050293,82.56829833984375,-35.42387008666992,18.82167625427246,3.6464455127716064,17.429636001586914,16.93568229675293,3.708212375640869,-10.5775785446167,3.0441174507141113,-7.999446868896484,2.3725426197052,-3.3675537109375
sirennet,emergency,police,/kaggle/input/datasets/jeancdevx/sirennet/sireNNet/police/sound_775_1.wav,3.000125,0.381616473197937,0.0338384285569191,0.1263921210106383,1542.3901567475175,1350.0267359325226,2749.3351063829787,75.88697052001953,-32.8270149230957,105.3253173828125,-32.8270149230957,105.3253173828125,-50.349334716796875,1.9851828813552856,-27.699493408203125,-5.996695041656494,6.697141170501709,16.658466339111328,7.603196144104004,15.360075950622559,-1.2788087129592896,1.9309179782867432,-5.694016456604004
sirennet,emergency,ambulance,/kaggle/input/datasets/jeancdevx/sirennet/sireNNet/ambulance/sound_108.wav,3.0,0.31911981105804443,0.041703999042510986,0.18074717420212766,1847.0000189942384,1333.3036983962252,3031.499335106383,65.06935119628906,-85.1607894897461,73.33744049072266,-85.1607894897461,73.33744049072266,-70.7363052368164,-9.193771362304688,-14.182000160217285,18.14801597595215,11.97075080871582,-9.049686431884766,-16.29018211364746,4.657589912414551,-5.214816570281982,-5.070559024810791,-9.33143424987793
sirennet,emergency,firetruck,/kaggle/input/datasets/jeancdevx/sirennet/sireNNet/firetruck/sound_315.wav,3.0,0.15478117763996124,0.07220327854156494,0.2000238946143617,2218.9488786278425,1701.2437598817053,4123.670212765957,27.328855514526367,-141.31524658203125,57.600460052490234,-141.31524658203125,57.600460052490234,-38.331642150878906,-1.1253350973129272,-12.318575859069824,6.050094127655029,0.37383607029914856,10.918628692626953,1.5568668842315674,9.073294639587402,-8.776886940002441,-5.765707015991211,-10.117949485778809
sirennet,emergency,ambulance,/kaggle/input/datasets/jeancdevx/sirennet/sireNNet/ambulance/sound_199_1.wav,3.018625,0.3161238133907318,0.050576720386743546,0.1839812748015873,1867.5276872801844,1499.245939170124,3158.4821428571427,54.992591857910156,-67.4925308227539,77.09651947021484,-67.4925308227539,77.09651947021484,-42.559181213378906,21.57327651977539,5.615607261657715,22.372943878173828,9.93840503692627,-1.7890328168869019,-2.0865776538848877,13.65295124053955,-11.58382511138916,-3.1121606826782227,0.3480164110660553
sirennet,emergency,police,/kaggle/input/datasets/jeancdevx/sirennet/sireNNet/police/sound_727.wav,3.0,0.2280035763978958,0.09262509644031525,0.10065866023936171,1333.2382349917284,1103.5376989843148,2293.7998670212764,40.39856719970703,-204.33224487304688,105.4393081665039,-204.33224487304688,105.4393081665039,-47.28802490234375,25.407262802124023,-38.164520263671875,-15.659735679626465,-7.409035682678223,32.74058532714844,13.569642066955566,18.658058166503906,0.23585568368434906,-9.072178840637207,-25.668214797973633
sirennet,emergency,ambulance,/kaggle/input/datasets/jeancdevx/sirennet/sireNNet/ambulance/sound_161_1.wav,3.008,0.4165908694267273,0.05680113658308983,0.13916790674603174,1743.8373334452826,1444.5038023345319,2993.3035714285716,57.92521667480469,-79.50875091552734,80.56623840332031,-79.50875091552734,80.56623840332031,-41.976478576660156,16.58378028869629,-2.5713069438934326,18.62196159362793,17.500085830688477,6.714408874511719,-4.2975287437438965,6.284738540649414,-11.450676918029785,0.34629732370376587,-1.287367343902588
sirennet,emergency,police,/kaggle/input/datasets/jeancdevx/sirennet/sireNNet/police/sound_675_1.wav,3.000125,0.22533434629440308,0.045539095997810364,0.16397938829787234,1802.66410524871,1614.4001527562564,3307.347074468085,43.50743103027344,-64.99908447265625,86.31680297851562,-64.99908447265625,86.31680297851562,-31.438711166381836,16.622365951538086,-10.918771743774414,4.798694133758545,8.720358848571777,13.43574333190918,10.230317115783691,15.921477317810059,-11.158343315124512,-3.543107032775879,-7.517165184020996
sirennet,non_emergency,traffic,/kaggle/input/datasets/jeancdevx/sirennet/sireNNet/traffic/sound_597.wav,3.0,0.22576989233493805,0.032020289450883865,0.04930082280585106,814.6224181995618,1071.6303695102388,1542.3038563829787,44.12099075317383,-137.8071746826172,170.5695343017578,-137.8071746826172,170.5695343017578,-24.29576873779297,15.212244033813477,12.92856502532959,11.306056022644043,10.11507797241211,11.762221336364746,1.1052906513214111,3.2105705738067627,-1.9727392196655273,8.098390579223633,0.3420625925064087
sirennet,non_emergency,traffic,/kaggle/input/datasets/jeancdevx/sirennet/sireNNet/traffic/sound_477.wav,3.0,0.23207876086235046,0.03324475139379501,0.049596908244680854,814.4829509986668,1071.9736714848982,1539.1456117021276,45.465660095214844,-135.29832458496094,170.59796142578125,-135.29832458496094,170.59796142578125,-24.179004669189453,15.159595489501953,12.98680591583252,11.142423629760742,10.332770347595215,11.435481071472168,1.193160891532898,3.196674108505249,-1.959364652633667,7.868991374969482,0.44636568427085876
sirennet,emergency,police,/kaggle/input/datasets/jeancdevx/sirennet/sireNNet/police/sound_672.wav,3.0,0.20193420350551605,0.044069111347198486,0.10123524767287234,1146.434857670402,926.9630092960826,1746.2599734042553,42.2319221496582,-291.07391357421875,93.78369903564453,-291.07391357421875,93.78369903564453,-55.5576171875,-18.87681770324707,-14.615657806396484,-38.350799560546875,-39.171653747558594,39.552120208740234,33.146785736083984,55.117225646972656,26.248441696166992,-35.831504821777344,-67.04907989501953
sirennet,emergency,firetruck,/kaggle/input/datasets/jeancdevx/sirennet/sireNNet/firetruck/sound_328_1.wav,3.000125,0.28017550706863403,0.0219434704631567,0.19435671542553193,2076.0275304274946,1684.6648996887466,4020.1961436170213,55.25477981567383,-3.631077527999878,73.2280044555664,-3.631077527999878,73.2280044555664,-37.79294967651367,13.27433967590332,-19.244487762451172,14.355744361877441,-4.995532035827637,11.416964530944824,-3.207366704940796,5.4037299156188965,-4.856591701507568,2.614529848098755,2.946928024291992
sirennet,non_emergency,traffic,/kaggle/input/datasets/jeancdevx/sirennet/sireNNet/traffic/sound_711.wav,3.0,0.22159451246261597,0.025535473600029945,0.16610393118351063,1933.933066030852,1857.3301618981109,3857.7127659574467,46.110469818115234,-48.913272857666016,78.2056884765625,-48.913272857666016,78.2056884765625,-10.5094575881958,28.666961669921875,-1.0077646970748901,22.978391647338867,9.217787742614746,1.3604780435562134,4.99689245223999,4.523163795471191,-8.68980598449707,10.063411712646484,-6.057191371917725
sirennet,emergency,ambulance,/kaggle/input/datasets/jeancdevx/sirennet/sireNNet/ambulance/sound_101.wav,3.0,0.3419911861419678,0.10530997067689896,0.17261261635638298,1805.2274978889216,1505.4655123929558,3002.659574468085,59.71980667114258,-109.09701538085938,88.39086151123047,-109.09701538085938,88.39086151123047,-33.29877471923828,-9.609138488769531,5.189132213592529,12.82806396484375,-5.481881141662598,-15.99098014831543,-10.886996269226074,16.857219696044922,4.95168399810791,-4.720407485961914,-12.834288597106934
sirennet,emergency,ambulance,/kaggle/input/datasets/jeancdevx/sirennet/sireNNet/ambulance/sound_44.wav,3.0,0.32637593150138855,0.05628925561904907,0.13946143617021275,1353.6510255932428,1129.8232086894322,1912.317154255319,62.48881530761719,-104.4708480834961,126.6561050415039,-104.4708480834961,126.6561050415039,-49.78676986694336,-14.902608871459961,-11.562023162841797,18.574188232421875,10.747852325439453,-1.0979567766189575,-11.285573959350586,9.098902702331543,6.086337566375732,4.527177333831787,-11.461304664611816
sirennet,emergency,ambulance,/kaggle/input/datasets/jeancdevx/sirennet/sireNNet/ambulance/sound_128_1.wav,3.000125,0.2763456404209137,0.05062597990036011,0.1883259225398936,1942.1321238873445,1631.592316707169,3526.2632978723404,50.469417572021484,-52.48670196533203,76.79319763183594,-52.48670196533203,76.79319763183594,-34.1497917175293,16.84731674194336,0.3826531767845154,23.31900405883789,11.423009872436523,0.27871087193489075,-4.4593305587768555,7.692289352416992,-8.36081600189209,-1.1560039520263672,-1.6868702173233032
sirennet,emergency,firetruck,/kaggle/input/datasets/jeancdevx/sirennet/sireNNet/firetruck/sound_253_1.wav,3.000125,0.2908399999141693,0.031002303585410118,0.17251911569148937,1956.7914338282196,1706.5059399215377,3614.6110372340427,57.92317199707031,-23.589397430419922,76.25785064697266,-23.589397430419922,76.25785064697266,-33.097232818603516,12.638500213623047,-0.8984718322753906,10.281739234924316,9.029010772705078,12.552220344543457,3.3545498847961426,2.8910157680511475,-18.193952560424805,1.9605287313461304,2.050416946411133
sirennet,emergency,firetruck,/kaggle/input/datasets/jeancdevx/sirennet/sireNNet/firetruck/sound_231.wav,3.0,0.29955795407295227,0.03228155896067619,0.1312281831781915,1504.5212332658914,1295.9585207154646,2543.7998670212764,37.53447341918945,-85.75191497802734,108.35391235351562,-85.75191497802734,108.35391235351562,-53.112335205078125,-5.317262172698975,-27.0584774017334,8.440606117248535,-14.192975044250488,10.24870491027832,-8.995878219604492,2.4605915546417236,-3.89277982711792,-3.3455023765563965,-9.150289535522461
sirennet,emergency,ambulance,/kaggle/input/datasets/jeancdevx/sirennet/sireNNet/ambulance/sound_34_1.wav,3.000125,0.23196662962436676,0.038284219801425934,0.18890770445478725,1921.5698612392732,1587.4468143266492,3335.9375,45.05786895751953,-66.89395904541016,76.58246612548828,-66.89395904541016,76.58246612548828,-38.43372344970703,20.20920181274414,1.2749965190887451,21.594655990600586,12.729686737060547,2.0752086639404297,-2.602182626724243,9.398476600646973,-11.600399017333984,-1.3252424001693726,2.161553144454956
sirennet,non_emergency,traffic,/kaggle/input/datasets/jeancdevx/sirennet/sireNNet/traffic/sound_788.wav,3.0,0.1560160517692566,0.08428308367729187,0.2685339095744681,2051.7475856627234,1761.251044543211,3742.353723404255,25.23505401611328,-157.5609588623047,75.55363464355469,-157.5609588623047,75.55363464355469,-7.978353500366211,43.77276611328125,-1.7153619527816772,24.640422821044922,18.91176986694336,-2.650090217590332,16.47402572631836,6.707337856292725,-8.93337345123291,10.274285316467285,-14.89467716217041
sirennet,emergency,ambulance,/kaggle/input/datasets/jeancdevx/sirennet/sireNNet/ambulance/sound_66.wav,3.0,0.28744980692863464,0.10823260992765427,0.15906540890957446,1470.8839944520107,868.8774077117615,1485.4554521276596,35.95128631591797,-324.54339599609375,95.3587417602539,-324.54339599609375,95.3587417602539,-31.118223190307617,-22.557035446166992,2.868079662322998,39.152992248535156,18.900108337402344,-17.564451217651367,-20.010517120361328,18.161338806152344,30.400827407836914,-1.907124638557434,-14.581027030944824
sirennet,emergency,firetruck,/kaggle/input/datasets/jeancdevx/sirennet/sireNNet/firetruck/sound_369.wav,3.008,0.19376562535762787,0.05807683989405632,0.16181485615079366,2004.4067981529947,1671.1092400668606,3687.9133597883597,37.816017150878906,-97.3515625,65.94896697998047,-97.3515625,65.94896697998047,-39.320472717285156,-2.8394384384155273,-22.505176544189453,2.396235942840576,6.777466297149658,16.480955123901367,6.342467308044434,6.2676310539245605,-7.256442070007324,4.62000846862793,-4.183404445648193
sirennet,emergency,firetruck,/kaggle/input/datasets/jeancdevx/sirennet/sireNNet/firetruck/sound_261.wav,3.0,0.25979289412498474,0.06519447267055511,0.19012840757978725,2520.308477503513,1876.7285327206737,4746.343085106383,42.4310417175293,-60.40315246582031,26.102304458618164,-60.40315246582031,26.102304458618164,-45.84370803833008,-14.675336837768555,-29.56938362121582,-1.8732627630233765,-2.7502493858337402,10.79664134979248,5.546345233917236,4.735500812530518,-6.682726860046387,-4.1655802726745605,-15.031949043273926
sirennet,non_emergency,traffic,/kaggle/input/datasets/jeancdevx/sirennet/sireNNet/traffic/sound_725.wav,3.0,0.16697129607200623,0.047654230147600174,0.2566904920212766,2188.489600461713,1802.7694025139122,3782.5797872340427,32.5174560546875,-114.48802947998047,66.38178253173828,-114.48802947998047,66.38178253173828,-3.231245279312134,39.49263000488281,-10.153031349182129,29.901803970336914,17.798002243041992,-8.092487335205078,8.848094940185547,6.655402183532715,-4.296365261077881,14.291974067687988,-8.531352996826172
sirennet,emergency,police,/kaggle/input/datasets/jeancdevx/sirennet/sireNNet/police/sound_767.wav,3.0,0.4554288685321808,0.06703314930200577,0.11975876828457446,1388.50571448724,1105.3452753507072,2344.331781914894,97.2128677368164,-71.61392211914062,114.65670013427734,-71.61392211914062,114.65670013427734,-74.00511932373047,-5.009861469268799,-42.3825798034668,-10.082069396972656,9.038466453552246,30.979938507080078,11.308952331542969,12.636528015136719,3.441349744796753,1.9952356815338135,-1.6927053928375244
sirennet,emergency,firetruck,/kaggle/input/datasets/jeancdevx/sirennet/sireNNet/firetruck/sound_297_1.wav,3.000125,0.3114994466304779,0.045026738196611404,0.18840903424202127,1997.7565317732124,1616.8170536226912,3538.314494680851,46.23194122314453,-55.326908111572266,70.1131591796875,-55.326908111572266,70.1131591796875,-40.29698944091797,16.388954162597656,1.4834914207458496,24.17422866821289,19.381332397460938,8.569002151489258,-20.320266723632812,0.304797887802124,1.2204948663711548,10.910862922668457,-2.9872641563415527
sirennet,emergency,ambulance,/kaggle/input/datasets/jeancdevx/sirennet/sireNNet/ambulance/sound_76_1.wav,3.000125,0.24406330287456512,0.027702830731868744,0.1584940159574468,1764.6644063144083,1579.9242276619914,3167.8856382978724,46.55244064331055,-59.817134857177734,86.14558410644531,-59.817134857177734,86.14558410644531,-35.88364791870117,19.969013214111328,-3.6575100421905518,9.498952865600586,10.607941627502441,11.29284954071045,2.9798967838287354,8.868645668029785,-10.502678871154785,5.703497886657715,5.321882247924805
sirennet,non_emergency,traffic,/kaggle/input/datasets/jeancdevx/sirennet/sireNNet/traffic/sound_558.wav,3.0,0.16947336494922638,0.05250022932887077,0.051576005651595744,773.5821778816112,950.8070726826174,1342.1708776595744,23.057334899902344,-190.43617248535156,180.81678771972656,-190.43617248535156,180.81678771972656,-18.75725746154785,15.240711212158203,0.38419467210769653,-2.942880153656006,-5.088739395141602,-0.6509777903556824,-7.504180908203125,-3.2830045223236084,-6.837184906005859,2.480177402496338,-2.1367318630218506
sirennet,emergency,police,/kaggle/input/datasets/jeancdevx/sirennet/sireNNet/police/sound_719.wav,3.0,0.1569676697254181,0.03360117971897125,0.10637258976063829,1455.3197674009568,1610.4362461610401,3050.6981382978724,31.330642700195312,-104.0061264038086,110.74686431884766,-104.0061264038086,110.74686431884766,-13.463577270507812,17.81874656677246,-1.4145153760910034,16.177169799804688,3.002107620239258,11.995734214782715,-2.6126015186309814,-0.081544429063797,-6.021218299865723,4.516003608703613,-3.6568729877471924
sirennet,emergency,ambulance,/kaggle/input/datasets/jeancdevx/sirennet/sireNNet/ambulance/sound_142_1.wav,3.000125,0.3207157850265503,0.04572615399956703,0.16732463430851063,1805.502616093038,1520.5373037855002,3141.206781914894,57.3416862487793,-62.782127380371094,81.45206451416016,-62.782127380371094,81.45206451416016,-40.6567268371582,11.669695854187012,0.7056360244750977,25.237974166870117,14.611323356628418,-0.8372520208358765,-7.064141273498535,8.14434814453125,-6.603257179260254,2.4207420349121094,-2.3150296211242676
sirennet,emergency,firetruck,/kaggle/input/datasets/jeancdevx/sirennet/sireNNet/firetruck/sound_255_1.wav,3.000125,0.27882546186447144,0.027044430375099182,0.2008550116356383,2253.669244024575,1846.8013379503427,4297.456781914893,52.28959655761719,-5.241429805755615,59.21049118041992,-5.241429805755615,59.21049118041992,-32.942237854003906,7.219964027404785,-4.11356258392334,9.690062522888184,6.278950214385986,4.189529895782471,0.19537097215652466,8.383329391479492,-3.339646339416504,9.347689628601074,-0.8974564075469971
sirennet,emergency,firetruck,/kaggle/input/datasets/jeancdevx/sirennet/sireNNet/firetruck/sound_358_1.wav,3.008,0.36521828174591064,0.038137320429086685,0.17726417824074073,2000.947969774034,1643.4608088170878,3613.5085978835978,49.821144104003906,-23.257673263549805,70.15926361083984,-23.257673263549805,70.15926361083984,-38.64923858642578,7.911852836608887,-6.491805553436279,16.676313400268555,11.355238914489746,2.9525644779205322,-6.447816371917725,4.066219329833984,-10.282649040222168,4.585850715637207,3.3347601890563965
sirennet,non_emergency,traffic,/kaggle/input/datasets/jeancdevx/sirennet/sireNNet/traffic/sound_772.wav,3.0,0.15733374655246735,0.06718303263187408,0.20792989527925532,2131.464846108951,1825.6285832157084,3986.6190159574467,30.776100158691406,-120.11839294433594,66.93181610107422,-120.11839294433594,66.93181610107422,-0.8215382099151611,38.24282455444336,-11.5560302734375,32.1968879699707,10.170198440551758,2.258335590362549,12.916932106018066,6.04462194442749,-4.687186241149902,10.129217147827148,-8.278715133666992
sirennet,emergency,firetruck,/kaggle/input/datasets/jeancdevx/sirennet/sireNNet/firetruck/sound_376.wav,3.008,0.2577514052391052,0.05260421335697174,0.17358010912698413,2211.9090533644144,1760.3481110229395,4238.839285714285,49.15260314941406,-43.89805603027344,46.29904556274414,-43.89805603027344,46.29904556274414,-52.36909866333008,-14.511154174804688,-23.220853805541992,6.1062116622924805,-0.8283088207244873,8.899165153503418,-3.289870500564575,1.6132771968841553,-7.737213134765625,-1.261881947517395,-9.846365928649902
sirennet,emergency,ambulance,/kaggle/input/datasets/jeancdevx/sirennet/sireNNet/ambulance/sound_2_1.wav,3.000125,0.22406776249408722,0.03926434367895126,0.17313725897606383,1853.8235945988913,1579.121925710077,3279.504654255319,43.525230407714844,-63.91965103149414,80.86024475097656,-63.91965103149414,80.86024475097656,-40.35108184814453,15.54390811920166,-0.9061568379402161,22.176362991333008,17.280426025390625,4.7111382484436035,-5.999919414520264,6.008993625640869,-10.307978630065918,2.8943238258361816,0.2956288158893585
sirennet,non_emergency,traffic,/kaggle/input/datasets/jeancdevx/sirennet/sireNNet/traffic/sound_425.wav,3.0,0.21474085748195648,0.031560108065605164,0.06453623670212766,974.5094607670172,1189.9359462382865,1779.3384308510638,42.502925872802734,-110.46900177001953,157.24191284179688,-110.46900177001953,157.24191284179688,-22.460044860839844,13.08447551727295,2.9495651721954346,8.434708595275879,5.565299034118652,5.81664514541626,-6.038597583770752,-0.5055779814720154,-5.459361553192139,4.964911937713623,-3.7947421073913574
sirennet,emergency,police,/kaggle/input/datasets/jeancdevx/sirennet/sireNNet/police/sound_619.wav,3.0,0.19195593893527985,0.03621473163366318,0.09475253490691489,1065.6742898424734,936.2038856174725,1479.1389627659576,37.80461883544922,-206.6936492919922,149.05941772460938,-206.6936492919922,149.05941772460938,-46.14251708984375,-21.20132827758789,-36.310550689697266,4.748798370361328,11.130518913269043,29.489797592163086,15.002747535705566,15.292306900024414,6.225968837738037,-4.36641788482666,-19.7906436920166
sirennet,emergency,ambulance,/kaggle/input/datasets/jeancdevx/sirennet/sireNNet/ambulance/sound_167_1.wav,3.008,0.2686564028263092,0.06796584278345108,0.19526083002645503,1952.0260728027902,1620.6264215939193,3425.347222222222,44.65068817138672,-64.1886978149414,74.94108581542969,-64.1886978149414,74.94108581542969,-33.83784484863281,23.084346771240234,3.508697271347046,16.0987491607666,7.695894241333008,3.6929924488067627,1.943935513496399,8.449946403503418,-15.912910461425781,-2.891324520111084,5.337857246398926
sirennet,emergency,police,/kaggle/input/datasets/jeancdevx/sirennet/sireNNet/police/sound_746.wav,3.0,0.18553213775157928,0.04080873355269432,0.1702854886968085,1905.2323937301971,1531.9918320270283,3431.848404255319,39.50550842285156,-122.81661224365234,80.90034484863281,-122.81661224365234,80.90034484863281,-31.127622604370117,31.500431060791016,-34.875144958496094,-11.771310806274414,-4.2047600746154785,32.336421966552734,8.698049545288086,17.58127212524414,-9.374042510986328,-2.555152177810669,-22.06856918334961
sirennet,emergency,firetruck,/kaggle/input/datasets/jeancdevx/sirennet/sireNNet/firetruck/sound_400.wav,3.008,0.43144530057907104,0.06942591071128845,0.1793103091931217,1565.6948317811034,1088.8511848986955,1864.5833333333333,36.17649459838867,-194.38485717773438,79.70271301269531,-194.38485717773438,79.70271301269531,-46.04540252685547,-15.655241012573242,2.589599370956421,23.791913986206055,-7.742171764373779,-5.817416191101074,0.16085444390773773,8.159505844116211,3.5558087825775146,23.0579891204834,12.759634971618652
sirennet,emergency,firetruck,/kaggle/input/datasets/jeancdevx/sirennet/sireNNet/firetruck/sound_339_1.wav,3.000125,0.31205886602401733,0.030932918190956116,0.1767578125,1826.7959115005872,1471.757986690926,3118.351063829787,52.466880798339844,-56.054683685302734,81.96989440917969,-56.054683685302734,81.96989440917969,-46.31618881225586,19.14244270324707,-1.7196003198623657,13.64588451385498,9.27354621887207,13.069784164428711,2.586435079574585,0.21390290558338165,-19.15843391418457,4.588296890258789,8.645402908325195
sirennet,emergency,police,/kaggle/input/datasets/jeancdevx/sirennet/sireNNet/police/sound_644.wav,3.0,0.38940006494522095,0.10143474489450455,0.12049119015957446,1479.4692148156626,1184.9919522306745,2257.230718085106,110.5718994140625,-215.8035430908203,54.67424392700195,-215.8035430908203,54.67424392700195,-58.32880401611328,-19.83794593811035,-48.57233810424805,-3.7878434658050537,19.99620819091797,29.72353744506836,-4.341514587402344,-13.283472061157227,-21.863676071166992,-6.556784629821777,4.2739129066467285
sirennet,emergency,firetruck,/kaggle/input/datasets/jeancdevx/sirennet/sireNNet/firetruck/sound_229_1.wav,3.000125,0.284149706363678,0.023389987647533417,0.18853889627659576,1871.1836984339368,1547.4462802095093,3342.33710106383,51.375980377197266,-48.312252044677734,83.60221099853516,-48.312252044677734,83.60221099853516,-37.3038444519043,25.87198257446289,-3.3804919719696045,16.614887237548828,7.928483486175537,7.541706562042236,-7.294814109802246,-0.4029260277748108,-9.276601791381836,4.709640979766846,-0.35799309611320496
sirennet,emergency,ambulance,/kaggle/input/datasets/jeancdevx/sirennet/sireNNet/ambulance/sound_47_1.wav,3.000125,0.2817455530166626,0.04558461531996727,0.16896089594414893,1806.4694428141006,1546.250879694824,3211.2699468085107,50.122314453125,-60.83720397949219,83.63581848144531,-60.83720397949219,83.63581848144531,-38.11750030517578,14.879976272583008,-4.503172874450684,19.53314208984375,14.706281661987305,8.419393539428711,-0.07955721765756607,8.472921371459961,-11.622939109802246,-2.5933709144592285,-3.398838758468628
sirennet,emergency,ambulance,/kaggle/input/datasets/jeancdevx/sirennet/sireNNet/ambulance/sound_144_1.wav,3.000125,0.32226115465164185,0.04715690761804581,0.1499958444148936,1745.4505250356885,1522.3820671941664,3103.3909574468084,58.400203704833984,-61.254249572753906,85.73233032226562,-61.254249572753906,85.73233032226562,-38.98590087890625,9.739176750183105,-6.396562099456787,19.2526912689209,16.81000328063965,5.884605884552002,-4.922868251800537,5.547208786010742,-9.081859588623047,4.185622692108154,-0.6331999897956848
sirennet,non_emergency,traffic,/kaggle/input/datasets/jeancdevx/sirennet/sireNNet/traffic/sound_674.wav,3.0,0.18446360528469086,0.03266647830605507,0.1608419215425532,1951.1770560224127,1788.090337900456,3795.711436170213,39.7783317565918,-55.71560287475586,77.85957336425781,-55.71560287475586,77.85957336425781,-23.197166442871094,24.712310791015625,-1.5535526275634766,16.456470489501953,8.413705825805664,6.783605575561523,1.8077423572540283,10.151716232299805,-3.6584012508392334,6.749176502227783,-6.974452972412109
sirennet,non_emergency,traffic,/kaggle/input/datasets/jeancdevx/sirennet/sireNNet/traffic/sound_621.wav,3.0,0.17019766569137573,0.042510733008384705,0.18338077626329788,1978.9617745566982,1845.177946691938,3915.7247340425533,34.20924377441406,-81.95860290527344,77.35362243652344,-81.95860290527344,77.35362243652344,-14.492161750793457,27.595014572143555,2.6478934288024902,22.523395538330078,6.18996000289917,8.349827766418457,4.032134056091309,6.218138217926025,-3.642422914505005,10.047011375427246,-8.411489486694336
sirennet,emergency,police,/kaggle/input/datasets/jeancdevx/sirennet/sireNNet/police/sound_787_1.wav,3.000125,0.356631338596344,0.04175569862127304,0.12129633477393617,1550.207105069667,1409.2114669578614,2818.7333776595747,68.95489501953125,-53.193817138671875,100.80928039550781,-53.193817138671875,100.80928039550781,-42.2004280090332,5.639802932739258,-24.92645835876465,-2.8754210472106934,12.618139266967773,22.61827278137207,13.212322235107422,15.771778106689453,-6.409000396728516,-1.054930329322815,-7.550603866577148
sirennet,emergency,police,/kaggle/input/datasets/jeancdevx/sirennet/sireNNet/police/sound_622_1.wav,3.000125,0.24107275903224945,0.02628062479197979,0.16014066655585107,1736.0566133094778,1563.1163419992613,3143.284574468085,50.98584747314453,-57.20888900756836,92.04874420166016,-57.20888900756836,92.04874420166016,-35.27488708496094,7.475961208343506,-16.39345932006836,7.465358734130859,14.116312026977539,16.095230102539062,9.350788116455078,14.151803970336914,-11.498261451721191,-2.1558876037597656,-5.865027904510498
sirennet,emergency,ambulance,/kaggle/input/datasets/jeancdevx/sirennet/sireNNet/ambulance/sound_191.wav,3.008,0.3617628812789917,0.16910389065742493,0.17454117063492064,1732.319047019196,1179.3393482496895,2352.761243386243,59.86928939819336,-207.4165496826172,87.72776794433594,-207.4165496826172,87.72776794433594,-47.10631561279297,-4.532793045043945,0.8003943562507629,15.828401565551758,-13.608603477478027,-18.861127853393555,0.9359124302864075,14.00405216217041,-16.421205520629883,-21.26097297668457,-3.2754759788513184
sirennet,non_emergency,traffic,/kaggle/input/datasets/jeancdevx/sirennet/sireNNet/traffic/sound_793.wav,3.0,0.21946676075458527,0.04931694641709328,0.23795919215425532,2123.458944248563,1849.7071072485649,4004.155585106383,37.344364166259766,-69.19996643066406,66.7913589477539,-69.19996643066406,66.7913589477539,-8.65379524230957,32.2477912902832,-3.254629373550415,19.43705940246582,6.820003509521484,2.3558804988861084,8.5314359664917,6.519816875457764,-8.461315155029297,6.682140827178955,-4.870840072631836
sirennet,emergency,police,/kaggle/input/datasets/jeancdevx/sirennet/sireNNet/police/sound_786_1.wav,3.000125,0.3274840712547302,0.03345103934407234,0.12901533410904256,1572.0791593956312,1421.6186679284028,2860.871010638298,67.2026596069336,-50.4522819519043,101.2260971069336,-50.4522819519043,101.2260971069336,-43.32814025878906,3.7664599418640137,-24.0979061126709,-1.43936288356781,12.50233268737793,21.740854263305664,13.176471710205078,15.38353443145752,-7.888840198516846,0.4234035909175873,-5.1309590339660645
sirennet,emergency,ambulance,/kaggle/input/datasets/jeancdevx/sirennet/sireNNet/ambulance/sound_31.wav,3.0,0.13521406054496765,0.043027836829423904,0.14872319647606383,1609.5731786202894,1038.907178778249,2615.275930851064,29.04578399658203,-295.67413330078125,75.50666809082031,-295.67413330078125,75.50666809082031,-73.8614730834961,-2.7291598320007324,-18.78577423095703,43.51714324951172,34.085655212402344,4.4174323081970215,-13.347966194152832,17.25629997253418,0.48575931787490845,-17.979202270507812,4.82874870300293
sirennet,emergency,police,/kaggle/input/datasets/jeancdevx/sirennet/sireNNet/police/sound_777.wav,3.0,0.5091791152954102,0.06289387494325638,0.1282777177526596,1550.0748718270754,1249.486224774954,2582.1143617021276,105.53479766845703,-40.81867599487305,96.22246551513672,-40.81867599487305,96.22246551513672,-67.4135513305664,-6.736168384552002,-44.12834930419922,-18.284135818481445,0.22795648872852325,29.088420867919922,8.827118873596191,11.500102996826172,6.2968339920043945,2.007640838623047,-8.326620101928711
sirennet,emergency,police,/kaggle/input/datasets/jeancdevx/sirennet/sireNNet/police/sound_659.wav,3.0,0.35924214124679565,0.12278163433074951,0.10191053025265957,1505.714918087864,1259.8322248565287,2454.4547872340427,68.11934661865234,-235.55381774902344,47.6587028503418,-235.55381774902344,47.6587028503418,-51.82706069946289,-1.5992351770401,-42.95810317993164,-33.87358093261719,-18.796924591064453,21.184894561767578,19.493988037109375,25.30896759033203,12.422856330871582,-8.61250114440918,-27.058198928833008
sirennet,emergency,ambulance,/kaggle/input/datasets/jeancdevx/sirennet/sireNNet/ambulance/sound_115_1.wav,3.000125,0.3045349419116974,0.03832995891571045,0.17809279421542554,1856.7637086262414,1562.408878615399,3243.434175531915,59.082061767578125,-45.15337371826172,81.71802520751953,-45.15337371826172,81.71802520751953,-41.33354949951172,9.321451187133789,0.9857884049415588,21.344873428344727,11.043417930603027,-4.96581506729126,-7.276121139526367,10.481679916381836,-0.7546604871749878,0.18045920133590698,-7.411713123321533
sirennet,emergency,ambulance,/kaggle/input/datasets/jeancdevx/sirennet/sireNNet/ambulance/sound_163.wav,3.008,0.44177770614624023,0.0957103744149208,0.17154431216931218,1584.8943286628362,937.7460929307011,1822.9993386243386,74.86724090576172,-225.64410400390625,95.4583740234375,-225.64410400390625,95.4583740234375,-68.12100982666016,-13.03197193145752,-4.594955921173096,6.560948371887207,-4.247650146484375,-23.042930603027344,-8.156987190246582,18.76969337463379,1.3635714054107666,-24.602325439453125,-12.753498077392578
sirennet,emergency,ambulance,/kaggle/input/datasets/jeancdevx/sirennet/sireNNet/ambulance/sound_42.wav,3.0,0.29949280619621277,0.0695372149348259,0.1656779837101064,1841.369189025198,1476.4262847093503,3075.5485372340427,60.50248718261719,-97.33222961425781,76.19427490234375,-97.33222961425781,76.19427490234375,-50.415096282958984,-11.329411506652832,-6.954763412475586,16.55657386779785,7.326140880584717,-8.856817245483398,-14.946808815002441,4.6082634925842285,-5.019563674926758,-7.177694320678711,-11.287569999694824
sirennet,emergency,ambulance,/kaggle/input/datasets/jeancdevx/sirennet/sireNNet/ambulance/sound_129.wav,3.0,0.31278276443481445,0.0844767615199089,0.21771629820478725,2169.4796799066908,1716.2011370471027,3867.686170212766,53.31471252441406,-146.98416137695312,75.67396545410156,-146.98416137695312,75.67396545410156,-19.68848991394043,-7.4808244705200195,-19.16729164123535,8.022685050964355,10.141871452331543,3.2300565242767334,-10.690255165100098,0.5883147716522217,-7.257711410522461,-21.876089096069336,-15.865482330322266
sirennet,emergency,ambulance,/kaggle/input/datasets/jeancdevx/sirennet/sireNNet/ambulance/sound_87.wav,3.0,0.14711225032806396,0.028020313009619713,0.11890167885638298,1738.2756363885717,1694.674626186695,3455.285904255319,30.363201141357422,-133.4902801513672,83.1845703125,-133.4902801513672,83.1845703125,-20.585235595703125,10.705358505249023,-10.276006698608398,0.5844442248344421,5.334018230438232,22.84901237487793,16.51365852355957,7.848914623260498,-2.7617669105529785,0.8531175851821899,-9.40441608428955
sirennet,emergency,firetruck,/kaggle/input/datasets/jeancdevx/sirennet/sireNNet/firetruck/sound_295.wav,3.0,0.20574736595153809,0.01977704092860222,0.24387570644946807,2946.0829360792923,2093.154600687573,5689.910239361702,37.91572952270508,-42.353397369384766,23.03537940979004,-42.353397369384766,23.03537940979004,-24.286470413208008,-2.9693052768707275,0.6597855091094971,24.10123062133789,3.619612693786621,-3.4264121055603027,-5.869463920593262,18.48617172241211,-2.2896878719329834,4.510068893432617,-12.942935943603516
sirennet,emergency,firetruck,/kaggle/input/datasets/jeancdevx/sirennet/sireNNet/firetruck/sound_261_1.wav,3.000125,0.28463950753211975,0.036682214587926865,0.19462163397606383,2281.5707126408183,1853.7576821367009,4368.351063829788,49.889862060546875,-17.54538345336914,56.80312728881836,-17.54538345336914,56.80312728881836,-29.4724178314209,6.803102016448975,-11.504631042480469,10.08262825012207,8.081780433654785,12.655281066894531,7.737667083740234,8.635732650756836,-7.7990922927856445,-1.152294397354126,-4.978800296783447
sirennet,emergency,ambulance,/kaggle/input/datasets/jeancdevx/sirennet/sireNNet/ambulance/sound_60_1.wav,3.000125,0.3023165762424469,0.021156547591090202,0.15089448969414893,1756.971390298116,1669.4288298317254,3290.558510638298,53.96171188354492,-26.546586990356445,87.92517852783203,-26.546586990356445,87.92517852783203,-26.634511947631836,22.36081314086914,7.932556629180908,16.938518524169922,8.192402839660645,2.200833797454834,-8.244489669799805,6.885614395141602,-8.779603004455566,-2.6877996921539307,-5.421219825744629
sirennet,non_emergency,traffic,/kaggle/input/datasets/jeancdevx/sirennet/sireNNet/traffic/sound_458.wav,3.0,0.19715635478496552,0.041460588574409485,0.06300905917553191,889.4431788635417,1102.1320494907886,1592.503324468085,37.258060455322266,-134.2201690673828,166.68885803222656,-134.2201690673828,166.68885803222656,-22.41647720336914,12.270417213439941,5.115301132202148,11.667926788330078,3.023136615753174,8.356586456298828,-3.053079843521118,2.786120891571045,-4.927185535430908,5.788196086883545,-1.2134896516799927
sirennet,non_emergency,traffic,/kaggle/input/datasets/jeancdevx/sirennet/sireNNet/traffic/sound_769.wav,3.0,0.20627589523792267,0.03550168499350548,0.16891414561170212,1969.26359581722,1890.7749809717748,4026.761968085106,41.6050910949707,-72.06852722167969,74.90650939941406,-72.06852722167969,74.90650939941406,-7.615602016448975,29.101978302001953,-1.0749281644821167,24.49913787841797,13.058792114257812,8.559508323669434,5.204709053039551,3.3959269523620605,-4.309811592102051,6.5462141036987305,-8.70899772644043
sirennet,emergency,ambulance,/kaggle/input/datasets/jeancdevx/sirennet/sireNNet/ambulance/sound_96_1.wav,3.000125,0.2749815583229065,0.0578891858458519,0.16176653922872342,1833.927274676674,1561.0305244369765,3264.0458776595747,49.460330963134766,-72.65694427490234,79.53153228759766,-72.65694427490234,79.53153228759766,-36.7435417175293,18.435302734375,-2.5539135932922363,17.59085464477539,13.575629234313965,7.407456398010254,-0.05921595171093941,7.504793167114258,-14.378937721252441,-0.525962233543396,0.4229278862476349
sirennet,emergency,firetruck,/kaggle/input/datasets/jeancdevx/sirennet/sireNNet/firetruck/sound_366.wav,3.008,0.3875308632850647,0.05578939989209175,0.14378720238095238,2016.5174395026304,1787.188699455992,4094.080687830688,78.0617904663086,-31.99890899658203,65.74795532226562,-31.99890899658203,65.74795532226562,-30.571813583374023,-21.754749298095703,-27.493545532226562,3.4568846225738525,-3.7635600566864014,2.693429946899414,-2.3246397972106934,2.765087366104126,-3.7313122749328613,4.199524402618408,-4.098719596862793
sirennet,emergency,police,/kaggle/input/datasets/jeancdevx/sirennet/sireNNet/police/sound_655_1.wav,3.000125,0.35728633403778076,0.05890434607863426,0.12472988696808511,1683.915697843939,1510.944286002936,3001.496010638298,58.280006408691406,-65.57549285888672,86.98655700683594,-65.57549285888672,86.98655700683594,-34.87118148803711,16.534048080444336,-12.609917640686035,0.5931519269943237,8.226998329162598,17.470518112182617,9.621002197265625,12.479040145874023,-10.40754222869873,0.08881589025259018,-3.879164695739746
sirennet,emergency,ambulance,/kaggle/input/datasets/jeancdevx/sirennet/sireNNet/ambulance/sound_138_1.wav,3.000125,0.3006000518798828,0.054740238934755325,0.15167885638297873,1762.954622609099,1549.6290271354449,3164.3949468085107,53.23035430908203,-61.061004638671875,85.89353942871094,-61.061004638671875,85.89353942871094,-36.02987289428711,13.808762550354004,-4.4292755126953125,19.695497512817383,16.009035110473633,5.153244495391846,-5.878897666931152,4.135802745819092,-11.982728004455566,2.811394453048706,-1.3078296184539795
sirennet,emergency,police,/kaggle/input/datasets/jeancdevx/sirennet/sireNNet/police/sound_604_1.wav,3.000125,0.2648296654224396,0.026081658899784088,0.1582290974069149,1707.5989260911927,1491.9583616402997,3019.4481382978724,56.43644332885742,-43.1314582824707,94.92054748535156,-43.1314582824707,94.92054748535156,-45.81511306762695,5.553689002990723,-14.532384872436523,6.121420383453369,13.036656379699707,16.518095016479492,7.466487884521484,14.0665922164917,-6.279303550720215,1.6969231367111206,-9.104069709777832
sirennet,emergency,ambulance,/kaggle/input/datasets/jeancdevx/sirennet/sireNNet/ambulance/sound_106.wav,3.0,0.259739488363266,0.06681714206933975,0.17510596742021275,1717.1801638697843,1316.8480228525414,2744.7639627659573,53.76995849609375,-110.2509536743164,84.85983276367188,-110.2509536743164,84.85983276367188,-56.060829162597656,-4.667873859405518,-5.283779621124268,19.152292251586914,-2.1023435592651367,-18.2570743560791,-13.864883422851562,9.873993873596191,0.41896283626556396,-10.535205841064453,-10.731033325195312
sirennet,emergency,ambulance,/kaggle/input/datasets/jeancdevx/sirennet/sireNNet/ambulance/sound_33_1.wav,3.000125,0.24670284986495972,0.028452012687921524,0.1805913397606383,1858.929394848411,1560.175659694954,3242.021276595745,47.4820442199707,-61.50175094604492,80.4969253540039,-61.50175094604492,80.4969253540039,-40.15599060058594,16.51268196105957,-2.343601703643799,21.73021125793457,18.040864944458008,5.170934200286865,-5.2965569496154785,7.089071273803711,-10.690605163574219,0.8057069778442383,0.3424569070339203
sirennet,emergency,ambulance,/kaggle/input/datasets/jeancdevx/sirennet/sireNNet/ambulance/sound_22_1.wav,3.000125,0.23764808475971222,0.038305122405290604,0.18840903424202127,1917.5619340733529,1586.7224360789976,3318.6502659574467,45.662689208984375,-65.69046020507812,76.57563781738281,-65.69046020507812,76.57563781738281,-38.190826416015625,20.412126541137695,1.3678923845291138,21.475202560424805,12.798709869384766,2.034076690673828,-2.995086908340454,9.216086387634277,-11.458847999572754,-1.0153204202651978,2.0355207920074463
sirennet,non_emergency,traffic,/kaggle/input/datasets/jeancdevx/sirennet/sireNNet/traffic/sound_641.wav,3.0,0.24649332463741302,0.06877367198467255,0.09562001329787234,2011.8331446813731,2017.708643450922,4425.116356382979,37.10682678222656,-68.21172332763672,65.45450592041016,-68.21172332763672,65.45450592041016,-6.456509113311768,26.656484603881836,7.112995624542236,22.940824508666992,10.951946258544922,13.932056427001953,3.1313376426696777,11.360790252685547,0.5547916889190674,8.450389862060547,-5.344148635864258
sirennet,emergency,firetruck,/kaggle/input/datasets/jeancdevx/sirennet/sireNNet/firetruck/sound_238_1.wav,3.000125,0.29314011335372925,0.027308860793709755,0.21609562001329788,2003.3325750876838,1619.6673982271607,3337.7659574468084,53.7944221496582,-39.620662689208984,74.60554504394531,-39.620662689208984,74.60554504394531,-39.15867614746094,17.44963264465332,2.538691997528076,6.411323547363281,12.948504447937012,13.347419738769531,-6.155898571014404,1.2923659086227417,-17.246217727661133,8.225092887878418,-0.4689646065235138
sonyc_ust,non_emergency,urban_noise,/kaggle/input/datasets/jeancdevx/sonyc-ust/sonyc_ust/audio-7/01_005019.wav,4.0,0.013439918868243694,0.0019811540842056274,0.09826319721115538,2042.2154564892046,2175.4451644376427,4832.4203187251,2.4955389499664307,-342.3226013183594,64.78022766113281,-342.3226013183594,64.78022766113281,11.461464881896973,20.28695297241211,1.0186123847961426,13.070269584655762,-0.8225522041320801,10.121731758117676,7.143983840942383,4.971738815307617,-3.6763479709625244,10.381695747375488,-0.22487333416938782
sonyc_ust,non_emergency,urban_noise,/kaggle/input/datasets/jeancdevx/sonyc-ust/sonyc_ust/audio-8/07_009563.wav,4.0,0.013211195357143879,0.004593459889292717,0.029145138197211155,886.9127720858532,1401.1438208408115,2022.6593625498008,2.833596706390381,-452.4780578613281,124.66410827636719,-452.4780578613281,124.66410827636719,-6.10249137878418,35.203941345214844,10.214452743530273,16.36370086669922,10.819620132446289,7.511335372924805,7.382492542266846,6.573793888092041,3.1500115394592285,9.178547859191895,-0.7990835905075073
sonyc_ust,non_emergency,urban_noise,/kaggle/input/datasets/jeancdevx/sonyc-ust/sonyc_ust/audio-12/27_006297.wav,4.0,0.01204152125865221,0.005454775411635637,0.04217115911354582,912.3935154418408,1349.686698002847,1966.7579681274901,2.4690356254577637,-438.9531555175781,134.8802947998047,-438.9531555175781,134.8802947998047,-3.1879541873931885,34.379249572753906,2.836435079574585,17.38949203491211,4.682149887084961,3.9917619228363037,10.098350524902344,10.161858558654785,-2.8265485763549805,6.746735572814941,-4.475609302520752
sonyc_ust,non_emergency,urban_noise,/kaggle/input/datasets/jeancdevx/sonyc-ust/sonyc_ust/audio-6/36_020716.wav,4.0,0.01112440600991249,0.0013980475487187505,0.04715512948207171,923.4297542159312,1345.5509671149744,2097.547310756972,2.472184181213379,-434.3263244628906,136.3502197265625,-434.3263244628906,136.3502197265625,-6.299412727355957,39.27567672729492,-1.1645597219467163,10.332171440124512,10.500521659851074,5.78737211227417,11.71108341217041,11.953469276428223,4.308411121368408,14.03443431854248,-4.852750778198242
sonyc_ust,non_emergency,urban_noise,/kaggle/input/datasets/jeancdevx/sonyc-ust/sonyc_ust/audio-16/37_019152.wav,4.0,0.012072982266545296,0.0033273608423769474,0.014664000249003984,638.6043282072216,1232.2648191472008,1374.5642430278886,2.2000765800476074,-513.5833740234375,129.8009490966797,-513.5833740234375,129.8009490966797,3.7056596279144287,35.934425354003906,7.16272497177124,20.431257247924805,13.627007484436035,12.349282264709473,10.086254119873047,11.941045761108398,6.756104469299316,10.66865062713623,-0.4120185375213623
sonyc_ust,non_emergency,urban_noise,/kaggle/input/datasets/jeancdevx/sonyc-ust/sonyc_ust/audio-16/11_017586.wav,4.0,0.0144811337813735,0.0017516006482765079,0.01954292206175299,839.7040943453125,1482.4670378518224,1998.0079681274901,2.9404828548431396,-461.8624572753906,111.06290435791016,-461.8624572753906,111.06290435791016,5.29757022857666,37.14504623413086,12.64039134979248,20.462657928466797,9.226279258728027,8.471856117248535,8.114128112792969,12.075972557067871,2.7204935550689697,7.875546455383301,-3.700493812561035
sonyc_ust,non_emergency,urban_noise,/kaggle/input/datasets/jeancdevx/sonyc-ust/sonyc_ust/audio-7/04_001938.wav,4.0,0.022623082622885704,0.01466286089271307,0.01702175672310757,677.3786995760977,1264.778209151235,1415.1518924302788,3.770751476287842,-467.86663818359375,126.71289825439453,-467.86663818359375,126.71289825439453,5.377012252807617,35.319252014160156,5.55997896194458,14.980130195617676,5.730393886566162,8.247982025146484,5.9628071784973145,8.059735298156738,6.169789791107178,11.424901008605957,0.2481193095445633
sonyc_ust,non_emergency,urban_noise,/kaggle/input/datasets/jeancdevx/sonyc-ust/sonyc_ust/audio-9/16_003650.wav,4.0,0.030313901603221893,0.026309091597795486,0.020892990537848606,836.9196672170689,1382.9008628752235,1943.2270916334662,3.005070686340332,-427.52142333984375,109.36431884765625,-427.52142333984375,109.36431884765625,-10.271793365478516,35.43337631225586,14.05969524383545,25.338481903076172,12.726783752441406,6.229203701019287,7.055948257446289,13.523818016052246,3.577817440032959,8.911892890930176,1.8438012599945068
sonyc_ust,non_emergency,urban_noise,/kaggle/input/datasets/jeancdevx/sonyc-ust/sonyc_ust/audio-14/41_010412.wav,4.0,0.009057971648871899,0.0021279030479490757,0.03954494521912351,945.0162222207815,1374.5292732307146,2112.5498007968126,1.8979618549346924,-465.409912109375,128.10362243652344,-465.409912109375,128.10362243652344,-11.179874420166016,31.608013153076172,-1.888118028640747,15.183756828308105,5.127227306365967,8.3115873336792,7.584073543548584,7.182301044464111,1.3209503889083862,10.356645584106445,-0.38685935735702515
sonyc_ust,non_emergency,urban_noise,/kaggle/input/datasets/jeancdevx/sonyc-ust/sonyc_ust/audio-16/40_005920.wav,4.0,0.12051152437925339,0.02384522743523121,0.04788268799800797,1019.9722607311393,1412.907628851798,2390.0024900398407,22.242713928222656,-180.74427795410156,127.41272735595703,-180.74427795410156,127.41272735595703,-8.162604331970215,40.85681915283203,-0.3354049623012543,15.821745872497559,8.420169830322266,7.139528274536133,-0.23501959443092346,8.690560340881348,-3.263988494873047,5.867621898651123,-3.8951828479766846
sonyc_ust,non_emergency,urban_noise,/kaggle/input/datasets/jeancdevx/sonyc-ust/sonyc_ust/audio-3/40_002317.wav,4.0,0.18005259335041046,0.032522957772016525,0.040276394422310756,905.789697865806,1311.4999923493447,2076.5687250996016,33.645381927490234,-160.09677124023438,135.83181762695312,-160.09677124023438,135.83181762695312,-11.957453727722168,42.612152099609375,6.57931661605835,12.57903003692627,2.419174909591675,17.337265014648438,-5.789335250854492,6.569657802581787,3.986426830291748,3.1133718490600586,-1.509192705154419
sonyc_ust,non_emergency,urban_noise,/kaggle/input/datasets/jeancdevx/sonyc-ust/sonyc_ust/audio-13/34_012531.wav,4.0,0.02576860599219799,0.005754976999014616,0.06439476469123506,1543.1969736944764,1823.2691476134867,3479.830677290837,5.079441547393799,-318.1603698730469,85.51142120361328,-318.1603698730469,85.51142120361328,-12.266867637634277,24.981815338134766,1.650679588317871,17.04877281188965,14.782814025878906,14.105175018310547,7.542348384857178,11.327348709106445,6.111263751983643,13.656832695007324,-0.0049582249484956264
sonyc_ust,non_emergency,urban_noise,/kaggle/input/datasets/jeancdevx/sonyc-ust/sonyc_ust/audio-7/03_009053.wav,4.0,0.031193576753139496,0.01184146199375391,0.0166015625,662.3527398377773,1287.69543111364,1397.472609561753,6.179357528686523,-424.6740417480469,125.570068359375,-424.6740417480469,125.570068359375,4.736721992492676,34.311946868896484,11.468613624572754,19.482515335083008,15.318009376525879,9.589237213134766,8.326666831970215,7.1808762550354,5.7083048820495605,10.024750709533691,0.9322496056556702
sonyc_ust,non_emergency,urban_noise,/kaggle/input/datasets/jeancdevx/sonyc-ust/sonyc_ust/audio-5/01_008658.wav,4.0,0.014833309687674046,0.0040863617323338985,0.019332824950199202,716.7040983355197,1320.0064825576662,1618.4636454183267,2.639127254486084,-481.56036376953125,122.27693939208984,-481.56036376953125,122.27693939208984,5.742307186126709,43.429935455322266,3.8715124130249023,21.953102111816406,12.632895469665527,10.304189682006836,9.72022819519043,7.423239707946777,5.631924629211426,12.025238037109375,-0.49783435463905334
sonyc_ust,non_emergency,urban_noise,/kaggle/input/datasets/jeancdevx/sonyc-ust/sonyc_ust/audio-2/32_000023.wav,4.0,0.028174450621008873,0.009556223638355732,0.09508839641434264,910.3153484350826,951.8813641099723,1281.5612549800796,5.480167865753174,-445.9517517089844,140.67002868652344,-445.9517517089844,140.67002868652344,-39.00834655761719,4.243592262268066,5.843594551086426,36.805362701416016,28.038740158081055,4.1703972816467285,4.8545098304748535,19.9277286529541,8.296367645263672,0.9411431550979614,-3.445180892944336
sonyc_ust,non_emergency,urban_noise,/kaggle/input/datasets/jeancdevx/sonyc-ust/sonyc_ust/audio-11/23_005043.wav,4.0,0.01496751606464386,0.002518354682251811,0.040120766932270915,919.5731457372003,1340.7046405286421,2028.1374501992032,3.4163732528686523,-408.663330078125,133.6392822265625,-408.663330078125,133.6392822265625,-9.958395004272461,38.75532150268555,8.408474922180176,17.71407699584961,6.04841423034668,3.708184003829956,1.1030662059783936,4.774199485778809,2.3922364711761475,11.278422355651855,0.0169354397803545
sonyc_ust,non_emergency,urban_noise,/kaggle/input/datasets/jeancdevx/sonyc-ust/sonyc_ust/audio-3/37_004531.wav,4.0,0.014584081247448921,0.005409714300185442,0.017698736304780877,859.3994789969422,1617.2782456589885,2034.6738047808765,2.7322826385498047,-478.1258850097656,101.6633529663086,-478.1258850097656,101.6633529663086,26.394119262695312,34.60752868652344,9.216733932495117,19.570287704467773,11.90746021270752,14.944332122802734,9.064698219299316,12.608445167541504,5.019345760345459,11.739952087402344,-1.8895149230957031
sonyc_ust,non_emergency,urban_noise,/kaggle/input/datasets/jeancdevx/sonyc-ust/sonyc_ust/audio-4/00_005438.wav,4.0,0.11128924787044525,0.03837437182664871,0.14122805652390438,1225.4070241260142,1052.9000577710442,1619.3974103585658,20.93308448791504,-294.2218017578125,117.36807250976562,-294.2218017578125,117.36807250976562,-47.838008880615234,0.8617753982543945,2.4550514221191406,40.42411804199219,23.80014991760254,0.548731803894043,-1.843297004699707,17.662872314453125,10.99435043334961,5.621601581573486,-0.8104426860809326
sonyc_ust,non_emergency,urban_noise,/kaggle/input/datasets/jeancdevx/sonyc-ust/sonyc_ust/audio-15/36_000669.wav,4.0,0.009397488087415695,0.0012346506118774414,0.02698191608565737,656.4505480409781,1114.4267192734212,1312.437749003984,2.0298855304718018,-490.3520812988281,155.59693908691406,-490.3520812988281,155.59693908691406,-4.768560409545898,34.487510681152344,5.167906761169434,16.794981002807617,8.214009284973145,9.42707347869873,9.31955337524414,8.18212890625,8.094918251037598,13.028870582580566,-0.21309298276901245
sonyc_ust,non_emergency,urban_noise,/kaggle/input/datasets/jeancdevx/sonyc-ust/sonyc_ust/audio-1/40_001035.wav,4.0,0.045310232788324356,0.018315641209483147,0.043723543326693225,1252.6006367463897,1608.5465190227944,2930.839143426295,7.445913314819336,-284.1934814453125,105.85100555419922,-284.1934814453125,105.85100555419922,-11.494138717651367,29.583940505981445,-6.5257649421691895,11.510619163513184,5.173343658447266,2.040698528289795,5.935946464538574,9.407744407653809,1.1518861055374146,8.636505126953125,-4.287027359008789
sonyc_ust,non_emergency,urban_noise,/kaggle/input/datasets/jeancdevx/sonyc-ust/sonyc_ust/audio-15/24_017523.wav,4.0,0.006912099197506905,0.0012938277795910835,0.030930963645418325,768.2476636204888,1215.9041778100625,1602.589641434263,1.6535158157348633,-509.5960388183594,147.38580322265625,-509.5960388183594,147.38580322265625,-9.984025001525879,28.789533615112305,10.39019775390625,9.791400909423828,9.095455169677734,6.174684047698975,9.111801147460938,9.744217872619629,2.6849451065063477,8.640606880187988,-0.42415961623191833
sonyc_ust,non_emergency,urban_noise,/kaggle/input/datasets/jeancdevx/sonyc-ust/sonyc_ust/audio-16/29_018398.wav,4.0,0.0091701103374362,0.0016181401442736387,0.08294945219123506,1502.3021974185726,1709.3353423176902,3436.1304780876494,2.0330827236175537,-399.15869140625,93.43097686767578,-399.15869140625,93.43097686767578,-12.398534774780273,37.834739685058594,-1.843698501586914,21.952598571777344,4.8625922203063965,7.1869988441467285,9.073250770568848,9.864160537719727,5.341637134552002,9.713523864746094,-4.167664051055908
sonyc_ust,non_emergency,urban_noise,/kaggle/input/datasets/jeancdevx/sonyc-ust/sonyc_ust/audio-12/40_000232.wav,4.0,0.09293245524168015,0.013498909771442413,0.07014520044820717,1246.6885133505286,1477.501562394659,2858.6279880478087,18.51039695739746,-193.508056640625,116.12433624267578,-193.508056640625,116.12433624267578,-16.664751052856445,53.03605270385742,-8.277251243591309,15.88458251953125,9.56489372253418,6.174493789672852,0.26250532269477844,18.36423110961914,-4.492623329162598,7.09983491897583,-4.787845134735107
sonyc_ust,non_emergency,urban_noise,/kaggle/input/datasets/jeancdevx/sonyc-ust/sonyc_ust/audio-9/27_020849.wav,4.0,0.03182213008403778,0.01665510982275009,0.006299022659362549,396.2645128976669,970.3626786606281,668.2021912350598,6.809995651245117,-511.7940673828125,138.18678283691406,-511.7940673828125,138.18678283691406,10.089131355285645,26.269262313842773,15.941058158874512,16.678571701049805,16.162378311157227,6.232784748077393,12.803958892822266,8.965890884399414,4.461398601531982,8.487457275390625,3.1455328464508057
sonyc_ust,non_emergency,urban_noise,/kaggle/input/datasets/jeancdevx/sonyc-ust/sonyc_ust/audio-9/02_001901.wav,4.0,0.027291718870401382,0.0035385764203965664,0.030187842380478086,903.120155695267,1392.6868870291871,2012.5747011952192,4.75507116317749,-367.03192138671875,127.998046875,-367.03192138671875,127.998046875,-4.863142490386963,35.47145080566406,11.18034839630127,20.21538543701172,12.065594673156738,8.393387794494629,4.632941246032715,14.975052833557129,2.139770984649658,8.840219497680664,-0.10200785845518112
sonyc_ust,non_emergency,urban_noise,/kaggle/input/datasets/jeancdevx/sonyc-ust/sonyc_ust/audio-11/23_010502.wav,4.0,0.01993764191865921,0.002457458060234785,0.04265749501992032,1205.2619155522327,1765.983375359353,2870.766932270916,4.588998794555664,-364.96240234375,104.25694274902344,-364.96240234375,104.25694274902344,11.50312328338623,27.428085327148438,19.622102737426758,25.902143478393555,8.34965705871582,1.3714910745620728,5.132022857666016,14.307518005371094,-2.117171049118042,-1.9184116125106812,-3.4342148303985596
sonyc_ust,non_emergency,urban_noise,/kaggle/input/datasets/jeancdevx/sonyc-ust/sonyc_ust/audio-7/40_003080.wav,4.0,0.18558523058891296,0.03155750408768654,0.04854799551792829,1085.9532175906186,1520.8575333016165,2557.8311752988047,38.41618728637695,-138.9210662841797,118.85150146484375,-138.9210662841797,118.85150146484375,0.17432370781898499,37.89597702026367,-0.6179612874984741,15.085192680358887,4.561093807220459,8.259930610656738,3.0503530502319336,4.496636390686035,1.0166823863983154,3.229188919067383,-2.8656439781188965
sonyc_ust,non_emergency,urban_noise,/kaggle/input/datasets/jeancdevx/sonyc-ust/sonyc_ust/audio-5/03_001019.wav,4.0,0.07975833117961884,0.02807210572063923,0.030001089392430277,862.176657408621,1402.344759233101,1912.8486055776893,15.767505645751953,-270.6692810058594,124.15386962890625,-270.6692810058594,124.15386962890625,0.7822972536087036,33.68214797973633,9.571263313293457,18.20573616027832,6.645593643188477,11.292174339294434,4.734219551086426,7.623899936676025,5.2163777351379395,8.119455337524414,-0.9098390340805054
sonyc_ust,non_emergency,urban_noise,/kaggle/input/datasets/jeancdevx/sonyc-ust/sonyc_ust/audio-10/23_017530.wav,4.0,0.032176803797483444,0.010093574412167072,0.07033195343625498,1418.7377185173377,1672.6587699486665,3146.9746015936257,6.864355087280273,-295.4164733886719,97.25006866455078,-295.4164733886719,97.25006866455078,-17.635976791381836,29.966711044311523,4.859461307525635,21.575471878051758,11.05653190612793,4.215803623199463,1.721630334854126,7.548287391662598,5.8215203285217285,12.003544807434082,-3.774933099746704
sonyc_ust,non_emergency,urban_noise,/kaggle/input/datasets/jeancdevx/sonyc-ust/sonyc_ust/audio-11/17_013429.wav,4.0,0.031481966376304626,0.0035489629954099655,0.2115211030876494,2390.968662792659,2000.6398133598884,4628.610557768924,5.012689590454102,-220.61953735351562,51.85037612915039,-220.61953735351562,51.85037612915039,-7.265813827514648,22.343353271484375,-18.623708724975586,6.5054521560668945,0.4068754315376282,8.929703712463379,8.267168045043945,2.08111310005188,-5.4332194328308105,8.580554962158203,1.399644136428833
sonyc_ust,non_emergency,urban_noise,/kaggle/input/datasets/jeancdevx/sonyc-ust/sonyc_ust/audio-16/01_000724.wav,4.0,0.012447971850633621,0.0038664226885885,0.04312048680278884,1094.94459410155,1494.0184958853074,2318.6005976095616,2.2895259857177734,-440.721923828125,109.34922790527344,-440.721923828125,109.34922790527344,-23.012250900268555,15.278390884399414,9.407901763916016,11.280364036560059,11.567153930664062,13.905674934387207,4.552377700805664,9.710776329040527,10.090174674987793,16.430978775024414,-4.734828948974609
sonyc_ust,non_emergency,urban_noise,/kaggle/input/datasets/jeancdevx/sonyc-ust/sonyc_ust/audio-3/00_005940.wav,4.0,0.01764845661818981,0.0040100994519889355,0.028802757719123506,843.5434740788356,1308.456984330343,1777.4526892430279,3.5692286491394043,-417.0946350097656,136.2803955078125,-417.0946350097656,136.2803955078125,-6.733132839202881,33.87398910522461,9.16128158569336,20.084989547729492,6.305611610412598,3.1267409324645996,7.06103515625,10.383174896240234,6.674137115478516,7.222321033477783,-1.8842027187347412
sonyc_ust,non_emergency,urban_noise,/kaggle/input/datasets/jeancdevx/sonyc-ust/sonyc_ust/audio-13/01_013076.wav,4.0,0.014559461735188961,0.008712518960237503,0.05843034113545817,1671.6062696661998,1831.813418231674,3608.9392430278886,1.9065314531326294,-411.23260498046875,60.14311218261719,-411.23260498046875,60.14311218261719,-23.300703048706055,42.11418533325195,11.818493843078613,15.784868240356445,9.06149673461914,9.927196502685547,6.0087199211120605,6.697272777557373,1.2621715068817139,10.273849487304688,-4.09490442276001
sonyc_ust,non_emergency,urban_noise,/kaggle/input/datasets/jeancdevx/sonyc-ust/sonyc_ust/audio-9/29_009596.wav,4.0,0.029064007103443146,0.0022039657924324274,0.290019609063745,2760.676485977237,1960.1109541958238,4841.13545816733,4.944064140319824,-232.91082763671875,34.28154754638672,-232.91082763671875,34.28154754638672,-12.904263496398926,24.389318466186523,-18.912805557250977,19.443784713745117,14.673182487487793,-5.660232067108154,9.994644165039062,11.36487102508545,-0.2245495617389679,18.918365478515625,-8.96281623840332
sonyc_ust,non_emergency,urban_noise,/kaggle/input/datasets/jeancdevx/sonyc-ust/sonyc_ust/audio-13/05_005222.wav,4.0,0.01711169071495533,0.009277147240936756,0.021912350597609563,722.8634986099481,1112.4328671203245,1549.800796812749,2.017681121826172,-453.38751220703125,150.47015380859375,-453.38751220703125,150.47015380859375,-27.796276092529297,26.04037094116211,3.6617374420166016,13.524737358093262,12.01436710357666,9.882501602172852,9.497846603393555,8.22771167755127,4.529947757720947,11.283510208129883,-0.9569481611251831
sonyc_ust,non_emergency,urban_noise,/kaggle/input/datasets/jeancdevx/sonyc-ust/sonyc_ust/audio-15/40_003575.wav,4.0,0.02206522226333618,0.009319541975855827,0.03936208291832669,992.1090454240355,1364.5370725082078,2261.3296812749004,4.036152362823486,-373.47747802734375,125.85857391357422,-373.47747802734375,125.85857391357422,-22.707988739013672,36.74333190917969,0.38398292660713196,16.68263816833496,10.350793838500977,8.812500953674316,4.572338581085205,6.761545658111572,4.080480575561523,10.888985633850098,-4.416092395782471
sonyc_ust,non_emergency,urban_noise,/kaggle/input/datasets/jeancdevx/sonyc-ust/sonyc_ust/audio-11/22_027842.wav,4.0,0.03238166496157646,0.018435301259160042,0.02989215014940239,892.651869510316,1272.336701486522,2014.0687250996016,3.9775679111480713,-371.7236328125,135.80831909179688,-371.7236328125,135.80831909179688,-14.413213729858398,39.07553482055664,6.013036727905273,11.845600128173828,4.468599319458008,6.769986629486084,2.0225250720977783,4.745187282562256,4.879831790924072,8.040536880493164,-1.8224951028823853
sonyc_ust,non_emergency,urban_noise,/kaggle/input/datasets/jeancdevx/sonyc-ust/sonyc_ust/audio-16/40_001148.wav,4.0,0.060503263026475906,0.04044846072793007,0.02252707918326693,845.2163655563638,1426.744009816612,1939.1185258964144,12.282530784606934,-337.80938720703125,114.78067779541016,-337.80938720703125,114.78067779541016,1.6535284519195557,33.93510055541992,6.73752498626709,17.37040138244629,12.393518447875977,10.591516494750977,9.926186561584473,10.470905303955078,4.146078109741211,12.440497398376465,-2.997101306915283
sonyc_ust,non_emergency,urban_noise,/kaggle/input/datasets/jeancdevx/sonyc-ust/sonyc_ust/audio-5/19_016584.wav,4.0,0.021552663296461105,0.0037086422089487314,0.025285576444223107,750.6250200940251,1271.6677426817275,1645.667330677291,3.6703457832336426,-421.627197265625,132.9735565185547,-421.627197265625,132.9735565185547,-7.921543121337891,32.68123245239258,1.1342027187347412,17.4084529876709,11.511634826660156,11.020023345947266,4.195892333984375,7.58284854888916,4.044983386993408,16.338550567626953,7.104726791381836
sonyc_ust,non_emergency,urban_noise,/kaggle/input/datasets/jeancdevx/sonyc-ust/sonyc_ust/audio-9/03_010528.wav,4.0,0.009111639112234116,0.0025027249939739704,0.02857320717131474,849.2658509133947,1400.1552704429407,1914.5293824701196,1.9286385774612427,-483.9112243652344,125.6784896850586,-483.9112243652344,125.6784896850586,0.4864863455295563,34.662200927734375,6.091590881347656,16.996414184570312,10.610498428344727,9.630219459533691,8.868060111999512,7.531204700469971,1.9024988412857056,12.052902221679688,-1.9122295379638672
sonyc_ust,non_emergency,urban_noise,/kaggle/input/datasets/jeancdevx/sonyc-ust/sonyc_ust/audio-6/40_001490.wav,4.0,0.015123398043215275,0.0031237744260579348,0.0912093812250996,1403.789388384249,1581.3810343904627,3051.2325697211154,3.028682231903076,-332.7882995605469,112.9332504272461,-332.7882995605469,112.9332504272461,-16.772069931030273,24.793323516845703,-11.4935941696167,10.3615140914917,2.7706527709960938,3.405623197555542,3.22609806060791,9.924072265625,-1.6381632089614868,8.950631141662598,-10.077286720275879
sonyc_ust,non_emergency,urban_noise,/kaggle/input/datasets/jeancdevx/sonyc-ust/sonyc_ust/audio-15/04_019329.wav,4.0,0.012815249152481556,0.004899332765489817,0.047462493774900395,1236.727683939983,1657.2543818054426,2885.1469123505976,2.0977067947387695,-422.4090576171875,95.06624603271484,-422.4090576171875,95.06624603271484,-6.1781206130981445,40.832576751708984,8.628266334533691,18.013776779174805,0.27759358286857605,2.783299684524536,11.930808067321777,19.624366760253906,-2.4739584922790527,9.158065795898438,7.911374092102051
sonyc_ust,non_emergency,urban_noise,/kaggle/input/datasets/jeancdevx/sonyc-ust/sonyc_ust/audio-5/28_011342.wav,4.0,0.013126211240887642,0.0027037514373660088,0.05939523157370518,1338.7700680338753,1620.2232872740508,3042.143924302789,2.440704822540283,-386.1009216308594,108.62940216064453,-386.1009216308594,108.62940216064453,-14.237916946411133,31.44536781311035,2.082536458969116,17.101757049560547,8.049674987792969,8.529863357543945,8.918715476989746,10.35610294342041,3.46889591217041,11.779047966003418,-2.49545955657959
sonyc_ust,non_emergency,urban_noise,/kaggle/input/datasets/jeancdevx/sonyc-ust/sonyc_ust/audio-7/51_027518.wav,4.0,0.02537715435028076,0.011408284306526184,0.023542548555776893,691.8339169545098,1213.4145284395588,1439.6787848605577,4.168429851531982,-422.92767333984375,134.63925170898438,-422.92767333984375,134.63925170898438,-6.756743907928467,30.692729949951172,8.165005683898926,23.701133728027344,21.12834930419922,18.966066360473633,16.664339065551758,13.382283210754395,3.2871463298797607,8.214536666870117,0.5951487421989441
sonyc_ust,non_emergency,urban_noise,/kaggle/input/datasets/jeancdevx/sonyc-ust/sonyc_ust/audio-14/20_008643.wav,4.0,0.007127709686756134,0.001149753574281931,0.05276550049800797,1018.0293797690152,1287.2098723582606,1973.792330677291,1.4271130561828613,-461.3762512207031,138.9552459716797,-461.3762512207031,138.9552459716797,-29.842134475708008,15.661067008972168,4.160244464874268,22.051788330078125,9.340718269348145,4.116976737976074,1.714404582977295,5.377562046051025,-3.622135877609253,4.535969257354736,-0.9065678119659424
sonyc_ust,non_emergency,urban_noise,/kaggle/input/datasets/jeancdevx/sonyc-ust/sonyc_ust/audio-8/06_011008.wav,4.0,0.01671435311436653,0.0027006256859749556,0.03189585408366534,753.8455613762017,1217.9064936574296,1534.4248007968129,3.312364339828491,-424.30242919921875,149.05447387695312,-424.30242919921875,149.05447387695312,-2.02028489112854,29.83546257019043,2.307781457901001,21.71072769165039,1.3737441301345825,10.025091171264648,9.2041597366333,4.545588970184326,3.716064691543579,10.24255084991455,2.5231733322143555
sonyc_ust,non_emergency,urban_noise,/kaggle/input/datasets/jeancdevx/sonyc-ust/sonyc_ust/audio-7/38_018534.wav,4.0,0.011056873016059399,0.001746433088555932,0.10465559636454183,1701.8049236786007,1895.0712517351085,3789.902888446215,2.359679937362671,-360.6158447265625,84.03759002685547,-360.6158447265625,84.03759002685547,-0.7955684065818787,35.683475494384766,8.185778617858887,12.530672073364258,0.8633196353912354,6.434635162353516,5.763340473175049,4.9342122077941895,-0.37436047196388245,12.178922653198242,-7.7845892906188965
sonyc_ust,non_emergency,urban_noise,/kaggle/input/datasets/jeancdevx/sonyc-ust/sonyc_ust/audio-12/37_017080.wav,4.0,0.012251002714037895,0.002829067874699831,0.028580988545816734,993.4454650512499,1580.207302143629,2396.4143426294822,2.2238388061523438,-456.94940185546875,106.88721466064453,-456.94940185546875,106.88721466064453,4.621728897094727,28.62204360961914,0.19976824522018433,18.007583618164062,7.545269966125488,10.583419799804688,8.785920143127441,13.775057792663574,1.258087396621704,11.678953170776367,-1.2389671802520752
sonyc_ust,non_emergency,urban_noise,/kaggle/input/datasets/jeancdevx/sonyc-ust/sonyc_ust/audio-6/31_000328.wav,4.0,0.006206776015460491,0.0010064621455967426,0.04925610059760956,1061.096345135563,1494.799527637454,2249.6264940239043,1.4787324666976929,-478.9954833984375,123.6826400756836,-478.9954833984375,123.6826400756836,-5.422868251800537,28.905677795410156,9.676441192626953,9.656684875488281,3.7699849605560303,3.920677423477173,8.968360900878906,10.442489624023438,4.804339408874512,13.023307800292969,0.8012640476226807
sonyc_ust,non_emergency,urban_noise,/kaggle/input/datasets/jeancdevx/sonyc-ust/sonyc_ust/audio-5/05_012721.wav,4.0,0.013313076458871365,0.0028829535003751516,0.050357165089641436,1117.7212943446027,1597.5240546413836,2557.582171314741,2.626563310623169,-398.0841064453125,116.2841567993164,-398.0841064453125,116.2841567993164,6.94616174697876,35.896873474121094,8.42667007446289,16.071443557739258,2.0143308639526367,4.607944011688232,-4.017457962036133,5.7046403884887695,4.876911163330078,6.749592304229736,-5.4206953048706055
sonyc_ust,non_emergency,urban_noise,/kaggle/input/datasets/jeancdevx/sonyc-ust/sonyc_ust/audio-7/38_007788.wav,4.0,0.011218131519854069,0.0022994549944996834,0.0391597671812749,898.9214895102482,1453.2262619219673,2083.4163346613545,2.1921651363372803,-498.6743469238281,120.11778259277344,-498.6743469238281,120.11778259277344,5.0168890953063965,42.29812240600586,10.987482070922852,19.802547454833984,20.3100643157959,3.0556864738464355,9.426616668701172,14.090723991394043,2.445340633392334,10.174273490905762,2.420657157897949
sonyc_ust,non_emergency,urban_noise,/kaggle/input/datasets/jeancdevx/sonyc-ust/sonyc_ust/audio-8/40_008706.wav,4.0,0.007964951917529106,0.0011111003113910556,0.08663393301792828,1232.1171481637293,1385.9976682276388,2608.6279880478087,1.6939475536346436,-415.1053161621094,127.28581237792969,-415.1053161621094,127.28581237792969,-28.043533325195312,31.776323318481445,-11.996013641357422,7.512402057647705,1.6781080961227417,1.2054879665374756,7.399280071258545,7.48521089553833,1.7096688747406006,10.213075637817383,-3.158043146133423
sonyc_ust,non_emergency,urban_noise,/kaggle/input/datasets/jeancdevx/sonyc-ust/sonyc_ust/audio-11/25_003773.wav,4.0,0.025987781584262848,0.011417900212109089,0.01524371264940239,683.3629675642012,1274.7561020800563,1403.8844621513945,5.1866044998168945,-424.70953369140625,132.9030303955078,-424.70953369140625,132.9030303955078,6.256640434265137,32.347225189208984,10.427423477172852,16.729881286621094,8.124382972717285,8.726374626159668,4.205352306365967,9.298468589782715,0.20039674639701843,9.58120059967041,-2.2022383213043213
sonyc_ust,non_emergency,urban_noise,/kaggle/input/datasets/jeancdevx/sonyc-ust/sonyc_ust/audio-2/40_001233.wav,4.0,0.026521582156419754,0.029886960983276367,0.04456393177290836,938.3071369237175,1370.1659911644547,1931.3371513944223,5.3715033531188965,-425.06134033203125,127.5379409790039,-425.06134033203125,127.5379409790039,4.912109375,32.83003616333008,7.148169994354248,15.778458595275879,9.138219833374023,0.7159549593925476,8.675760269165039,7.985353469848633,-2.0022382736206055,-0.7320847511291504,-6.674887180328369
sonyc_ust,non_emergency,urban_noise,/kaggle/input/datasets/jeancdevx/sonyc-ust/sonyc_ust/audio-8/29_000346.wav,4.0,0.005998666863888502,0.0013958046911284328,0.10413035358565736,1896.0006276532006,2007.9815163949604,4166.957171314741,1.418699026107788,-449.8680419921875,61.87674331665039,-449.8680419921875,61.87674331665039,3.967287540435791,39.67023468017578,5.894773483276367,25.12058448791504,14.974000930786133,9.702722549438477,8.897138595581055,10.373394966125488,2.155338764190674,11.443589210510254,-4.477141857147217
sonyc_ust,non_emergency,urban_noise,/kaggle/input/datasets/jeancdevx/sonyc-ust/sonyc_ust/audio-14/18_008804.wav,4.0,0.012356281280517578,0.002935244934633374,0.03663082046812749,967.3322805832125,1463.7729862516003,2240.1643426294822,2.9067628383636475,-430.5266418457031,122.05548858642578,-430.5266418457031,122.05548858642578,-0.8959571123123169,36.58659362792969,4.878971099853516,18.884143829345703,9.005823135375977,7.391872882843018,5.895243167877197,8.9966402053833,0.8595360517501831,9.038538932800293,-3.4993231296539307
sonyc_ust,non_emergency,urban_noise,/kaggle/input/datasets/jeancdevx/sonyc-ust/sonyc_ust/audio-14/04_001029.wav,4.0,0.016422374173998833,0.007692658808082342,0.038159860557768925,1102.7292205738586,1495.1492353653591,2517.1190239043826,2.4219770431518555,-414.29522705078125,107.58296966552734,-414.29522705078125,107.58296966552734,-27.99315643310547,31.188793182373047,5.065132141113281,28.859453201293945,6.1540398597717285,8.241835594177246,0.1531812846660614,10.076833724975586,9.294986724853516,22.800594329833984,-2.6599690914154053
sonyc_ust,non_emergency,urban_noise,/kaggle/input/datasets/jeancdevx/sonyc-ust/sonyc_ust/audio-1/06_011737.wav,4.0,0.01688777282834053,0.0029840716160833836,0.04705397161354582,1017.7328244066632,1408.30727021009,2052.1040836653387,3.8941779136657715,-383.72418212890625,126.76972198486328,-383.72418212890625,126.76972198486328,-17.87788963317871,22.410232543945312,9.659506797790527,22.100065231323242,1.5023984909057617,9.861921310424805,11.569513320922852,12.697917938232422,-1.4769970178604126,10.831893920898438,2.8688135147094727
sonyc_ust,non_emergency,urban_noise,/kaggle/input/datasets/jeancdevx/sonyc-ust/sonyc_ust/audio-4/19_011298.wav,4.0,0.012953980825841427,0.002285582013428211,0.024818693974103585,926.2312216323805,1535.816047362489,2276.332171314741,2.6354286670684814,-458.33721923828125,108.80938720703125,-458.33721923828125,108.80938720703125,1.3333959579467773,34.49431610107422,6.4779486656188965,19.748199462890625,10.674100875854492,7.241343975067139,9.894780158996582,9.81824016571045,3.9388256072998047,10.360830307006836,-0.5640174746513367
sonyc_ust,non_emergency,urban_noise,/kaggle/input/datasets/jeancdevx/sonyc-ust/sonyc_ust/audio-13/11_001805.wav,4.0,0.013450860045850277,0.011587527580559254,0.00789031374501992,494.25112152471297,1069.496254818526,909.2380478087649,1.0372785329818726,-572.6891479492188,144.001708984375,-572.6891479492188,144.001708984375,4.738436698913574,4.793396472930908,15.490520477294922,28.0275936126709,20.441923141479492,10.545125961303711,8.193798065185547,10.510652542114258,2.3905222415924072,0.6439890265464783,-1.026571273803711
sonyc_ust,non_emergency,urban_noise,/kaggle/input/datasets/jeancdevx/sonyc-ust/sonyc_ust/audio-18/37_005425.wav,4.0,0.03268120437860489,0.01459514070302248,0.19958836528884463,2316.4811356206865,1936.0787227298088,4309.760956175299,5.50789737701416,-263.0326843261719,45.33761978149414,-263.0326843261719,45.33761978149414,-7.404595375061035,37.34796142578125,-13.951151847839355,9.317706108093262,4.883476257324219,-0.5883339643478394,7.544179439544678,9.768888473510742,0.09405792504549026,12.472177505493164,-7.788893222808838
sonyc_ust,non_emergency,urban_noise,/kaggle/input/datasets/jeancdevx/sonyc-ust/sonyc_ust/audio-14/19_020288.wav,4.0,0.03511832654476166,0.00711708702147007,0.07563106947211155,1437.3309666741327,1779.9643028899384,3320.46812749004,7.273458480834961,-269.6121520996094,99.56117248535156,-269.6121520996094,99.56117248535156,0.1530400663614273,26.832576751708984,0.6385506987571716,15.578866004943848,6.702070236206055,2.6743814945220947,0.9083654880523682,14.262523651123047,1.0167410373687744,6.9235005378723145,-7.888999938964844
sonyc_ust,non_emergency,urban_noise,/kaggle/input/datasets/jeancdevx/sonyc-ust/sonyc_ust/audio-9/06_003763.wav,4.0,0.012474162504076958,0.0014875337947160006,0.03088816608565737,613.3629832274282,1021.2410380390702,1071.0283864541832,2.7368083000183105,-465.8382568359375,169.197998046875,-465.8382568359375,169.197998046875,1.9784598350524902,37.43688201904297,-2.972487449645996,5.190500736236572,8.75300121307373,7.0710768699646,1.3949896097183228,3.7595934867858887,-0.1497349888086319,8.459260940551758,3.4491524696350098
sonyc_ust,non_emergency,urban_noise,/kaggle/input/datasets/jeancdevx/sonyc-ust/sonyc_ust/audio-6/49_026910.wav,4.0,0.01825544983148575,0.008831867016851902,0.01674551792828685,626.2236381074307,1104.4766932325526,1301.668326693227,3.3463447093963623,-460.1242370605469,151.1068572998047,-460.1242370605469,151.1068572998047,-6.076035022735596,37.70058059692383,1.6206525564193726,12.433236122131348,6.795509338378906,1.665106177330017,9.770198822021484,6.395063877105713,2.5577218532562256,8.492673873901367,-0.7187175750732422
sonyc_ust,non_emergency,urban_noise,/kaggle/input/datasets/jeancdevx/sonyc-ust/sonyc_ust/audio-5/01_013324.wav,4.0,0.0210768673568964,0.0062835803255438805,0.012559138446215139,378.1423998048959,867.3425926681526,619.2106573705179,3.9776854515075684,-511.43756103515625,162.04913330078125,-511.43756103515625,162.04913330078125,1.9480417966842651,38.988624572753906,34.85929870605469,15.309309959411621,19.919633865356445,15.50589656829834,6.499536037445068,9.519326210021973,3.3526620864868164,7.842441558837891,-0.48761680722236633
sonyc_ust,non_emergency,urban_noise,/kaggle/input/datasets/jeancdevx/sonyc-ust/sonyc_ust/audio-5/06_017737.wav,4.0,0.018004966899752617,0.003383863950148225,0.03848667828685259,837.4338637440507,1275.696992763038,1781.8725099601593,3.5788369178771973,-400.19024658203125,143.6759796142578,-400.19024658203125,143.6759796142578,-0.5696804523468018,36.664817810058594,-4.388819217681885,7.411177635192871,6.033263206481934,4.400339603424072,5.159552097320557,11.408008575439453,4.602402210235596,9.960258483886719,1.545456886291504
sonyc_ust,non_emergency,urban_noise,/kaggle/input/datasets/jeancdevx/sonyc-ust/sonyc_ust/audio-10/16_009552.wav,4.0,0.009680352173745632,0.0010419583413749933,0.02181897410358566,780.3544497408508,1403.1083254601276,1627.1787848605577,1.8269680738449097,-498.15594482421875,127.22981262207031,-498.15594482421875,127.22981262207031,-0.17868758738040924,19.000904083251953,19.101511001586914,22.31641387939453,8.78316593170166,10.591400146484375,9.556354522705078,13.339789390563965,2.187155246734619,6.3572611808776855,0.4205206632614136
sonyc_ust,non_emergency,urban_noise,/kaggle/input/datasets/jeancdevx/sonyc-ust/sonyc_ust/audio-9/40_000394.wav,4.0,0.14228741824626923,0.026564814150333405,0.08683624875498008,1779.59819638646,2066.11343909066,4328.8097609561755,29.089574813842773,-123.052734375,80.42890930175781,-123.052734375,80.42890930175781,14.799561500549316,22.522396087646484,2.7533602714538574,15.01346492767334,3.383887529373169,12.011616706848145,3.6223247051239014,6.929605960845947,2.3828928470611572,1.022053837776184,-3.6126067638397217
sonyc_ust,non_emergency,urban_noise,/kaggle/input/datasets/jeancdevx/sonyc-ust/sonyc_ust/audio-7/12_010501.wav,4.0,0.020577874034643173,0.0040153684094548225,0.03730001867529881,967.3586464583873,1423.2179916538814,2302.9755976095616,4.433714866638184,-381.890625,124.28408813476562,-381.890625,124.28408813476562,-5.132978916168213,42.616939544677734,3.4940850734710693,19.69915008544922,8.180814743041992,9.46963119506836,2.1187686920166016,10.706914901733398,4.468849182128906,7.678439617156982,0.5653993487358093
sonyc_ust,non_emergency,urban_noise,/kaggle/input/datasets/jeancdevx/sonyc-ust/sonyc_ust/audio-9/29_013514.wav,4.0,0.023124372586607933,0.007179650478065014,0.03494226220119522,714.3023027692533,1201.619557810734,1368.214641434263,4.012785911560059,-416.3311767578125,140.14047241210938,-416.3311767578125,140.14047241210938,4.787237167358398,36.10816955566406,3.9772157669067383,19.45538330078125,5.487461090087891,5.792357921600342,4.051758766174316,7.44008207321167,1.0920332670211792,8.269203186035156,-5.344921112060547
sonyc_ust,non_emergency,urban_noise,/kaggle/input/datasets/jeancdevx/sonyc-ust/sonyc_ust/audio-12/40_002234.wav,4.0,0.14799486100673676,0.014181121252477169,0.06418466757968128,1403.7721966093063,1861.549559510625,3393.550796812749,30.873903274536133,-125.41922760009766,105.45872497558594,-125.41922760009766,105.45872497558594,18.577611923217773,20.444190979003906,2.368675708770752,7.681225776672363,0.6542454361915588,6.545644760131836,1.1887940168380737,5.902090549468994,1.144744634628296,5.6924238204956055,-2.628917694091797
sonyc_ust,non_emergency,urban_noise,/kaggle/input/datasets/jeancdevx/sonyc-ust/sonyc_ust/audio-0/32_018045.wav,4.0,0.0069695427082479,0.0007991621969267726,0.06877567853585657,1332.832680228856,1574.3787336823866,2967.1937250996016,1.4324666261672974,-451.59423828125,104.90762329101562,-451.59423828125,104.90762329101562,-22.19920539855957,39.6655158996582,5.39503288269043,11.074270248413086,11.76265811920166,8.565914154052734,7.51629114151001,12.848980903625488,3.238114356994629,8.261167526245117,-2.5906777381896973
sonyc_ust,non_emergency,urban_noise,/kaggle/input/datasets/jeancdevx/sonyc-ust/sonyc_ust/audio-3/34_013294.wav,4.0,0.030044494196772575,0.011197304353117943,0.0452175672310757,1215.3018387983093,1590.8729389583978,2732.5074701195217,4.686027526855469,-327.0096740722656,105.02470397949219,-327.0096740722656,105.02470397949219,-13.730721473693848,36.21316146850586,3.2068421840667725,12.365494728088379,11.000200271606445,16.873491287231445,1.1036531925201416,5.044958114624023,-2.1118972301483154,4.447558879852295,-2.206059694290161
sonyc_ust,non_emergency,urban_noise,/kaggle/input/datasets/jeancdevx/sonyc-ust/sonyc_ust/audio-6/16_007993.wav,4.0,0.013324794359505177,0.003382998751476407,0.05061395044820717,1102.911521678295,1591.9608287628735,2402.9506972111553,2.035461664199829,-451.3898010253906,102.9486083984375,-451.3898010253906,102.9486083984375,11.138995170593262,32.856666564941406,9.516449928283691,15.6909818649292,10.85023021697998,9.276079177856445,3.763862133026123,10.406210899353027,1.8997262716293335,6.200804233551025,1.212183952331543
sonyc_ust,non_emergency,urban_noise,/kaggle/input/datasets/jeancdevx/sonyc-ust/sonyc_ust/audio-7/27_012837.wav,4.0,0.006022571120411158,0.0012543912744149566,0.04359904133466135,1001.5407739070856,1500.2751127552776,2170.1319721115538,1.4485976696014404,-495.46112060546875,125.7181396484375,-495.46112060546875,125.7181396484375,-2.1620843410491943,28.640628814697266,8.804617881774902,11.815803527832031,7.165626525878906,8.030903816223145,8.075822830200195,5.152459621429443,0.8415558934211731,10.250688552856445,-1.857066035270691
sonyc_ust,non_emergency,urban_noise,/kaggle/input/datasets/jeancdevx/sonyc-ust/sonyc_ust/audio-14/08_001735.wav,4.0,0.01216250192373991,0.0012517862487584352,0.08307395418326693,1347.1703254306638,1595.2638392069073,3081.6733067729083,2.6614058017730713,-365.1927185058594,111.82505798339844,-365.1927185058594,111.82505798339844,-5.360928535461426,45.57481002807617,-3.3838021755218506,8.169583320617676,-1.8872565031051636,6.194166660308838,2.0807347297668457,1.6408122777938843,5.57106351852417,9.304329872131348,-11.676180839538574
sonyc_ust,non_emergency,urban_noise,/kaggle/input/datasets/jeancdevx/sonyc-ust/sonyc_ust/audio-9/02_008069.wav,4.0,0.020860986784100533,0.005401535890996456,0.113285140687251,1356.5135712339543,1356.774402412617,2757.781374501992,4.496484279632568,-323.96295166015625,124.166259765625,-323.96295166015625,124.166259765625,-33.704864501953125,36.33720397949219,-18.72055435180664,5.660693168640137,-1.9553889036178589,4.724423408508301,6.94827127456665,4.89622163772583,5.244419574737549,5.938666343688965,0.14247669279575348
sonyc_ust,non_emergency,urban_noise,/kaggle/input/datasets/jeancdevx/sonyc-ust/sonyc_ust/audio-0/13_008743.wav,4.0,0.041561711579561234,0.008804469369351864,0.3315526954681275,3376.7864070492415,2337.511793928259,6252.801294820717,8.704763412475586,-192.57554626464844,10.027603149414062,-192.57554626464844,10.027603149414062,11.006654739379883,23.795856475830078,7.556321620941162,8.008996963500977,7.2093892097473145,9.991796493530273,6.638619899749756,9.422329902648926,-0.6004260778427124,7.773116588592529,-6.568100452423096
sonyc_ust,non_emergency,urban_noise,/kaggle/input/datasets/jeancdevx/sonyc-ust/sonyc_ust/audio-1/02_005924.wav,4.0,0.12290731072425842,0.04437539353966713,0.14486973979083664,1433.5829569153657,1237.5832479955216,2412.910856573705,20.773605346679688,-326.7073059082031,88.33704376220703,-326.7073059082031,88.33704376220703,-30.299705505371094,16.218454360961914,7.293136119842529,32.60713577270508,18.359312057495117,4.59445333480835,13.922797203063965,20.000104904174805,-15.691472053527832,-3.4235002994537354,7.073164463043213
sonyc_ust,non_emergency,urban_noise,/kaggle/input/datasets/jeancdevx/sonyc-ust/sonyc_ust/audio-15/06_013129.wav,4.0,0.020965682342648506,0.004940871149301529,0.036537443974103585,764.483496897634,1153.446320219513,1510.893924302789,4.140544891357422,-402.0555419921875,153.1434326171875,-402.0555419921875,153.1434326171875,-13.998578071594238,26.78957176208496,5.471102714538574,21.71613311767578,5.4220194816589355,4.681940078735352,7.088184356689453,10.65320110321045,7.915552139282227,7.630889415740967,0.577145516872406
sonyc_ust,non_emergency,urban_noise,/kaggle/input/datasets/jeancdevx/sonyc-ust/sonyc_ust/audio-10/29_009436.wav,4.0,0.04719410091638565,0.007417288143187761,0.02077237923306773,692.0137877316175,1301.9700672982606,1450.7594621513945,10.882408142089844,-354.3251647949219,128.1831512451172,-354.3251647949219,128.1831512451172,11.941593170166016,40.09078598022461,11.103204727172852,28.602497100830078,10.883430480957031,13.88489818572998,7.9977126121521,11.716804504394531,4.944583892822266,8.524595260620117,1.8573145866394043
sonyc_ust,non_emergency,urban_noise,/kaggle/input/datasets/jeancdevx/sonyc-ust/sonyc_ust/audio-6/06_018200.wav,4.0,0.014785423874855042,0.01325412280857563,0.02163222111553785,619.731881878644,1055.319960487282,1215.6374501992032,2.38388729095459,-487.2314453125,159.1231231689453,-487.2314453125,159.1231231689453,-6.557194232940674,21.687702178955078,3.916624069213867,10.464298248291016,6.683871746063232,3.7720890045166016,12.685343742370605,5.060378551483154,5.625823020935059,9.407395362854004,1.0011669397354126
sonyc_ust,non_emergency,urban_noise,/kaggle/input/datasets/jeancdevx/sonyc-ust/sonyc_ust/audio-9/01_012783.wav,4.0,0.021872859448194504,0.006496672052890062,0.013006567480079681,307.4623143266269,776.2258594232345,345.8042828685259,3.205120086669922,-530.3468627929688,168.13638305664062,-530.3468627929688,168.13638305664062,36.57704544067383,45.0297966003418,28.675466537475586,24.838058471679688,17.278165817260742,8.576006889343262,5.170958995819092,1.702101469039917,-2.4269063472747803,6.4715256690979,-1.9659119844436646
sonyc_ust,non_emergency,urban_noise,/kaggle/input/datasets/jeancdevx/sonyc-ust/sonyc_ust/audio-10/33_000430.wav,4.0,0.01664569042623043,0.0017579287523403764,0.028616004731075697,959.1765488310986,1420.8443586602896,2142.0567729083664,3.4381027221679688,-413.0003356933594,118.69378662109375,-413.0003356933594,118.69378662109375,-21.55107879638672,24.226442337036133,4.520956039428711,22.794635772705078,12.008307456970215,9.513917922973633,7.871758937835693,9.017350196838379,-0.4905335605144501,9.075478553771973,-1.2691237926483154
sonyc_ust,non_emergency,urban_noise,/kaggle/input/datasets/jeancdevx/sonyc-ust/sonyc_ust/audio-13/41_013035.wav,4.0,0.019049113616347313,0.003947149962186813,0.03224601593625498,917.6412801534614,1435.4605032818238,2081.5488047808767,3.988973617553711,-402.7355041503906,123.23355102539062,-402.7355041503906,123.23355102539062,-2.183136463165283,34.16638946533203,7.729176044464111,21.41438865661621,10.438003540039062,8.608957290649414,5.933144569396973,7.852554798126221,3.0446834564208984,9.663708686828613,-0.8579688668251038
sonyc_ust,non_emergency,urban_noise,/kaggle/input/datasets/jeancdevx/sonyc-ust/sonyc_ust/audio-13/16_009393.wav,4.0,0.03528131917119026,0.01033168938010931,0.03579043202191235,927.4465552334731,1512.1450749444557,2194.347609561753,5.21751070022583,-350.78790283203125,108.24040222167969,-350.78790283203125,108.24040222167969,2.175018072128296,43.73811721801758,27.80756378173828,30.622983932495117,11.594677925109863,7.93416166305542,1.6262527704238892,9.201996803283691,-1.1354295015335083,3.1126866340637207,-10.515739440917969
sonyc_ust,non_emergency,urban_noise,/kaggle/input/datasets/jeancdevx/sonyc-ust/sonyc_ust/audio-7/04_026982.wav,4.0,0.04613104462623596,0.021956954151391983,0.01248910607569721,694.4162095254343,1255.6097591150763,1643.550796812749,6.699132919311523,-395.4112854003906,122.61077880859375,-395.4112854003906,122.61077880859375,-6.761816024780273,47.012752532958984,3.426846742630005,15.027458190917969,8.781649589538574,7.662942886352539,7.396603107452393,9.786909103393555,3.1172192096710205,11.192841529846191,-6.304643630981445
sonyc_ust,non_emergency,urban_noise,/kaggle/input/datasets/jeancdevx/sonyc-ust/sonyc_ust/audio-6/06_019876.wav,4.0,0.03670861944556236,0.016134675592184067,0.01750809262948207,740.8446235119052,1157.9208850790649,1742.9033864541832,4.373971462249756,-390.3822021484375,141.4188995361328,-390.3822021484375,141.4188995361328,-25.156658172607422,39.5001220703125,2.0301482677459717,6.894540786743164,10.300331115722656,5.547511100769043,3.663347005844116,11.016645431518555,10.953859329223633,7.526678085327148,1.3696321249008179
sonyc_ust,non_emergency,urban_noise,/kaggle/input/datasets/jeancdevx/sonyc-ust/sonyc_ust/audio-5/15_003642.wav,4.0,0.009003573097288609,0.0008637836435809731,0.024869272908366533,1153.028182204286,1668.0812855073743,2827.253486055777,1.2073168754577637,-460.2716979980469,104.76429748535156,-460.2716979980469,104.76429748535156,6.387956142425537,36.28804397583008,1.14824640750885,10.596142768859863,8.798371315002441,9.914360046386719,1.9192864894866943,8.02778434753418,-2.4834675788879395,10.391971588134766,-4.699667930603027
sonyc_ust,non_emergency,urban_noise,/kaggle/input/datasets/jeancdevx/sonyc-ust/sonyc_ust/audio-16/06_009029.wav,4.0,0.015154175460338593,0.00871121883392334,0.02247260956175299,851.9317458475158,1433.4961735316954,1840.0149402390439,2.406479597091675,-471.8267517089844,119.24365997314453,-471.8267517089844,119.24365997314453,2.471235990524292,21.929061889648438,-0.8067207932472229,7.854400157928467,7.524930477142334,7.305387020111084,9.063523292541504,10.517699241638184,5.916186809539795,12.859614372253418,3.74629807472229
sonyc_ust,non_emergency,urban_noise,/kaggle/input/datasets/jeancdevx/sonyc-ust/sonyc_ust/audio-6/31_019309.wav,4.0,0.007475614082068205,0.0014424901455640793,0.04997587773904383,1171.5407576865398,1598.8927807614427,2685.8192231075695,1.765933871269226,-452.45458984375,112.75924682617188,-452.45458984375,112.75924682617188,-0.7759212255477905,36.84941482543945,6.869969367980957,12.203587532043457,5.112875461578369,6.018596172332764,5.651209831237793,8.551251411437988,3.354321002960205,10.810389518737793,-1.003584861755371
sonyc_ust,non_emergency,urban_noise,/kaggle/input/datasets/jeancdevx/sonyc-ust/sonyc_ust/audio-18/18_007474.wav,4.0,0.005583996884524822,0.0008903348934836686,0.06329759088645419,1321.4043699295153,1705.2150286991744,2974.72609561753,1.2545439004898071,-459.2749328613281,106.21110534667969,-459.2749328613281,106.21110534667969,-4.543421268463135,29.722183227539062,5.256155967712402,10.92438793182373,12.130125999450684,7.461622714996338,1.6069508790969849,8.93561840057373,0.2015404850244522,7.899144649505615,-2.3137331008911133
sonyc_ust,non_emergency,urban_noise,/kaggle/input/datasets/jeancdevx/sonyc-ust/sonyc_ust/audio-16/16_009708.wav,4.0,0.017170947045087814,0.0031386869959533215,0.062239323954183266,1544.480193694942,1872.6320253175106,3713.7699203187253,3.6218597888946533,-367.75140380859375,72.99024963378906,-367.75140380859375,72.99024963378906,-7.441521167755127,37.49241256713867,12.012922286987305,31.616003036499023,9.54086971282959,12.487874984741211,9.685455322265625,9.802438735961914,-2.029683828353882,7.92151403427124,-0.45784905552864075
sonyc_ust,non_emergency,urban_noise,/kaggle/input/datasets/jeancdevx/sonyc-ust/sonyc_ust/audio-3/41_007981.wav,4.0,0.008603348396718502,0.0013813101686537266,0.13807659985059761,2195.9756022953356,2252.8076203936735,5324.576693227092,1.6609444618225098,-374.6426086425781,60.5115966796875,-374.6426086425781,60.5115966796875,7.0547614097595215,19.876840591430664,18.30855369567871,13.809683799743652,1.8492448329925537,-2.910033941268921,3.965733766555786,10.197574615478516,-0.46066558361053467,15.218775749206543,-0.4583350718021393
sonyc_ust,non_emergency,urban_noise,/kaggle/input/datasets/jeancdevx/sonyc-ust/sonyc_ust/audio-9/36_005957.wav,4.0,0.015903158113360405,0.01126796007156372,0.01771429905378486,624.2319604861049,1151.5931042933344,1294.5094621513945,2.5007803440093994,-483.4844970703125,143.57960510253906,-483.4844970703125,143.57960510253906,4.935804843902588,34.1312141418457,4.468768119812012,20.050491333007812,9.279297828674316,8.227533340454102,7.894621849060059,9.106776237487793,8.398749351501465,15.491125106811523,-0.730078935623169
sonyc_ust,non_emergency,urban_noise,/kaggle/input/datasets/jeancdevx/sonyc-ust/sonyc_ust/audio-14/18_027170.wav,4.0,0.007596069015562534,0.002322936663404107,0.08429173929282868,1407.3650638092122,1645.413586348565,3010.9561752988047,1.6436854600906372,-406.626953125,109.01591491699219,-406.626953125,109.01591491699219,-15.452574729919434,23.001245498657227,0.08937431126832962,9.53586196899414,6.2992143630981445,8.8196382522583,3.834486722946167,5.324459552764893,-0.4540400207042694,14.621381759643555,-2.0551469326019287
sonyc_ust,non_emergency,urban_noise,/kaggle/input/datasets/jeancdevx/sonyc-ust/sonyc_ust/audio-11/34_017462.wav,4.0,0.013897692784667015,0.007345716468989849,0.03316810881474103,814.9045209743833,1312.7354584964803,1747.074203187251,2.559370756149292,-458.03363037109375,130.155029296875,-458.03363037109375,130.155029296875,-4.602922439575195,32.70028305053711,10.584455490112305,17.061330795288086,12.638116836547852,8.021462440490723,6.450652122497559,11.177788734436035,2.3344321250915527,8.002921104431152,-0.024430841207504272
sonyc_ust,non_emergency,urban_noise,/kaggle/input/datasets/jeancdevx/sonyc-ust/sonyc_ust/audio-2/16_018036.wav,4.0,0.012155472300946712,0.0028467336669564247,0.04098060881474103,1006.9056631534755,1377.8654174214894,2284.300298804781,2.2459394931793213,-430.0117492675781,119.3536605834961,-430.0117492675781,119.3536605834961,-27.791383743286133,39.93861770629883,9.958661079406738,21.503890991210938,4.448320388793945,9.4566068649292,3.977013111114502,15.206107139587402,6.0311360359191895,7.54604434967041,-1.5468599796295166
sonyc_ust,non_emergency,urban_noise,/kaggle/input/datasets/jeancdevx/sonyc-ust/sonyc_ust/audio-15/23_007597.wav,4.0,0.019220475107431412,0.004812680650502443,0.02561628486055777,710.3861315604886,1208.902102233901,1564.367529880478,4.539495944976807,-424.9134216308594,142.18869018554688,-424.9134216308594,142.18869018554688,-4.523630142211914,44.12040328979492,15.460445404052734,16.354074478149414,12.177434921264648,9.54145336151123,4.407468795776367,3.62581467628479,4.209076881408691,7.754054069519043,-4.789427280426025
sonyc_ust,non_emergency,urban_noise,/kaggle/input/datasets/jeancdevx/sonyc-ust/sonyc_ust/audio-1/27_008808.wav,4.0,0.02347636967897415,0.0025301105342805386,0.21691359561752988,2609.8942589063868,2245.0080189388955,5639.379980079681,4.701456069946289,-259.8829040527344,49.60393524169922,-259.8829040527344,49.60393524169922,23.694128036499023,40.634010314941406,-0.959531843662262,4.58477258682251,-2.3272602558135986,-2.89910888671875,-0.9321631789207458,16.180204391479492,-10.109335899353027,12.527090072631836,-8.788705825805664
sonyc_ust,non_emergency,urban_noise,/kaggle/input/datasets/jeancdevx/sonyc-ust/sonyc_ust/audio-14/36_020815.wav,4.0,0.013731983490288258,0.0020359924528747797,0.04015578311752988,863.123559352263,1365.3392045767957,1903.324203187251,3.07428240776062,-430.4730529785156,134.8312530517578,-430.4730529785156,134.8312530517578,7.005035400390625,38.90947723388672,0.4080919921398163,19.151527404785156,-1.4645541906356812,17.876001358032227,0.5100291967391968,11.432866096496582,2.7564010620117188,15.091115951538086,2.783159017562866
sonyc_ust,non_emergency,urban_noise,/kaggle/input/datasets/jeancdevx/sonyc-ust/sonyc_ust/audio-8/31_027790.wav,4.0,0.006308550015091896,0.0008305564988404512,0.046929469621513946,930.2798298349242,1316.9505305128416,1959.7236055776893,1.387861967086792,-479.0290832519531,141.03570556640625,-479.0290832519531,141.03570556640625,-9.049947738647461,32.61907196044922,3.585033416748047,13.929048538208008,1.6165657043457031,4.342565059661865,4.669661998748779,6.415207386016846,1.7215534448623657,9.395427703857422,-1.5710666179656982
sonyc_ust,non_emergency,urban_noise,/kaggle/input/datasets/jeancdevx/sonyc-ust/sonyc_ust/audio-15/00_001651.wav,4.0,0.028013726696372032,0.007926324382424355,0.03338598730079681,1057.9305650588603,1522.1438685892585,2410.358565737052,4.203822135925293,-355.6155700683594,117.0625991821289,-355.6155700683594,117.0625991821289,-1.6944918632507324,33.612342834472656,5.536187648773193,15.344158172607422,7.747787952423096,12.220145225524902,9.536208152770996,13.446077346801758,4.534445285797119,8.302115440368652,-4.662347316741943
sonyc_ust,non_emergency,urban_noise,/kaggle/input/datasets/jeancdevx/sonyc-ust/sonyc_ust/audio-11/20_016347.wav,4.0,0.032857924699783325,0.016120783984661102,0.06491611678286853,1268.7037907729587,1589.4043169392548,2852.216135458167,6.779648303985596,-300.8441467285156,108.556396484375,-300.8441467285156,108.556396484375,-8.778791427612305,36.718719482421875,12.172378540039062,21.320585250854492,-1.9297256469726562,-9.694069862365723,0.296750009059906,9.466680526733398,-4.981869697570801,3.0386383533477783,-0.7774822115898132
sonyc_ust,non_emergency,urban_noise,/kaggle/input/datasets/jeancdevx/sonyc-ust/sonyc_ust/audio-5/06_005326.wav,4.0,0.009742067195475101,0.001174291130155325,0.029456393177290836,710.4920949479106,1182.1676192797731,1380.789342629482,2.0270884037017822,-475.76416015625,151.228271484375,-475.76416015625,151.228271484375,3.5601325035095215,37.22611999511719,-2.828293800354004,10.746708869934082,6.603684425354004,7.566599369049072,2.304392099380493,6.211193561553955,-0.47205519676208496,7.427405834197998,-4.471860408782959
sonyc_ust,non_emergency,urban_noise,/kaggle/input/datasets/jeancdevx/sonyc-ust/sonyc_ust/audio-0/16_010530.wav,4.0,0.011024219915270805,0.001366440556012094,0.0319386516434263,1160.8765842927878,1686.478681627979,2968.563247011952,2.141793727874756,-451.4093322753906,90.03706359863281,-451.4093322753906,90.03706359863281,-7.301747798919678,36.68776321411133,10.452107429504395,30.54738426208496,11.42954158782959,11.17041301727295,6.8061347007751465,10.493583679199219,-1.017277479171753,8.148764610290527,-1.5811891555786133
sonyc_ust,non_emergency,urban_noise,/kaggle/input/datasets/jeancdevx/sonyc-ust/sonyc_ust/audio-17/05_012411.wav,4.0,0.014236344024538994,0.0035809078253805637,0.028370891434262947,727.1735967122228,1210.9955574968424,1537.163844621514,2.819720506668091,-447.9764099121094,143.71014404296875,-447.9764099121094,143.71014404296875,-3.493788719177246,39.836509704589844,7.118305683135986,16.182262420654297,5.539067268371582,3.7524259090423584,9.158073425292969,12.423258781433105,4.04326868057251,8.130419731140137,-1.164893388748169
sonyc_ust,non_emergency,urban_noise,/kaggle/input/datasets/jeancdevx/sonyc-ust/sonyc_ust/audio-17/16_005520.wav,4.0,0.013913358561694622,0.006791302468627691,0.015060850348605577,685.5357828645892,1268.9703841852122,1473.730079681275,1.8926929235458374,-506.0736083984375,123.21685791015625,-506.0736083984375,123.21685791015625,-10.457079887390137,26.665409088134766,18.14825439453125,27.44293212890625,14.902681350708008,8.153787612915039,5.525479316711426,8.238524436950684,-1.7098288536071777,3.9887855052948,4.2590556144714355
sonyc_ust,non_emergency,urban_noise,/kaggle/input/datasets/jeancdevx/sonyc-ust/sonyc_ust/audio-11/29_011308.wav,4.0,0.009630206972360611,0.0012123235501348972,0.031043793575697212,712.1690796938977,1185.0401049493137,1345.617529880478,2.1299047470092773,-476.42236328125,152.8998565673828,-476.42236328125,152.8998565673828,6.681521892547607,33.57244110107422,4.717807292938232,19.00308609008789,7.679662227630615,5.487398147583008,5.906038284301758,5.262124538421631,-4.085169792175293,6.488576412200928,-7.880837440490723
sonyc_ust,non_emergency,urban_noise,/kaggle/input/datasets/jeancdevx/sonyc-ust/sonyc_ust/audio-11/34_020635.wav,4.0,0.025630461052060127,0.014573119580745697,0.019134399900398405,682.597021839349,1153.701305678907,1496.5139442231075,3.444570541381836,-430.1363525390625,140.40505981445312,-430.1363525390625,140.40505981445312,-17.90666961669922,32.16701889038086,10.10301685333252,18.523710250854492,10.717162132263184,9.458634376525879,11.430392265319824,11.297896385192871,3.636542320251465,8.588705062866211,-0.7545796036720276
sonyc_ust,non_emergency,urban_noise,/kaggle/input/datasets/jeancdevx/sonyc-ust/sonyc_ust/audio-12/40_001715.wav,4.0,0.1766805797815323,0.08338797837495804,0.03700432644422311,1187.7321733222034,1775.628241115378,3037.22609561753,33.93358612060547,-176.28260803222656,100.76300811767578,-176.28260803222656,100.76300811767578,22.251480102539062,26.99148178100586,-4.5260772705078125,15.855269432067871,6.74392032623291,6.197869777679443,6.815358638763428,8.856783866882324,-0.6132952570915222,8.393960952758789,-0.5683315396308899
sonyc_ust,non_emergency,urban_noise,/kaggle/input/datasets/jeancdevx/sonyc-ust/sonyc_ust/audio-15/13_000314.wav,4.0,0.006714497692883015,0.0013117651687934995,0.024791459163346612,651.5232942089748,1185.6306854750692,1330.9262948207172,1.2465081214904785,-553.3046264648438,143.45513916015625,-553.3046264648438,143.45513916015625,0.7634766101837158,25.11837387084961,19.774127960205078,13.164488792419434,7.2182793617248535,9.82730770111084,6.092826843261719,5.615865707397461,0.3073815405368805,11.009819984436035,0.8082920908927917
sonyc_ust,non_emergency,urban_noise,/kaggle/input/datasets/jeancdevx/sonyc-ust/sonyc_ust/audio-11/01_016915.wav,4.0,0.01603604480624199,0.0026472534518688917,0.022110775647410357,664.8609240341666,1193.2432258752744,1429.9053784860557,3.1126151084899902,-459.0535888671875,137.12646484375,-459.0535888671875,137.12646484375,-5.288049697875977,40.3488655090332,9.487841606140137,24.783716201782227,18.27067756652832,12.164311408996582,6.7877373695373535,7.762824058532715,0.8474169969558716,9.06935977935791,-4.53334379196167
sonyc_ust,non_emergency,urban_noise,/kaggle/input/datasets/jeancdevx/sonyc-ust/sonyc_ust/audio-18/27_013639.wav,4.0,0.013793832622468472,0.005577488336712122,0.0510730515438247,940.8034520703786,1286.1958966704497,2063.6827689243028,3.04014253616333,-444.7232666015625,131.5040283203125,-444.7232666015625,131.5040283203125,-13.305649757385254,41.755985260009766,2.494185209274292,6.906044006347656,9.587740898132324,3.366987705230713,4.5713605880737305,10.02445125579834,1.992444634437561,12.46757984161377,-0.6185781955718994
sonyc_ust,non_emergency,urban_noise,/kaggle/input/datasets/jeancdevx/sonyc-ust/sonyc_ust/audio-4/10_016402.wav,4.0,0.016448089852929115,0.006377320270985365,0.031137170069721117,876.4390090168611,1379.8106694630915,2022.7216135458168,2.9361343383789062,-427.96197509765625,124.3331527709961,-427.96197509765625,124.3331527709961,-4.896257400512695,38.486289978027344,11.333964347839355,12.955266952514648,11.415647506713867,4.747250080108643,-0.33526134490966797,5.977873802185059,1.6181081533432007,4.657973289489746,-2.341367483139038
sonyc_ust,non_emergency,urban_noise,/kaggle/input/datasets/jeancdevx/sonyc-ust/sonyc_ust/audio-7/04_020289.wav,4.0,0.019481278955936432,0.010084176436066628,0.027262045567729085,862.808834192681,1367.9927835339352,1958.2295816733067,2.9180123805999756,-430.894775390625,122.21031188964844,-430.894775390625,122.21031188964844,-5.943914890289307,34.834678649902344,-1.4151877164840698,19.017507553100586,1.9970390796661377,7.456642150878906,12.575172424316406,5.244643688201904,3.5032267570495605,9.87000846862793,0.5964847803115845
sonyc_ust,non_emergency,urban_noise,/kaggle/input/datasets/jeancdevx/sonyc-ust/sonyc_ust/audio-5/03_016955.wav,4.0,0.035998061299324036,0.008300220593810081,0.022091322211155378,661.73039039989,1136.2200594853164,1394.4223107569721,7.426632881164551,-386.6527099609375,147.39952087402344,-386.6527099609375,147.39952087402344,-8.469463348388672,35.66392135620117,9.411324501037598,17.213106155395508,9.3040132522583,8.25501537322998,3.263917922973633,7.923240661621094,9.696491241455078,14.646679878234863,3.646432638168335
sonyc_ust,non_emergency,urban_noise,/kaggle/input/datasets/jeancdevx/sonyc-ust/sonyc_ust/audio-8/32_017661.wav,4.0,0.044537439942359924,0.009652495384216309,0.02960034860557769,651.5452001932941,1033.2914058812994,1222.4228087649403,5.142686367034912,-353.4664611816406,165.86912536621094,-353.4664611816406,165.86912536621094,1.9590908288955688,48.76331329345703,4.256749153137207,2.4932398796081543,7.218113899230957,3.1968917846679688,-3.802661895751953,5.156346797943115,2.1003565788269043,10.866053581237793,3.549069881439209
sonyc_ust,non_emergency,urban_noise,/kaggle/input/datasets/jeancdevx/sonyc-ust/sonyc_ust/audio-10/39_001762.wav,4.0,0.008625686168670654,0.001400262350216508,0.06917252863545817,1208.7275537496541,1531.2583137820004,2675.610059760956,1.913601040840149,-436.6478271484375,115.11882019042969,-436.6478271484375,115.11882019042969,-10.97195053100586,28.050926208496094,-5.547987937927246,11.251747131347656,8.312220573425293,7.043218612670898,3.0172717571258545,6.340862274169922,4.540463924407959,11.643034934997559,-0.8887175917625427
sonyc_ust,non_emergency,urban_noise,/kaggle/input/datasets/jeancdevx/sonyc-ust/sonyc_ust/audio-13/18_002368.wav,4.0,0.007673095446079969,0.0011418741196393967,0.055434511952191234,1110.2401896330045,1485.7994642630858,2486.989541832669,1.84785795211792,-438.8411865234375,124.16337585449219,-438.8411865234375,124.16337585449219,-8.343963623046875,30.21173667907715,-1.8919342756271362,15.126507759094238,6.687165260314941,6.20501184463501,2.7230210304260254,9.040639877319336,3.1505043506622314,8.149622917175293,-4.502368450164795
sonyc_ust,non_emergency,urban_noise,/kaggle/input/datasets/jeancdevx/sonyc-ust/sonyc_ust/audio-14/31_009211.wav,4.0,0.02073643170297146,0.01289281714707613,0.005287443974103585,513.3147207596932,1148.309531789247,960.1593625498008,2.7645723819732666,-528.4256591796875,128.25860595703125,-528.4256591796875,128.25860595703125,6.449860572814941,27.35898780822754,12.015969276428223,14.799406051635742,11.06020450592041,7.6354804039001465,9.729114532470703,8.93528938293457,5.536028861999512,12.400553703308105,2.398080348968506
sonyc_ust,non_emergency,urban_noise,/kaggle/input/datasets/jeancdevx/sonyc-ust/sonyc_ust/audio-1/22_002702.wav,4.0,0.04288493096828461,0.01027726661413908,0.06331315363545817,1248.0389868918644,1535.6884209636103,2677.602091633466,7.589602470397949,-260.5779724121094,119.74634552001953,-260.5779724121094,119.74634552001953,-10.395397186279297,28.70095443725586,-2.8223137855529785,5.36350679397583,1.4807863235473633,7.736215114593506,5.926521301269531,7.17814302444458,2.008884906768799,7.70943021774292,-6.176140308380127
sonyc_ust,non_emergency,urban_noise,/kaggle/input/datasets/jeancdevx/sonyc-ust/sonyc_ust/audio-10/09_012009.wav,4.0,0.024909010156989098,0.013238990679383278,0.007571277390438247,494.90238389330887,1119.765296398278,843.6877490039841,4.0590500831604,-486.92437744140625,137.29391479492188,-486.92437744140625,137.29391479492188,15.966296195983887,32.06547927856445,11.492940902709961,19.88025665283203,13.18704891204834,6.863979339599609,6.658036708831787,5.055168151855469,3.3419811725616455,10.022062301635742,-0.865638017654419
sonyc_ust,non_emergency,urban_noise,/kaggle/input/datasets/jeancdevx/sonyc-ust/sonyc_ust/audio-13/31_000246.wav,4.0,0.008845502510666847,0.0032133753411471844,0.018515780627490038,683.2978153443556,1256.448416686074,1476.0333665338646,1.5799835920333862,-522.8352661132812,131.9124298095703,-522.8352661132812,131.9124298095703,0.9923872351646423,37.48397445678711,11.228087425231934,19.427629470825195,11.443330764770508,9.580741882324219,9.79272747039795,11.031022071838379,5.055516242980957,11.658885955810547,-0.3178923726081848
sonyc_ust,non_emergency,urban_noise,/kaggle/input/datasets/jeancdevx/sonyc-ust/sonyc_ust/audio-16/17_027472.wav,4.0,0.016851305961608887,0.0077749863266944885,0.025199981324701196,808.3718145493174,1370.8704985716201,1798.4312749003984,3.2667953968048096,-438.85284423828125,125.1712646484375,-438.85284423828125,125.1712646484375,2.353943347930908,36.08535385131836,6.568898677825928,20.523916244506836,6.373452663421631,9.096173286437988,6.031968116760254,10.619097709655762,2.4869253635406494,9.218892097473145,-1.6554816961288452
sonyc_ust,non_emergency,urban_noise,/kaggle/input/datasets/jeancdevx/sonyc-ust/sonyc_ust/audio-2/28_013257.wav,4.0,0.052174489945173264,0.002716998104006052,0.11961917953187251,1674.2422148371495,1765.8459884550532,3550.8590637450197,10.129650115966797,-184.11451721191406,97.71649169921875,-184.11451721191406,97.71649169921875,-8.24111557006836,24.180177688598633,-7.286073207855225,4.50058650970459,-1.0420691967010498,-2.5366623401641846,-6.292240142822266,2.5262510776519775,2.090819835662842,7.6582136154174805,-7.654755592346191
sonyc_ust,non_emergency,urban_noise,/kaggle/input/datasets/jeancdevx/sonyc-ust/sonyc_ust/audio-6/01_005169.wav,4.0,0.021473558619618416,0.005225238390266895,0.025705770667330676,744.3175841529286,1274.6737758468505,1610.371015936255,5.3345537185668945,-442.3200378417969,125.88179016113281,-442.3200378417969,125.88179016113281,-9.942237854003906,30.567434310913086,13.363299369812012,21.628164291381836,12.693073272705078,11.865520477294922,11.024499893188477,13.859275817871094,5.718870639801025,8.335039138793945,-0.2545643746852875
sonyc_ust,non_emergency,urban_noise,/kaggle/input/datasets/jeancdevx/sonyc-ust/sonyc_ust/audio-4/00_027302.wav,4.0,0.010879662819206715,0.001896881964057684,0.03869288471115538,921.5038035229286,1350.1988782112178,2044.820717131474,2.382721185684204,-438.0617980957031,134.92581176757812,-438.0617980957031,134.92581176757812,-7.626897811889648,37.4649658203125,2.5526034832000732,14.776237487792969,6.066795825958252,5.37589168548584,6.808143615722656,8.36545181274414,1.8952821493148804,8.450057029724121,-1.130994439125061
sonyc_ust,non_emergency,urban_noise,/kaggle/input/datasets/jeancdevx/sonyc-ust/sonyc_ust/audio-13/01_004293.wav,4.0,0.01129316259175539,0.0019943886436522007,0.027125871513944223,787.6124456650485,1252.2990441650904,1709.6613545816733,2.2290778160095215,-475.89697265625,134.50746154785156,-475.89697265625,134.50746154785156,-17.50145721435547,30.227083206176758,7.725347995758057,19.192310333251953,10.116473197937012,10.380876541137695,9.046497344970703,5.696373462677002,0.6131546497344971,8.569197654724121,0.010521558113396168
sonyc_ust,non_emergency,urban_noise,/kaggle/input/datasets/jeancdevx/sonyc-ust/sonyc_ust/audio-6/14_019701.wav,4.0,0.006347276270389557,0.0008788462728261948,0.048940954930278883,957.86456216029,1318.7898686275926,2113.172310756972,1.3879096508026123,-480.64654541015625,135.11502075195312,-480.64654541015625,135.11502075195312,-17.727140426635742,38.43026351928711,1.921692132949829,15.6325044631958,6.022417068481445,4.33086633682251,6.892055034637451,7.50450325012207,0.7833425402641296,9.434667587280273,-2.2439143657684326
sonyc_ust,non_emergency,urban_noise,/kaggle/input/datasets/jeancdevx/sonyc-ust/sonyc_ust/audio-17/11_012370.wav,4.0,0.0196749996393919,0.008759652264416218,0.06097485059760956,850.2788414944513,1248.3373039842809,1571.9621513944223,3.718212842941284,-462.7889099121094,117.55231475830078,-462.7889099121094,117.55231475830078,-13.064452171325684,29.405303955078125,18.851516723632812,28.615468978881836,14.814955711364746,0.6162712574005127,11.38839054107666,21.116025924682617,8.303611755371094,3.7901275157928467,2.036139965057373
sonyc_ust,non_emergency,urban_noise,/kaggle/input/datasets/jeancdevx/sonyc-ust/sonyc_ust/audio-6/01_016896.wav,4.0,0.014068727381527424,0.0028784337919205427,0.013453996513944223,404.02101485813046,915.9390914988103,611.8650398406375,2.4874212741851807,-530.5183715820312,163.32571411132812,-530.5183715820312,163.32571411132812,21.051118850708008,37.646141052246094,19.962621688842773,20.143056869506836,12.15592098236084,4.423825263977051,2.65252947807312,4.042144298553467,-0.9879821538925171,7.138899803161621,-2.3459372520446777
sonyc_ust,non_emergency,urban_noise,/kaggle/input/datasets/jeancdevx/sonyc-ust/sonyc_ust/audio-13/24_019153.wav,4.0,0.009813071228563786,0.002449476160109043,0.034280845368525895,846.5472754195147,1227.6118982019912,1839.2679282868526,1.944414496421814,-474.0907897949219,140.7819366455078,-474.0907897949219,140.7819366455078,-26.89348030090332,26.442188262939453,19.506107330322266,16.002422332763672,1.0814472436904907,20.5367488861084,5.077464580535889,6.212266445159912,3.7464890480041504,9.515984535217285,0.457317054271698
sonyc_ust,non_emergency,urban_noise,/kaggle/input/datasets/jeancdevx/sonyc-ust/sonyc_ust/audio-17/07_016365.wav,4.0,0.013684062287211418,0.0016315198736265302,0.06665525398406374,1212.2862059293925,1467.805899404596,2656.436752988048,2.767504930496216,-376.0162658691406,120.26734924316406,-376.0162658691406,120.26734924316406,-21.73504066467285,32.60099792480469,-0.044712506234645844,21.30776023864746,12.391493797302246,6.945228576660156,-1.0438096523284912,8.889070510864258,-0.8449876308441162,9.950408935546875,-4.047276973724365
sonyc_ust,non_emergency,urban_noise,/kaggle/input/datasets/jeancdevx/sonyc-ust/sonyc_ust/audio-4/20_011322.wav,4.0,0.007527168840169907,0.001058401307091117,0.061468967878486054,1036.6642463081234,1223.315877258298,1970.555278884462,1.647475004196167,-449.11041259765625,143.264892578125,-449.11041259765625,143.264892578125,-41.769779205322266,18.835485458374023,6.311158657073975,14.217911720275879,3.1310548782348633,5.098993301391602,6.318606376647949,9.423324584960938,-1.590683937072754,6.050076961517334,1.2839316129684448
sonyc_ust,non_emergency,urban_noise,/kaggle/input/datasets/jeancdevx/sonyc-ust/sonyc_ust/audio-12/40_016446.wav,4.0,0.026080453768372536,0.006091143470257521,0.05611149153386454,1146.3822135604687,1469.1952233610875,2659.4248007968126,4.345673561096191,-324.85693359375,124.18685150146484,-324.85693359375,124.18685150146484,-14.367176055908203,37.3134651184082,-5.519260883331299,9.273448944091797,8.988936424255371,2.06074595451355,7.58698034286499,5.8695068359375,-2.9003031253814697,12.001184463500977,-3.5385000705718994
sonyc_ust,non_emergency,urban_noise,/kaggle/input/datasets/jeancdevx/sonyc-ust/sonyc_ust/audio-14/16_012887.wav,4.0,0.012363134883344173,0.0018934430554509163,0.042731418077689244,1200.530364332804,1667.575968451325,2916.6459163346613,2.4012207984924316,-452.5820617675781,79.90827178955078,-452.5820617675781,79.90827178955078,-21.524768829345703,43.105323791503906,17.97047233581543,26.73776626586914,11.723773002624512,10.005677223205566,6.98058557510376,11.728007316589355,3.0928847789764404,9.288675308227539,-0.5748745799064636
sonyc_ust,non_emergency,urban_noise,/kaggle/input/datasets/jeancdevx/sonyc-ust/sonyc_ust/audio-2/32_010383.wav,4.0,0.009866810403764248,0.0021701299119740725,0.04898764317729084,1213.2092701449062,1670.5787912513504,2797.2485059760957,2.1479296684265137,-426.212890625,106.5488052368164,-426.212890625,106.5488052368164,-1.178693413734436,26.955249786376953,5.672962188720703,15.210556030273438,11.264790534973145,10.816156387329102,6.177094459533691,9.268771171569824,0.7345341444015503,5.450620174407959,1.385669469833374
sonyc_ust,non_emergency,urban_noise,/kaggle/input/datasets/jeancdevx/sonyc-ust/sonyc_ust/audio-17/07_020164.wav,4.0,0.011547660455107689,0.0008748147520236671,0.17306944098605578,1916.5396392484154,1762.557798961316,3904.5692231075695,2.2975478172302246,-323.45281982421875,81.02869415283203,-323.45281982421875,81.02869415283203,-19.903038024902344,34.378597259521484,-11.9491605758667,17.08132553100586,-3.491022825241089,7.812908172607422,0.27627989649772644,7.047526836395264,-2.7484800815582275,6.925753593444824,-8.571208000183105
sonyc_ust,non_emergency,urban_noise,/kaggle/input/datasets/jeancdevx/sonyc-ust/sonyc_ust/audio-4/00_006482.wav,4.0,0.013116820715367794,0.004209115169942379,0.07372074203187251,1499.3054110872176,1752.9560926793486,3421.1902390438245,2.678170919418335,-372.1203308105469,91.28929901123047,-372.1203308105469,91.28929901123047,-9.65471076965332,35.75941848754883,-1.2685598134994507,16.99479103088379,7.5455098152160645,9.428133010864258,7.021364688873291,7.966855049133301,-1.6886920928955078,9.28089427947998,-3.4333677291870117
sonyc_ust,non_emergency,urban_noise,/kaggle/input/datasets/jeancdevx/sonyc-ust/sonyc_ust/audio-0/24_005918.wav,4.0,0.005960425827652216,0.0012233923189342022,0.033199234312749,910.6311554231049,1325.3660167775677,1901.394422310757,1.322521448135376,-513.2095947265625,132.54867553710938,-513.2095947265625,132.54867553710938,-21.706384658813477,22.37032699584961,10.644054412841797,17.138656616210938,13.028684616088867,11.890782356262207,10.293063163757324,6.425475597381592,1.2945051193237305,11.697810173034668,1.5356214046478271
sonyc_ust,non_emergency,urban_noise,/kaggle/input/datasets/jeancdevx/sonyc-ust/sonyc_ust/audio-0/32_020450.wav,4.0,0.0129106305539608,0.010361154563724995,0.05679236180278884,1203.3202549060302,1562.1578787649246,2783.7400398406376,2.6991219520568848,-449.40557861328125,93.00110626220703,-449.40557861328125,93.00110626220703,-11.183168411254883,55.499019622802734,7.966538906097412,14.502861976623535,32.44184112548828,7.61693811416626,-2.9154012203216553,19.150344848632812,6.7096052169799805,-0.5657069683074951,4.263175010681152
sonyc_ust,non_emergency,urban_noise,/kaggle/input/datasets/jeancdevx/sonyc-ust/sonyc_ust/audio-8/40_001092.wav,4.0,0.012968284077942371,0.001907112542539835,0.06539078062749004,1246.6952375070775,1550.7260792121856,2735.4332669322707,2.8770079612731934,-373.1109313964844,116.75492858886719,-373.1109313964844,116.75492858886719,-13.924234390258789,28.501855850219727,-0.6164088845252991,14.792737007141113,5.86220645904541,9.846471786499023,4.611762046813965,8.881431579589844,-2.612823724746704,6.861905097961426,-6.805027008056641
sonyc_ust,non_emergency,urban_noise,/kaggle/input/datasets/jeancdevx/sonyc-ust/sonyc_ust/audio-6/31_020370.wav,4.0,0.017080124467611313,0.008494253270328045,0.05550065363545817,1147.3752059410224,1519.5511304145712,2657.246015936255,2.2064247131347656,-399.7296142578125,106.1676254272461,-399.7296142578125,106.1676254272461,-11.63886547088623,40.78636169433594,1.2021150588989258,20.479080200195312,16.189491271972656,10.438421249389648,-1.5997073650360107,1.3801101446151733,4.5004963874816895,12.790748596191406,0.25383877754211426
sonyc_ust,non_emergency,urban_noise,/kaggle/input/datasets/jeancdevx/sonyc-ust/sonyc_ust/audio-5/27_000819.wav,4.0,0.020045028999447823,0.014028174802660942,0.025530689741035856,742.8937704709112,1241.1476940819696,1546.1279880478087,3.276989221572876,-442.7783203125,138.68106079101562,-442.7783203125,138.68106079101562,-3.529956579208374,29.484098434448242,6.891211032867432,17.046348571777344,8.821427345275879,5.680558681488037,5.620663642883301,3.89245343208313,2.8527231216430664,10.141487121582031,-1.6888082027435303
sonyc_ust,non_emergency,urban_noise,/kaggle/input/datasets/jeancdevx/sonyc-ust/sonyc_ust/audio-12/37_017486.wav,4.0,0.013137303292751312,0.0015724938130006194,0.027398219621513946,986.4297743270329,1541.0972133448033,2412.7241035856573,2.4644386768341064,-455.7021484375,103.17578125,-455.7021484375,103.17578125,3.8549134731292725,45.757633209228516,4.200389862060547,20.29459571838379,9.526705741882324,12.258377075195312,6.589155673980713,12.549027442932129,6.620481967926025,7.1852521896362305,-1.438517689704895
sonyc_ust,non_emergency,urban_noise,/kaggle/input/datasets/jeancdevx/sonyc-ust/sonyc_ust/audio-1/40_000869.wav,4.0,0.16641263663768768,0.08672405034303665,0.037222204930278883,923.601156059769,1364.947543302659,2126.6807768924305,24.403987884521484,-179.12033081054688,129.2015380859375,-179.12033081054688,129.2015380859375,-7.06218147277832,40.82829666137695,4.913142204284668,13.838321685791016,7.996183395385742,12.955782890319824,-3.4111297130584717,8.245783805847168,0.36763662099838257,3.227169990539551,-1.3669183254241943
sonyc_ust,non_emergency,urban_noise,/kaggle/input/datasets/jeancdevx/sonyc-ust/sonyc_ust/audio-4/25_009255.wav,4.0,0.010022822767496109,0.0034290701150894165,0.024690301294820718,761.8512116955068,1232.576544321244,1643.2395418326694,1.9943302869796753,-488.1385803222656,140.34356689453125,-488.1385803222656,140.34356689453125,-14.218339920043945,29.781036376953125,10.754884719848633,15.09703540802002,7.22822380065918,7.03276252746582,5.627513408660889,7.699466228485107,2.3617756366729736,8.64445972442627,0.030047869309782982
sonyc_ust,non_emergency,urban_noise,/kaggle/input/datasets/jeancdevx/sonyc-ust/sonyc_ust/audio-15/09_005886.wav,4.0,0.010286873206496239,0.002295059384778142,0.024223418824701196,754.4264189789737,1287.5048719140714,1621.01593625498,2.0411314964294434,-484.763916015625,134.4003143310547,-484.763916015625,134.4003143310547,-4.852171421051025,32.10531234741211,9.205023765563965,15.736345291137695,9.48149299621582,6.301887035369873,7.064085483551025,11.236799240112305,4.207695484161377,12.908535957336426,-0.12217250466346741
sonyc_ust,non_emergency,urban_noise,/kaggle/input/datasets/jeancdevx/sonyc-ust/sonyc_ust/audio-17/12_009366.wav,4.0,0.017778031527996063,0.0048545971512794495,0.03628843999003984,766.8865696696123,1090.3791966105373,1603.0876494023905,3.8841516971588135,-408.7341003417969,161.9971923828125,-408.7341003417969,161.9971923828125,-24.17013931274414,30.41575050354004,4.228039264678955,16.61991310119629,7.085801124572754,10.407553672790527,9.4159517288208,9.012319564819336,4.256217002868652,6.219734191894531,-1.4122768640518188
sonyc_ust,non_emergency,urban_noise,/kaggle/input/datasets/jeancdevx/sonyc-ust/sonyc_ust/audio-3/38_019273.wav,4.0,0.014888805337250233,0.004503689706325531,0.048120019920318724,979.5699050083123,1412.7162581384257,2204.5567729083664,2.863136053085327,-416.9578552246094,129.19032287597656,-416.9578552246094,129.19032287597656,3.830273389816284,35.726722717285156,5.472146034240723,20.24287223815918,-1.744694471359253,8.32069206237793,1.4753328561782837,4.516083240509033,0.42141056060791016,7.6552276611328125,-2.3075015544891357
sonyc_ust,non_emergency,urban_noise,/kaggle/input/datasets/jeancdevx/sonyc-ust/sonyc_ust/audio-1/35_006169.wav,4.0,0.08420643210411072,0.014659660868346691,0.31470212898406374,3142.4055762932217,2280.0281863000787,6060.1344621513945,14.92719554901123,-113.85504913330078,25.352861404418945,-113.85504913330078,25.352861404418945,4.97349739074707,12.162322998046875,-6.34819221496582,3.9311256408691406,-6.939731121063232,3.8784420490264893,2.52649188041687,2.9360849857330322,6.998319625854492,14.642484664916992,-5.082194805145264
sonyc_ust,non_emergency,urban_noise,/kaggle/input/datasets/jeancdevx/sonyc-ust/sonyc_ust/audio-14/40_018209.wav,4.0,0.010853887535631657,0.0011659112060442567,0.04620580179282868,773.3798431450596,1072.064499969465,1509.6489043824702,2.409234046936035,-440.3446044921875,167.8939971923828,-440.3446044921875,167.8939971923828,-15.08360767364502,33.124820709228516,-0.9938024878501892,10.420008659362793,-1.521959900856018,3.350339889526367,-0.3595024347305298,0.28703150153160095,-2.8468246459960938,8.601356506347656,-0.2522866129875183
sonyc_ust,non_emergency,urban_noise,/kaggle/input/datasets/jeancdevx/sonyc-ust/sonyc_ust/audio-5/27_017746.wav,4.0,0.018257195129990578,0.008368480950593948,0.02318460532868526,839.9894657766578,1336.5019581458316,1883.0303784860557,3.241903066635132,-432.6738586425781,128.4324951171875,-432.6738586425781,128.4324951171875,-8.905977249145508,30.255834579467773,1.3579092025756836,16.38925552368164,7.388421058654785,4.895702838897705,8.198766708374023,6.9366607666015625,2.6582915782928467,10.358505249023438,-0.6270381212234497
sonyc_ust,non_emergency,urban_noise,/kaggle/input/datasets/jeancdevx/sonyc-ust/sonyc_ust/audio-9/13_001136.wav,4.0,0.012050122022628784,0.009107070043683052,0.011660389691235059,578.5157238841181,1117.8893304938802,1161.105577689243,1.541491985321045,-534.1195678710938,144.95008850097656,-534.1195678710938,144.95008850097656,-1.8877062797546387,26.487653732299805,14.657905578613281,12.18179988861084,11.230192184448242,9.378355026245117,9.028380393981934,4.795849323272705,-0.6085589528083801,6.8259100914001465,0.7155578136444092
sonyc_ust,non_emergency,urban_noise,/kaggle/input/datasets/jeancdevx/sonyc-ust/sonyc_ust/audio-17/41_017838.wav,4.0,0.02723715454339981,0.005302343983203173,0.019986460408366533,669.7547298094795,1349.8044867850347,1291.2101593625498,4.3492631912231445,-447.4065246582031,116.57657623291016,-447.4065246582031,116.57657623291016,33.72337341308594,48.397972106933594,17.68115234375,36.15334701538086,9.72807788848877,17.481958389282227,5.664694786071777,6.990306854248047,-2.783372163772583,4.6613640785217285,-3.9799365997314453
sonyc_ust,non_emergency,urban_noise,/kaggle/input/datasets/jeancdevx/sonyc-ust/sonyc_ust/audio-16/32_019235.wav,4.0,0.015445993281900883,0.002217323752120137,0.0755921625996016,1588.4857598583944,1867.9641184088787,3661.3545816733067,3.5432069301605225,-354.9476318359375,81.98938751220703,-354.9476318359375,81.98938751220703,-1.4529547691345215,38.035072326660156,8.766035079956055,21.28458595275879,6.693981647491455,1.5619440078735352,6.351937294006348,9.972868919372559,4.179722309112549,12.257359504699707,-1.3633843660354614
sonyc_ust,non_emergency,urban_noise,/kaggle/input/datasets/jeancdevx/sonyc-ust/sonyc_ust/audio-10/06_003204.wav,4.0,0.029266614466905594,0.01588762179017067,0.010485402141434263,579.4034979599727,1166.5831206916696,1104.394920318725,3.214498519897461,-461.5350341796875,135.47357177734375,-461.5350341796875,135.47357177734375,8.615232467651367,30.511505126953125,-0.4381806254386902,12.179220199584961,8.477725982666016,3.1511595249176025,6.92535924911499,9.975582122802734,5.3417744636535645,9.935831069946289,0.12053057551383972
sonyc_ust,non_emergency,urban_noise,/kaggle/input/datasets/jeancdevx/sonyc-ust/sonyc_ust/audio-12/13_009369.wav,4.0,0.05374693498015404,0.009028294123709202,0.06689258590637451,1142.9785451575367,1457.9544710426599,2522.410358565737,9.64980697631836,-271.0170593261719,114.00817108154297,-271.0170593261719,114.00817108154297,-16.94480323791504,31.469900131225586,-6.333156585693359,11.685084342956543,3.529466152191162,7.127045631408691,2.6624038219451904,11.928924560546875,11.051115989685059,15.307560920715332,3.3362579345703125
sonyc_ust,non_emergency,urban_noise,/kaggle/input/datasets/jeancdevx/sonyc-ust/sonyc_ust/audio-7/30_010152.wav,4.0,0.03391715884208679,0.019427593797445297,0.040583758715139445,1188.2060475208812,1559.5851425942024,2688.9940239043826,4.612486839294434,-344.24383544921875,100.52051544189453,-344.24383544921875,100.52051544189453,-24.86008071899414,30.011518478393555,8.452574729919434,15.824837684631348,9.919978141784668,6.580110549926758,8.32413101196289,10.654356956481934,3.8057711124420166,16.19867515563965,-2.7213125228881836
sonyc_ust,non_emergency,urban_noise,/kaggle/input/datasets/jeancdevx/sonyc-ust/sonyc_ust/audio-15/01_005659.wav,4.0,0.024562031030654907,0.018745005130767822,0.007536261205179283,444.10969369821225,1005.9571126619666,755.6648406374502,1.8693896532058716,-537.386962890625,141.9993438720703,-537.386962890625,141.9993438720703,6.513420104980469,13.802818298339844,12.446674346923828,11.858174324035645,9.536564826965332,12.630861282348633,10.594487190246582,7.724269866943359,5.176393508911133,9.995702743530273,4.699762344360352
sonyc_ust,non_emergency,urban_noise,/kaggle/input/datasets/jeancdevx/sonyc-ust/sonyc_ust/audio-6/40_001056.wav,4.0,0.10159112513065338,0.05258798226714134,0.021488265687250995,774.4114331159728,1322.3282288273247,1692.1688247011953,16.154584884643555,-270.81304931640625,127.86577606201172,-270.81304931640625,127.86577606201172,-2.5309126377105713,31.736324310302734,8.559396743774414,20.571619033813477,7.733466148376465,11.68444538116455,6.939722061157227,6.396786689758301,2.9955124855041504,9.002449989318848,0.6938997507095337
sonyc_ust,non_emergency,urban_noise,/kaggle/input/datasets/jeancdevx/sonyc-ust/sonyc_ust/audio-0/20_003093.wav,4.0,0.0068091340363025665,0.0007579399389214814,0.030557457669322708,693.4508256954878,1102.0072001414342,1433.8271912350597,1.3535048961639404,-513.3465576171875,161.24880981445312,-513.3465576171875,161.24880981445312,-13.008063316345215,20.722820281982422,15.590903282165527,10.670087814331055,-0.00885587278753519,6.532950401306152,3.708353042602539,9.763572692871094,-0.11261360347270966,7.431826114654541,3.959672451019287
sonyc_ust,non_emergency,urban_noise,/kaggle/input/datasets/jeancdevx/sonyc-ust/sonyc_ust/audio-14/01_018780.wav,4.0,0.011014169082045555,0.0015627905959263444,0.01399480204183267,545.5710032756973,1088.9558789104115,1075.199203187251,1.7977386713027954,-525.1011962890625,148.0321044921875,-525.1011962890625,148.0321044921875,3.6997251510620117,29.610483169555664,13.153372764587402,18.719213485717773,8.726412773132324,7.984269142150879,8.326691627502441,9.74748706817627,4.750518321990967,9.717293739318848,-6.631363391876221
sonyc_ust,non_emergency,urban_noise,/kaggle/input/datasets/jeancdevx/sonyc-ust/sonyc_ust/audio-17/29_001623.wav,4.0,0.018622633069753647,0.002761414274573326,0.079105453187251,1518.2685903575964,1869.2964990809978,3546.6259960159364,3.784888982772827,-326.1792297363281,93.81892395019531,-326.1792297363281,93.81892395019531,6.42264986038208,35.83758544921875,13.649808883666992,17.717731475830078,1.85370671749115,-0.5781913995742798,2.7775073051452637,7.917787551879883,-8.162138938903809,3.2750043869018555,-13.984959602355957
sonyc_ust,non_emergency,urban_noise,/kaggle/input/datasets/jeancdevx/sonyc-ust/sonyc_ust/audio-2/02_003820.wav,4.0,0.010910840705037117,0.003786853514611721,0.023900491782868526,770.8483900318234,1260.440044247736,1672.3107569721114,2.195797920227051,-479.00115966796875,137.79112243652344,-479.00115966796875,137.79112243652344,-7.882715702056885,34.17563247680664,8.10512924194336,15.982388496398926,8.86194133758545,6.719847202301025,6.112981796264648,7.869693279266357,5.661137104034424,10.892338752746582,0.34364792704582214
sonyc_ust,non_emergency,urban_noise,/kaggle/input/datasets/jeancdevx/sonyc-ust/sonyc_ust/audio-17/01_005104.wav,4.0,0.015241490676999092,0.004244356416165829,0.027028604332669324,718.4048156965896,1262.6275364150588,1459.6613545816733,2.541431427001953,-468.7156066894531,130.05653381347656,-468.7156066894531,130.05653381347656,-1.1315560340881348,28.580175399780273,6.361504077911377,18.66094398498535,10.21764850616455,11.977825164794922,3.849560260772705,4.595337867736816,3.4206669330596924,16.282672882080078,7.9747114181518555
sonyc_ust,non_emergency,urban_noise,/kaggle/input/datasets/jeancdevx/sonyc-ust/sonyc_ust/audio-7/27_001453.wav,4.0,0.03835528343915939,0.008393051102757454,0.1380843812250996,1886.5509323558242,1945.9867298559802,4098.3565737051795,8.533047676086426,-218.83067321777344,80.68523406982422,-218.83067321777344,80.68523406982422,-3.4458563327789307,30.41221046447754,12.263484001159668,11.70443058013916,-0.11526124179363251,0.18668295443058014,-7.076457977294922,5.06888484954834,-3.267214775085449,-0.09035294502973557,-12.31161880493164
sonyc_ust,non_emergency,urban_noise,/kaggle/input/datasets/jeancdevx/sonyc-ust/sonyc_ust/audio-18/28_010386.wav,4.0,0.019949764013290405,0.00317959301173687,0.06477994272908366,1453.080512115921,1704.4282119907464,3181.2126494023905,4.068902969360352,-343.1411437988281,96.57466125488281,-343.1411437988281,96.57466125488281,-21.266895294189453,24.43708038330078,8.882890701293945,14.945345878601074,18.088111877441406,11.086160659790039,14.695162773132324,8.848788261413574,-3.0245556831359863,16.14666175842285,-3.7301125526428223
sonyc_ust,non_emergency,urban_noise,/kaggle/input/datasets/jeancdevx/sonyc-ust/sonyc_ust/audio-5/00_012478.wav,4.0,0.0612809844315052,0.0053844149224460125,0.2583105079681275,2696.216353597072,2129.845317156819,5390.189243027889,12.918357849121094,-148.0672149658203,40.750545501708984,-148.0672149658203,40.750545501708984,9.11292552947998,40.58018112182617,-2.215791702270508,3.9552156925201416,7.159839630126953,3.7717912197113037,3.9162697792053223,6.057676315307617,-9.335976600646973,8.571540832519531,-8.784652709960938
sonyc_ust,non_emergency,urban_noise,/kaggle/input/datasets/jeancdevx/sonyc-ust/sonyc_ust/audio-18/19_000767.wav,4.0,0.05044541135430336,0.013812551274895668,0.09089812624501992,2172.1421042428397,2308.521060058127,5236.553784860558,9.451095581054688,-262.35870361328125,45.72309875488281,-262.35870361328125,45.72309875488281,16.589000701904297,30.03546905517578,9.060564994812012,15.833365440368652,12.40809154510498,10.04093074798584,3.9811277389526367,7.560417652130127,0.5445047616958618,12.665451049804688,1.4817163944244385
sonyc_ust,non_emergency,urban_noise,/kaggle/input/datasets/jeancdevx/sonyc-ust/sonyc_ust/audio-7/41_019275.wav,4.0,0.08987763524055481,0.030491260811686516,0.009785078436254981,321.9419775297913,808.6041280501292,385.70717131474106,19.445144653320312,-396.4152526855469,156.08135986328125,-396.4152526855469,156.08135986328125,13.00519847869873,44.96815490722656,25.618335723876953,28.31673240661621,24.10706329345703,11.318826675415039,14.630163192749023,8.290521621704102,7.976408958435059,7.625416278839111,1.43328058719635
sonyc_ust,non_emergency,urban_noise,/kaggle/input/datasets/jeancdevx/sonyc-ust/sonyc_ust/audio-10/01_000345.wav,4.0,0.009584875777363777,0.0012185637606307864,0.005867156374501992,672.1160469638113,1370.38782088992,1399.9626494023905,1.423887848854065,-542.5866088867188,123.84388732910156,-542.5866088867188,123.84388732910156,8.521699905395508,21.604970932006836,13.146960258483887,19.026142120361328,14.2361478805542,7.727832794189453,8.107930183410645,5.94738245010376,2.9598124027252197,8.429298400878906,2.8469057083129883
sonyc_ust,non_emergency,urban_noise,/kaggle/input/datasets/jeancdevx/sonyc-ust/sonyc_ust/audio-14/40_000095.wav,4.0,0.052291546016931534,0.03805525600910187,0.02678738172310757,823.065385196567,1369.5445449528368,1850.4108565737051,11.685108184814453,-351.43768310546875,121.45976257324219,-351.43768310546875,121.45976257324219,0.310061514377594,34.98793029785156,4.039045333862305,17.626312255859375,11.045355796813965,7.6964287757873535,8.023055076599121,8.012250900268555,5.562385559082031,10.44477367401123,-3.9758946895599365
sonyc_ust,non_emergency,urban_noise,/kaggle/input/datasets/jeancdevx/sonyc-ust/sonyc_ust/audio-15/01_005467.wav,4.0,0.016059143468737602,0.00255486904643476,0.023989977589641436,834.1705531902431,1429.6916789127679,1867.7788844621514,3.8455541133880615,-438.1263427734375,120.19290924072266,-438.1263427734375,120.19290924072266,-0.22877970337867737,31.11829948425293,14.838207244873047,22.580493927001953,11.67212963104248,8.734994888305664,6.392116069793701,9.926345825195312,2.605809211730957,11.087784767150879,-1.6732234954833984
sonyc_ust,non_emergency,urban_noise,/kaggle/input/datasets/jeancdevx/sonyc-ust/sonyc_ust/audio-12/23_013630.wav,4.0,0.031405042856931686,0.025517966598272324,0.0053496949701195215,352.008943116129,911.2325881505044,527.1414342629482,4.636205196380615,-513.5849609375,136.78021240234375,-513.5849609375,136.78021240234375,19.617015838623047,29.834205627441406,20.277114868164062,12.185283660888672,15.638510704040527,9.824289321899414,7.689087867736816,3.7796294689178467,7.6677398681640625,7.338293075561523,4.440012454986572
sonyc_ust,non_emergency,urban_noise,/kaggle/input/datasets/jeancdevx/sonyc-ust/sonyc_ust/audio-6/40_000980.wav,4.0,0.20113743841648102,0.04877768084406853,0.0578117218625498,1169.9238968550721,1467.7056578336246,2498.5059760956174,42.86878204345703,-126.10047912597656,113.46768951416016,-126.10047912597656,113.46768951416016,-22.97682762145996,45.01642608642578,15.415352821350098,16.646652221679688,-1.7303221225738525,16.284278869628906,-0.6033751368522644,7.475769996643066,-3.0161490440368652,1.438110589981079,-4.14789342880249
sonyc_ust,non_emergency,urban_noise,/kaggle/input/datasets/jeancdevx/sonyc-ust/sonyc_ust/audio-3/20_019757.wav,4.0,0.04132954403758049,0.020085345953702927,0.010115786852589641,364.5636968563223,958.6557486062453,378.17480079681275,5.32704496383667,-471.1166076660156,138.20960998535156,-471.1166076660156,138.20960998535156,43.32866668701172,56.01273727416992,33.146690368652344,31.82892608642578,13.783560752868652,-0.530768871307373,0.1972951740026474,5.27289342880249,-3.7329633235931396,-1.2369399070739746,-2.8089308738708496
sonyc_ust,non_emergency,urban_noise,/kaggle/input/datasets/jeancdevx/sonyc-ust/sonyc_ust/audio-13/23_006820.wav,4.0,0.01784386858344078,0.006028803996741772,0.017309667579681276,568.2403466872884,1119.3196914180148,1097.7963147410358,3.9817943572998047,-471.3332824707031,144.70404052734375,-471.3332824707031,144.70404052734375,6.584420680999756,41.53557586669922,16.25136947631836,21.88142204284668,12.795185089111328,9.884928703308105,7.872529983520508,2.6436514854431152,-0.6930771470069885,5.6092987060546875,-3.1289212703704834
sonyc_ust,non_emergency,urban_noise,/kaggle/input/datasets/jeancdevx/sonyc-ust/sonyc_ust/audio-10/40_002179.wav,4.0,0.12657147645950317,0.01590678282082081,0.04880089018924303,1101.8567145166382,1520.1682779047826,2491.9696215139443,24.15848159790039,-175.15316772460938,120.94444274902344,-175.15316772460938,120.94444274902344,0.2431589514017105,34.49541473388672,1.7983752489089966,19.634248733520508,3.2325761318206787,9.126886367797852,3.0538346767425537,11.632342338562012,2.582528829574585,4.1871724128723145,-5.37714958190918
sonyc_ust,non_emergency,urban_noise,/kaggle/input/datasets/jeancdevx/sonyc-ust/sonyc_ust/audio-11/06_006768.wav,4.0,0.014910026453435421,0.0065899137407541275,0.02674847485059761,805.961604499729,1272.7335530471705,1811.8774900398407,2.4906880855560303,-448.02386474609375,136.82559204101562,-448.02386474609375,136.82559204101562,-6.200310707092285,38.041656494140625,-3.032458543777466,6.189477920532227,5.701133728027344,6.204370021820068,7.384554386138916,8.081189155578613,2.535315752029419,9.97706413269043,1.791592001914978
sonyc_ust,non_emergency,urban_noise,/kaggle/input/datasets/jeancdevx/sonyc-ust/sonyc_ust/audio-14/24_020429.wav,4.0,0.008096685633063316,0.001345706987194717,0.0771484375,1403.2209474190167,1651.2746161139469,3163.222111553785,1.836545467376709,-420.8585510253906,100.81486511230469,-420.8585510253906,100.81486511230469,-15.846031188964844,31.929302215576172,-0.23935560882091522,18.908098220825195,6.272832870483398,9.095321655273438,3.427072286605835,7.86268424987793,3.962913990020752,15.270842552185059,-2.1175224781036377
sonyc_ust,non_emergency,urban_noise,/kaggle/input/datasets/jeancdevx/sonyc-ust/sonyc_ust/audio-14/06_002392.wav,4.0,0.01609671115875244,0.004607292357832193,0.044988016683266935,1087.9881477162012,1539.9447905037232,2446.152888446215,3.5391757488250732,-405.33270263671875,115.39498138427734,-405.33270263671875,115.39498138427734,-2.1629793643951416,23.68195152282715,-4.9291157722473145,7.068235397338867,3.8283069133758545,5.760784149169922,10.041902542114258,12.69002914428711,4.531364917755127,12.832311630249023,-1.1074961423873901
sonyc_ust,non_emergency,urban_noise,/kaggle/input/datasets/jeancdevx/sonyc-ust/sonyc_ust/audio-0/40_000329.wav,4.0,0.16630828380584717,0.018845796585083008,0.08024931523904383,1452.021555253062,1651.5534388228677,3027.5771912350597,34.83616256713867,-114.8624038696289,99.20986938476562,-114.8624038696289,99.20986938476562,-13.8552827835083,43.574459075927734,8.456998825073242,13.09215259552002,6.354001998901367,11.708578109741211,-4.2566237449646,16.727222442626953,-1.5213446617126465,1.6432764530181885,-2.5583529472351074
sonyc_ust,non_emergency,urban_noise,/kaggle/input/datasets/jeancdevx/sonyc-ust/sonyc_ust/audio-9/05_012463.wav,4.0,0.03084983490407467,0.007706346455961466,0.01808780502988048,726.2939503598077,1263.8805624363695,1615.4133466135459,5.445003032684326,-403.7412109375,133.0029296875,-403.7412109375,133.0029296875,1.1840568780899048,43.07004165649414,6.04426908493042,14.94925594329834,6.864537715911865,9.388204574584961,9.201123237609863,10.289328575134277,5.173678398132324,12.199213027954102,3.1652088165283203
sonyc_ust,non_emergency,urban_noise,/kaggle/input/datasets/jeancdevx/sonyc-ust/sonyc_ust/audio-3/23_009951.wav,4.0,0.013813053257763386,0.0030447961762547493,0.025511236304780877,765.076383134499,1249.511408277658,1695.7793824701196,3.205382823944092,-449.5220947265625,139.51055908203125,-449.5220947265625,139.51055908203125,-7.750736236572266,38.14263153076172,7.798111915588379,15.365788459777832,13.562272071838379,9.821207046508789,7.902568340301514,6.956641674041748,1.9400309324264526,8.640385627746582,-0.7537792921066284
sonyc_ust,non_emergency,urban_noise,/kaggle/input/datasets/jeancdevx/sonyc-ust/sonyc_ust/audio-8/37_008340.wav,4.0,0.015026494860649109,0.0049956790171563625,0.013664093625498008,689.0736834688464,1304.0799597128123,1468.687749003984,2.285428285598755,-482.9390869140625,124.41683197021484,-482.9390869140625,124.41683197021484,6.04503870010376,37.08802795410156,5.476974010467529,16.890209197998047,6.081653118133545,9.945161819458008,9.482696533203125,12.297049522399902,3.8894577026367188,10.600399017333984,-1.349626898765564
sonyc_ust,non_emergency,urban_noise,/kaggle/input/datasets/jeancdevx/sonyc-ust/sonyc_ust/audio-5/10_018703.wav,4.0,0.030357226729393005,0.012498184107244015,0.02684574203187251,672.7664073452236,1160.1505859235285,1362.1762948207172,5.4765400886535645,-400.8863830566406,143.30987548828125,-400.8863830566406,143.30987548828125,4.961490631103516,46.02518844604492,15.00758171081543,16.70973014831543,6.485787391662598,6.0762786865234375,4.331614017486572,7.424511909484863,1.8622586727142334,5.059985637664795,-3.422029733657837
sonyc_ust,non_emergency,urban_noise,/kaggle/input/datasets/jeancdevx/sonyc-ust/sonyc_ust/audio-11/01_004295.wav,4.0,0.013476029969751835,0.0013927548425272107,0.08003532744023904,1559.72449450422,1767.4946281923085,3481.324701195219,2.714787006378174,-366.82159423828125,85.21940612792969,-366.82159423828125,85.21940612792969,-25.320999145507812,20.002592086791992,10.894621849060059,30.142230987548828,15.710237503051758,17.32451820373535,0.19716285169124603,-4.140410900115967,4.497833251953125,12.121927261352539,-5.5680131912231445
sonyc_ust,non_emergency,urban_noise,/kaggle/input/datasets/jeancdevx/sonyc-ust/sonyc_ust/audio-10/04_020737.wav,4.0,0.03943616524338722,0.007506923750042915,0.09259446588645419,1420.2079835396016,1589.626252344203,2916.957171314741,6.814387798309326,-242.89544677734375,108.894287109375,-242.89544677734375,108.894287109375,-22.83721923828125,23.39059829711914,8.757232666015625,18.77814483642578,1.130345344543457,6.04843807220459,4.5638580322265625,12.37535285949707,1.1191517114639282,10.912185668945312,-7.8081793785095215
sonyc_ust,non_emergency,urban_noise,/kaggle/input/datasets/jeancdevx/sonyc-ust/sonyc_ust/audio-0/40_016577.wav,4.0,0.016883868724107742,0.004476829431951046,0.046108534611553786,992.4104305986423,1387.9072145740395,2187.9980079681277,3.2070000171661377,-411.3454284667969,120.9221420288086,-411.3454284667969,120.9221420288086,-16.01685905456543,35.31184005737305,6.801022529602051,17.87183380126953,9.056124687194824,10.07435417175293,9.942811012268066,10.996514320373535,0.329517126083374,9.650338172912598,-0.0019599716179072857
sonyc_ust,non_emergency,urban_noise,/kaggle/input/datasets/jeancdevx/sonyc-ust/sonyc_ust/audio-15/36_018033.wav,4.0,0.012857194058597088,0.0024781564716249704,0.027538284362549802,657.2300619384454,1080.9238481722439,1377.8012948207172,2.919140577316284,-469.8134460449219,156.6771697998047,-469.8134460449219,156.6771697998047,-14.090378761291504,35.722412109375,7.773785591125488,18.44487762451172,12.080828666687012,8.829794883728027,6.232990741729736,9.995680809020996,12.889161109924316,16.931760787963867,2.387868642807007
sonyc_ust,non_emergency,urban_noise,/kaggle/input/datasets/jeancdevx/sonyc-ust/sonyc_ust/audio-2/24_007498.wav,4.0,0.0053080408833920956,0.001203362480737269,0.02888446215139442,784.1254698705368,1293.7932993658442,1637.3256972111553,1.2260133028030396,-540.6817626953125,138.70606994628906,-540.6817626953125,138.70606994628906,-0.6532637476921082,29.473787307739258,8.588554382324219,13.11203384399414,6.677742958068848,4.49147367477417,6.7234110832214355,9.152792930603027,4.893335342407227,9.985146522521973,0.7025796175003052
sonyc_ust,non_emergency,urban_noise,/kaggle/input/datasets/jeancdevx/sonyc-ust/sonyc_ust/audio-4/17_008920.wav,4.0,0.0424380749464035,0.0028402137104421854,0.010477620766932271,650.7085549575563,1264.416484063976,1443.413844621514,3.826906204223633,-404.76922607421875,124.49436950683594,-404.76922607421875,124.49436950683594,0.4743479788303375,41.79013442993164,19.221147537231445,17.480066299438477,15.679852485656738,8.735106468200684,12.264139175415039,17.857927322387695,4.870133876800537,14.806790351867676,2.790187120437622
sonyc_ust,non_emergency,urban_noise,/kaggle/input/datasets/jeancdevx/sonyc-ust/sonyc_ust/audio-0/34_009585.wav,4.0,0.017962561920285225,0.010573700070381165,0.013730235308764941,500.24898761956365,1049.7192403476909,900.8964143426294,2.448066473007202,-495.85272216796875,148.0025177001953,-495.85272216796875,148.0025177001953,7.819905757904053,41.515995025634766,19.511341094970703,17.665403366088867,17.518430709838867,8.980291366577148,8.894965171813965,8.240386962890625,-0.7367861270904541,4.966492652893066,-2.252131462097168
sonyc_ust,non_emergency,urban_noise,/kaggle/input/datasets/jeancdevx/sonyc-ust/sonyc_ust/audio-13/37_000310.wav,4.0,0.015191583894193172,0.0016847518272697926,0.12778573207171315,1937.8152854881014,1898.4744144980345,3798.182270916335,2.8086085319519043,-320.6068115234375,69.83934783935547,-320.6068115234375,69.83934783935547,-9.625454902648926,34.707576751708984,-6.072207450866699,5.420194625854492,6.3674492835998535,-7.811483383178711,5.634578227996826,8.859538078308105,-10.525557518005371,4.864105224609375,-5.216696262359619
sonyc_ust,non_emergency,urban_noise,/kaggle/input/datasets/jeancdevx/sonyc-ust/sonyc_ust/audio-12/01_005165.wav,4.0,0.011767309159040451,0.0018917570123448968,0.02644500124501992,727.9377190175568,1169.441845493112,1533.304282868526,2.420224189758301,-470.3134460449219,147.30914306640625,-470.3134460449219,147.30914306640625,-15.908076286315918,25.667076110839844,8.109434127807617,13.10229778289795,6.467555999755859,10.139348030090332,5.5430145263671875,4.914630889892578,-0.8918306231498718,9.660568237304688,0.4142487347126007
sonyc_ust,non_emergency,urban_noise,/kaggle/input/datasets/jeancdevx/sonyc-ust/sonyc_ust/audio-11/01_007613.wav,4.0,0.018198972567915916,0.004190439358353615,0.04073160483067729,1126.4366964056928,1584.702116318743,2718.75,3.404356002807617,-388.15625,105.66303253173828,-388.15625,105.66303253173828,-5.800472736358643,38.50460433959961,3.259695529937744,20.168222427368164,14.849889755249023,9.080204963684082,-2.4150466918945312,5.933047771453857,2.30600643157959,11.82986831665039,-0.3799939453601837
sonyc_ust,non_emergency,urban_noise,/kaggle/input/datasets/jeancdevx/sonyc-ust/sonyc_ust/audio-15/27_002732.wav,4.0,0.04716743156313896,0.00324087287299335,0.08991378237051793,1732.1307432678734,1775.7464216271342,3607.569721115538,6.817453384399414,-234.9357452392578,78.21650695800781,-234.9357452392578,78.21650695800781,-18.500988006591797,45.46445846557617,6.470556259155273,15.664064407348633,-0.6468031406402588,4.476742744445801,9.864462852478027,16.42336654663086,-4.920468330383301,10.105642318725586,-1.9434984922409058
sonyc_ust,non_emergency,urban_noise,/kaggle/input/datasets/jeancdevx/sonyc-ust/sonyc_ust/audio-0/33_011025.wav,4.0,0.01704285852611065,0.0017333866562694311,0.056862394173306775,1249.2233621771527,1562.9895128026433,2848.3565737051795,3.0098190307617188,-368.9635314941406,114.61998748779297,-368.9635314941406,114.61998748779297,-14.468283653259277,26.130104064941406,-6.061947822570801,30.387073516845703,-1.887026071548462,8.926114082336426,2.0512566566467285,7.597385406494141,-0.059087321162223816,7.704036235809326,-0.9402896165847778
urbansound8k,non_emergency,fold3,/kaggle/input/datasets/jeancdevx/urbansound8k/urbansound8k/audio/fold3/54067-2-0-60.wav,4.0,0.028686467558145523,0.04807225242257118,0.17022145791832669,2007.018657514844,1701.8754730377498,3843.936752988048,7.164721965789795,-327.853271484375,70.25027465820312,-327.853271484375,70.25027465820312,-34.53230667114258,-3.549551486968994,-14.635909080505371,1.1417089700698853,-10.82251262664795,-0.5378309488296509,-6.3713154792785645,-1.2130510807037354,-3.076578140258789,1.2869899272918701,-3.1862757205963135
urbansound8k,non_emergency,fold1,/kaggle/input/datasets/jeancdevx/urbansound8k/urbansound8k/audio/fold1/137156-9-0-31.wav,4.0,0.07084900885820389,0.021905619651079178,0.06605997883466136,1223.6610808870093,1579.3337366768205,2490.537848605578,12.370820045471191,-255.69105529785156,106.5949478149414,-255.69105529785156,106.5949478149414,1.463918924331665,9.890313148498535,-10.31710433959961,-8.090688705444336,-30.96042823791504,-25.08419418334961,-22.218233108520508,-17.915586471557617,-20.443294525146484,-11.139750480651855,-23.068456649780273
urbansound8k,non_emergency,fold10,/kaggle/input/datasets/jeancdevx/urbansound8k/urbansound8k/audio/fold10/174292-6-0-0.wav,2.929375,0.019622191786766052,0.05452260375022888,0.15785814368206522,1775.4829960692152,1564.328051216521,3378.5665760869565,5.029818058013916,-422.7301330566406,66.70097351074219,-422.7301330566406,66.70097351074219,-19.68399429321289,-2.417694330215454,-4.929380893707275,-3.7815096378326416,-5.743932247161865,0.11530432850122452,-0.6434088349342346,6.785007476806641,6.853146076202393,7.572371006011963,3.218648910522461
urbansound8k,non_emergency,fold8,/kaggle/input/datasets/jeancdevx/urbansound8k/urbansound8k/audio/fold8/146343-3-0-0.wav,4.0,0.10388270020484924,0.15950258076190948,0.1077136765438247,1439.7237225059907,1376.8681827344667,2517.8037848605577,29.4782772064209,-342.8880310058594,71.3184814453125,-342.8880310058594,71.3184814453125,-42.30081558227539,-7.739984035491943,7.393657684326172,-0.307804673910141,8.029793739318848,18.859882354736328,11.158944129943848,15.026511192321777,3.9185941219329834,-3.7502317428588867,-1.2467920780181885
urbansound8k,non_emergency,fold10,/kaggle/input/datasets/jeancdevx/urbansound8k/urbansound8k/audio/fold10/147491-9-2-32.wav,4.0,0.06257372349500656,0.010758919641375542,0.06499782121513945,1105.4656729810256,1442.4295578670994,2265.93625498008,12.7211332321167,-237.84072875976562,130.72000122070312,-237.84072875976562,130.72000122070312,-5.16815710067749,29.66059112548828,7.862505912780762,9.57211971282959,2.3583998680114746,6.621407508850098,1.3297183513641357,4.444164752960205,1.7371904850006104,3.923346757888794,-1.5850937366485596
urbansound8k,non_emergency,fold3,/kaggle/input/datasets/jeancdevx/urbansound8k/urbansound8k/audio/fold3/22601-8-0-49.wav,4.0,0.026610855013132095,0.004165298771113157,0.1013679656374502,1062.8815772420883,1134.0139565784168,1611.3670318725099,5.5973615646362305,-310.63116455078125,153.4268341064453,-310.63116455078125,153.4268341064453,-34.63058090209961,1.5033025741577148,-3.370089054107666,29.1685733795166,8.14846134185791,1.3932702541351318,-9.428945541381836,9.062681198120117,3.6552462577819824,-1.9407414197921753,-16.35048484802246
urbansound8k,non_emergency,fold5,/kaggle/input/datasets/jeancdevx/urbansound8k/urbansound8k/audio/fold5/115239-9-0-4.wav,4.0,0.021384309977293015,0.008824717253446579,0.06758512823705179,724.7533167078143,721.088290430803,1074.0164342629482,2.7917425632476807,-455.35650634765625,197.357177734375,-455.35650634765625,197.357177734375,-15.67622184753418,-4.204283714294434,-13.463706016540527,-9.19193172454834,-20.240299224853516,-4.476926326751709,-1.9735604524612427,-3.889847993850708,-0.47939231991767883,-2.039562225341797,6.270371437072754
urbansound8k,non_emergency,fold1,/kaggle/input/datasets/jeancdevx/urbansound8k/urbansound8k/audio/fold1/57584-4-0-2.wav,4.0,0.07100619375705719,0.005549912340939045,0.22741066982071714,2057.1589089730505,1342.071339225352,3313.5582669322707,15.284261703491211,-146.0259246826172,72.06147003173828,-146.0259246826172,72.06147003173828,-78.9159164428711,26.978647232055664,-18.96040153503418,3.583616018295288,-15.68719482421875,6.506576061248779,-13.424403190612793,8.018486976623535,-0.7493791580200195,4.364836692810059,-9.905611038208008
urbansound8k,non_emergency,fold10,/kaggle/input/datasets/jeancdevx/urbansound8k/urbansound8k/audio/fold10/162134-7-15-2.wav,4.0,0.08593077212572098,0.00939459353685379,0.3364471800298805,3037.278505470318,2236.5258910186826,5922.310756972111,20.582643508911133,-98.11211395263672,33.41579055786133,-98.11211395263672,33.41579055786133,-6.816954612731934,5.662185192108154,5.322498321533203,10.934123039245605,2.124600648880005,-0.2074941247701645,-3.022585391998291,-3.0151844024658203,-1.3329144716262817,-4.565462112426758,-3.3539226055145264
urbansound8k,non_emergency,fold9,/kaggle/input/datasets/jeancdevx/urbansound8k/urbansound8k/audio/fold9/14111-4-0-5.wav,4.0,0.10959276556968689,0.04754018411040306,0.238296812749004,2912.0175328707264,2354.294629195555,5701.44422310757,15.385298728942871,-131.85125732421875,34.28438186645508,-131.85125732421875,34.28438186645508,7.549165725708008,1.571027398109436,11.030683517456055,16.761384963989258,-9.784475326538086,9.30531120300293,-7.4066290855407715,6.974253177642822,5.6374287605285645,-0.08251454681158066,9.279692649841309
urbansound8k,non_emergency,fold6,/kaggle/input/datasets/jeancdevx/urbansound8k/urbansound8k/audio/fold6/161922-3-1-4.wav,4.0,0.005187122151255608,0.005386706441640854,0.07682161977091634,1303.4729622394489,1640.241696811481,2717.2559760956174,1.1299315690994263,-492.7171325683594,119.76057434082031,-492.7171325683594,119.76057434082031,6.256933212280273,-1.1134264469146729,-3.5361812114715576,8.973299980163574,-8.055582046508789,-4.372365474700928,-8.914493560791016,-6.6776885986328125,-17.105690002441406,-7.197999000549316,-5.336472034454346
urbansound8k,non_emergency,fold6,/kaggle/input/datasets/jeancdevx/urbansound8k/urbansound8k/audio/fold6/111386-5-1-10.wav,4.0,0.09855504333972931,0.011374917812645435,0.12000435756972111,1620.4292437004208,1607.8814223066515,3399.3401394422312,22.019367218017578,-124.67414093017578,104.4128189086914,-124.67414093017578,104.4128189086914,-19.00214195251465,27.892457962036133,-19.703880310058594,10.459354400634766,-4.585466384887695,0.21149924397468567,2.164884328842163,3.1161015033721924,-0.05098876357078552,6.031557559967041,0.6198545694351196
urbansound8k,non_emergency,fold9,/kaggle/input/datasets/jeancdevx/urbansound8k/urbansound8k/audio/fold9/119420-3-0-0.wav,2.99,0.025637026876211166,0.018359703943133354,0.0653356868315508,753.7355002206589,883.7977520663801,1042.5300802139038,5.8225202560424805,-452.8506164550781,177.0167694091797,-452.8506164550781,177.0167694091797,3.6343863010406494,-14.95326042175293,-5.290741920471191,-20.844480514526367,-25.604246139526367,-3.633119583129883,-10.082541465759277,-4.159703254699707,1.8470419645309448,5.678206443786621,0.8778648972511292
urbansound8k,non_emergency,fold10,/kaggle/input/datasets/jeancdevx/urbansound8k/urbansound8k/audio/fold10/101382-2-0-45.wav,4.0,0.005748068448156118,0.003139482345432043,0.17797948829681276,2061.6506300471465,1625.9567195350392,3688.5582669322707,1.2876062393188477,-433.69000244140625,53.97379684448242,-433.69000244140625,53.97379684448242,-65.58647918701172,-13.686984062194824,-32.76020050048828,-24.95769691467285,-26.989368438720703,-19.438814163208008,-23.747404098510742,-11.339884757995605,-14.13659954071045,-1.0738193988800049,-4.470856189727783
urbansound8k,non_emergency,fold7,/kaggle/input/datasets/jeancdevx/urbansound8k/urbansound8k/audio/fold7/99812-1-3-0.wav,2.14,0.0147055359557271,0.009863579645752907,0.3283144822761194,2572.5144817702667,1452.5276148968624,3817.980410447761,2.6907010078430176,-393.0107421875,57.085994720458984,-393.0107421875,57.085994720458984,-22.717649459838867,39.394100189208984,-44.62269592285156,24.008527755737305,3.573660135269165,-11.577996253967285,11.51351547241211,-5.849532127380371,-4.44061803817749,1.808829426765442,0.45720240473747253
urbansound8k,non_emergency,fold7,/kaggle/input/datasets/jeancdevx/urbansound8k/urbansound8k/audio/fold7/209992-5-2-42.wav,4.0,0.05176509916782379,0.008724839426577091,0.04895262699203187,1113.5689565898817,1406.6436800885465,2185.1344621513945,8.693342208862305,-268.5610656738281,128.60821533203125,-268.5610656738281,128.60821533203125,-21.572071075439453,15.863195419311523,-11.188264846801758,33.61819076538086,-3.727224826812744,33.34532928466797,14.235847473144531,1.1472434997558594,-0.006897725164890289,19.596538543701172,5.087130069732666
urbansound8k,non_emergency,fold10,/kaggle/input/datasets/jeancdevx/urbansound8k/urbansound8k/audio/fold10/189982-0-0-6.wav,4.0,0.08452291041612625,0.01052786409854889,0.08399604706175298,1454.373501301129,1757.295403627218,3040.89890438247,17.74836540222168,-166.75506591796875,104.73039245605469,-166.75506591796875,104.73039245605469,-6.074002742767334,19.772686004638672,12.436545372009277,6.865108013153076,3.486069440841675,13.400565147399902,-0.11523254960775375,0.11818195134401321,-10.950790405273438,3.6821141242980957,-0.6739088296890259
urbansound8k,non_emergency,fold6,/kaggle/input/datasets/jeancdevx/urbansound8k/urbansound8k/audio/fold6/184805-0-0-77.wav,4.0,0.018498390913009644,0.0022089898120611906,0.051213116284860555,911.9365275866373,1268.515878940904,1775.0871513944223,3.7807278633117676,-376.8712463378906,145.4280548095703,-376.8712463378906,145.4280548095703,-9.293664932250977,26.00151252746582,10.021657943725586,17.73849868774414,1.0118006467819214,5.985994338989258,0.6947133541107178,2.3433473110198975,-0.6973946690559387,-1.6605234146118164,-7.151004314422607
urbansound8k,non_emergency,fold1,/kaggle/input/datasets/jeancdevx/urbansound8k/urbansound8k/audio/fold1/46656-6-5-0.wav,1.35,0.11232965439558029,0.07384224236011505,0.28650045955882353,2636.822312861743,1473.19519519263,4266.176470588235,26.115095138549805,-150.83349609375,27.31985092163086,-150.83349609375,27.31985092163086,-85.19351196289062,34.47357940673828,-30.464881896972656,5.6214280128479,-31.049640655517578,11.006811141967773,-25.98972511291504,6.078134536743164,-9.034204483032227,8.186345100402832,-7.194407939910889
urbansound8k,non_emergency,fold1,/kaggle/input/datasets/jeancdevx/urbansound8k/urbansound8k/audio/fold1/57320-0-0-21.wav,4.0,0.0563381165266037,0.011400179006159306,0.09571868774900398,1790.6350087555704,2018.9096631384107,4231.075697211156,12.637295722961426,-271.31268310546875,63.355918884277344,-271.31268310546875,63.355918884277344,7.2703728675842285,52.25896072387695,17.35184669494629,13.750346183776855,11.927422523498535,12.017394065856934,-4.355186462402344,26.120267868041992,-11.56947135925293,24.2544002532959,2.4456253051757812
urbansound8k,non_emergency,fold1,/kaggle/input/datasets/jeancdevx/urbansound8k/urbansound8k/audio/fold1/65749-3-1-9.wav,4.0,0.01984165608882904,0.03817879408597946,0.11524604706175298,1531.8282750920705,1525.1387545811249,2648.1573705179285,5.149881839752197,-437.9405517578125,96.33399200439453,-437.9405517578125,96.33399200439453,-37.34181594848633,-29.052602767944336,-23.73309898376465,-47.98713684082031,-30.424617767333984,-17.13329315185547,-31.222553253173828,-16.818038940429688,-3.84689998626709,-11.76684284210205,-13.798017501831055
urbansound8k,non_emergency,fold6,/kaggle/input/datasets/jeancdevx/urbansound8k/urbansound8k/audio/fold6/157322-3-0-5.wav,4.0,0.06271514296531677,0.10372015833854675,0.09324031997011953,1210.896087973697,1270.2905224880085,2078.062749003984,15.119722366333008,-364.6317138671875,118.12043762207031,-364.6317138671875,118.12043762207031,-22.50676918029785,-14.805691719055176,-6.965540885925293,-8.81921100616455,-3.069715738296509,9.511420249938965,-2.0931224822998047,7.227895259857178,12.31494140625,2.880305528640747,-4.688908100128174
urbansound8k,non_emergency,fold8,/kaggle/input/datasets/jeancdevx/urbansound8k/urbansound8k/audio/fold8/33340-7-10-0.wav,0.87,0.1289275735616684,0.06066442281007767,0.21548295454545455,2389.0898172060997,2217.166190468711,5077.840909090909,30.954397201538086,-115.35112762451172,64.31523132324219,-115.35112762451172,64.31523132324219,23.99736785888672,28.42819595336914,2.368640184402466,-5.622400283813477,-15.916915893554688,6.574749946594238,-0.1529839038848877,-3.077934503555298,-4.679691314697266,0.9006352424621582,-4.640580654144287
urbansound8k,non_emergency,fold5,/kaggle/input/datasets/jeancdevx/urbansound8k/urbansound8k/audio/fold5/62566-5-0-6.wav,4.0,0.22745613753795624,0.020056841894984245,0.01665992280876494,353.45188734907214,841.2557068757054,362.7365537848606,46.46745681762695,-304.9822998046875,164.28005981445312,-304.9822998046875,164.28005981445312,44.489044189453125,38.79681396484375,30.016767501831055,23.51698875427246,14.32172966003418,14.521698951721191,4.376303672790527,9.263826370239258,1.559281349182129,1.1291139125823975,-4.327270030975342
urbansound8k,non_emergency,fold5,/kaggle/input/datasets/jeancdevx/urbansound8k/urbansound8k/audio/fold5/203913-8-0-2.wav,4.0,0.20531229674816132,0.04642031714320183,0.1698090450697211,1724.7775342247141,1175.5580068902132,2531.0009960159364,43.833580017089844,-178.43765258789062,82.25938415527344,-178.43765258789062,82.25938415527344,-72.89253234863281,-19.112821578979492,-11.225554466247559,25.38987922668457,-8.612014770507812,-19.97964859008789,-3.54093337059021,4.940402507781982,-21.625524520874023,-8.12668228149414,-3.0170278549194336
urbansound8k,non_emergency,fold2,/kaggle/input/datasets/jeancdevx/urbansound8k/urbansound8k/audio/fold2/149370-9-0-37.wav,4.0,0.04824378341436386,0.009257111698389053,0.11668171065737051,1413.6304221726634,1418.1222125304942,2717.6917330677293,9.477636337280273,-214.95057678222656,120.50047302246094,-214.95057678222656,120.50047302246094,-31.188501358032227,18.27109146118164,-11.2701997756958,13.64189338684082,-7.30397367477417,5.342930793762207,-1.837817907333374,2.2875847816467285,3.075673818588257,7.033824920654297,0.42673566937446594
urbansound8k,non_emergency,fold5,/kaggle/input/datasets/jeancdevx/urbansound8k/urbansound8k/audio/fold5/77774-4-0-0.wav,4.0,0.12363588064908981,0.03240608796477318,0.3335797435258964,3024.208948686241,1622.416064323065,4817.044322709164,26.33889389038086,-115.17005157470703,-28.06562042236328,-115.17005157470703,-28.06562042236328,-75.01080322265625,12.870867729187012,-8.64162826538086,2.94580078125,-5.85415506362915,4.9249396324157715,-2.3243556022644043,-2.1101837158203125,-6.820542812347412,2.190749406814575,-6.824428081512451
urbansound8k,non_emergency,fold10,/kaggle/input/datasets/jeancdevx/urbansound8k/urbansound8k/audio/fold10/118278-4-0-2.wav,4.0,0.020087892189621925,0.006962502375245094,0.12061519546812749,1778.4665221851885,1851.2111223660552,3639.5667330677293,4.456523418426514,-311.32183837890625,78.3734130859375,-311.32183837890625,78.3734130859375,-30.43467903137207,6.550083160400391,8.981986045837402,17.71688461303711,14.831937789916992,14.598133087158203,15.440155029296875,10.303287506103516,10.410429000854492,-0.24137793481349945,-0.053414713591337204
urbansound8k,non_emergency,fold3,/kaggle/input/datasets/jeancdevx/urbansound8k/urbansound8k/audio/fold3/144068-5-0-12.wav,4.0,0.049714915454387665,0.003113960847258568,0.2149371264940239,2406.15680111059,2113.1686869449554,5118.152390438247,10.829416275024414,-153.954345703125,65.19796752929688,-153.954345703125,65.19796752929688,-2.231149911880493,4.571414470672607,-9.088724136352539,4.730883598327637,-9.171154975891113,4.681868553161621,-4.130065441131592,8.593738555908203,2.1337220668792725,-8.356209754943848,-4.195782661437988
urbansound8k,non_emergency,fold5,/kaggle/input/datasets/jeancdevx/urbansound8k/urbansound8k/audio/fold5/99185-3-0-0.wav,0.6095625,0.10736198723316193,0.06290804594755173,0.11288060897435898,1434.4938229648121,1314.281809545302,2150.2403846153848,25.80862045288086,-278.2724914550781,87.77452087402344,-278.2724914550781,87.77452087402344,-67.53951263427734,-70.47270965576172,-40.91581344604492,-13.423198699951172,-25.588123321533203,29.34547233581543,6.029490947723389,18.85296630859375,-23.490463256835938,-0.9187343120574951,-5.036740303039551
urbansound8k,non_emergency,fold8,/kaggle/input/datasets/jeancdevx/urbansound8k/urbansound8k/audio/fold8/34866-9-0-10.wav,4.0,0.07675537467002869,0.04524347186088562,0.10446106200199202,1494.4640569800026,1702.7782724982237,3199.9501992031874,17.328535079956055,-235.90435791015625,109.70046997070312,-235.90435791015625,109.70046997070312,5.358865261077881,0.9824949502944946,-11.747295379638672,-5.791828632354736,-15.858624458312988,-9.403003692626953,-16.681703567504883,1.5192314386367798,-18.307836532592773,-0.0644678995013237,-7.314199447631836
urbansound8k,non_emergency,fold1,/kaggle/input/datasets/jeancdevx/urbansound8k/urbansound8k/audio/fold1/46918-5-0-1.wav,4.0,0.06440819799900055,0.006240950431674719,0.03756458540836653,554.9156044859376,1080.8247070120103,1265.1892430278886,3.918058395385742,-451.7260437011719,141.3719940185547,-451.7260437011719,141.3719940185547,31.9155216217041,34.89258575439453,20.332887649536133,11.805407524108887,9.50689697265625,29.168455123901367,9.353431701660156,6.035189151763916,5.977085113525391,19.66971778869629,0.546502947807312
urbansound8k,non_emergency,fold4,/kaggle/input/datasets/jeancdevx/urbansound8k/urbansound8k/audio/fold4/171305-7-22-0.wav,3.57,0.053581494837999344,0.03170093521475792,0.2903355189732143,3154.7571512156237,2550.920409577768,6614.188058035715,11.774260520935059,-206.9503173828125,50.53272247314453,-206.9503173828125,50.53272247314453,4.328083515167236,1.0307132005691528,7.975183963775635,-23.540390014648438,4.379149436950684,-18.10549545288086,-7.998100280761719,-1.0585397481918335,-8.496343612670898,-8.603763580322266,-5.917625904083252
urbansound8k,non_emergency,fold2,/kaggle/input/datasets/jeancdevx/urbansound8k/urbansound8k/audio/fold2/185800-4-1-0.wav,1.3073125,0.06150073558092117,0.02719331905245781,0.3549090129573171,3134.0862966707,1959.5909197837468,5338.605182926829,14.658287048339844,-162.82582092285156,11.327618598937988,-162.82582092285156,11.327618598937988,-7.747180461883545,31.678823471069336,-7.0420966148376465,12.238472938537598,3.7110345363616943,12.40079116821289,4.739287853240967,-2.094364881515503,-0.6409545540809631,6.465554714202881,-4.078628063201904
urbansound8k,non_emergency,fold5,/kaggle/input/datasets/jeancdevx/urbansound8k/urbansound8k/audio/fold5/65472-1-0-0.wav,0.885375,0.04457445815205574,0.03538217023015022,0.3173828125,2556.577994628592,1751.8731144627175,4048.270089285714,7.712047100067139,-253.65243530273438,49.686439514160156,-253.65243530273438,49.686439514160156,-7.445308685302734,42.33127975463867,-20.515933990478516,6.987926006317139,3.963510274887085,-10.956400871276855,4.8855204582214355,0.4925810694694519,-21.077205657958984,13.561841011047363,-9.079554557800293
urbansound8k,non_emergency,fold2,/kaggle/input/datasets/jeancdevx/urbansound8k/urbansound8k/audio/fold2/196384-9-0-16.wav,4.0,0.09066683053970337,0.04849701374769211,0.1819207544820717,2054.198166627365,2111.753666103326,4704.432270916334,18.33051109313965,-204.58969116210938,80.76658630371094,-204.58969116210938,80.76658630371094,14.330559730529785,11.267741203308105,9.097519874572754,-0.023921465501189232,3.145232677459717,1.7396736145019531,0.06659762561321259,4.687849521636963,-13.963279724121094,-4.43839693069458,-19.692214965820312
urbansound8k,non_emergency,fold9,/kaggle/input/datasets/jeancdevx/urbansound8k/urbansound8k/audio/fold9/60935-2-0-4.wav,4.0,0.012665467336773872,0.009115822613239288,0.20454121015936255,2195.1475748680095,1656.4555818622378,4019.733565737052,2.935162305831909,-453.18115234375,51.88744354248047,-453.18115234375,51.88744354248047,-25.62405776977539,37.326393127441406,6.275967121124268,29.11824607849121,-18.813528060913086,11.899443626403809,-3.6896579265594482,12.310951232910156,6.3535003662109375,-3.5446760654449463,12.982282638549805
urbansound8k,non_emergency,fold2,/kaggle/input/datasets/jeancdevx/urbansound8k/urbansound8k/audio/fold2/77751-4-8-0.wav,3.34,0.03784729540348053,0.010077849961817265,0.05335582386363636,1033.5685368103618,1529.2270887862687,1924.4916267942583,7.213109016418457,-305.8579406738281,136.32803344726562,-305.8579406738281,136.32803344726562,25.52859115600586,12.417502403259277,-1.9181901216506958,0.7897239327430725,-8.857293128967285,5.002316951751709,5.735198497772217,-3.5188159942626953,-10.325798034667969,4.7884321212768555,-3.06148362159729
urbansound8k,non_emergency,fold3,/kaggle/input/datasets/jeancdevx/urbansound8k/urbansound8k/audio/fold3/6988-5-0-5.wav,4.0,0.23134899139404297,0.06687314063310623,0.020698456175298804,759.4554001658224,1153.844530442089,1679.780876494024,40.38794708251953,-198.54713439941406,145.9585418701172,-198.54713439941406,145.9585418701172,-21.489784240722656,33.55498504638672,3.0087242126464844,20.205541610717773,7.058607578277588,13.892862319946289,6.2698259353637695,5.713512897491455,5.7511138916015625,6.889173984527588,3.1568708419799805
urbansound8k,non_emergency,fold5,/kaggle/input/datasets/jeancdevx/urbansound8k/urbansound8k/audio/fold5/178686-0-0-21.wav,4.0,0.009135021828114986,0.0012047792552039027,0.05988934885458167,989.9814896476546,1228.1926694796082,2024.0288844621514,1.9462844133377075,-421.31195068359375,151.17678833007812,-421.31195068359375,151.17678833007812,-22.539608001708984,33.123268127441406,-6.023558139801025,15.737629890441895,2.504216194152832,8.097033500671387,4.74988317489624,0.009391101077198982,-1.096736192703247,4.536087989807129,0.10303705185651779
urbansound8k,non_emergency,fold1,/kaggle/input/datasets/jeancdevx/urbansound8k/urbansound8k/audio/fold1/57320-0-0-34.wav,4.0,0.055356476455926895,0.011015566065907478,0.049427290836653384,1399.1443662167185,1948.19603709212,3616.7206175298807,11.912578582763672,-303.18096923828125,72.9496841430664,-303.18096923828125,72.9496841430664,18.70304298400879,49.256996154785156,18.859722137451172,14.067044258117676,6.120441913604736,17.72229766845703,1.5727641582489014,21.608219146728516,-2.066068410873413,15.000663757324219,2.630810499191284
urbansound8k,non_emergency,fold7,/kaggle/input/datasets/jeancdevx/urbansound8k/urbansound8k/audio/fold7/71529-4-1-6.wav,4.0,0.01536660734564066,0.011718793772161007,0.2848060881474104,2692.9539781278268,1941.1574816881894,4861.05577689243,3.416206121444702,-332.6563720703125,37.54704284667969,-332.6563720703125,37.54704284667969,-20.436534881591797,1.076984167098999,-11.86043930053711,14.280176162719727,-0.7322759628295898,7.525582313537598,1.9235769510269165,2.77821683883667,-6.97841739654541,3.670457363128662,4.033843040466309
urbansound8k,non_emergency,fold2,/kaggle/input/datasets/jeancdevx/urbansound8k/urbansound8k/audio/fold2/178521-2-0-22.wav,4.0,0.012997372075915337,0.003622564487159252,0.1926785047310757,2023.1384877109983,1610.3856790714635,3905.5029880478087,2.888507843017578,-315.57830810546875,75.82542419433594,-315.57830810546875,75.82542419433594,-45.770259857177734,11.000266075134277,-15.765860557556152,23.213665008544922,-3.4759726524353027,10.504980087280273,-1.2812696695327759,0.7816779613494873,5.049849033355713,3.4943113327026367,0.58320552110672
urbansound8k,non_emergency,fold8,/kaggle/input/datasets/jeancdevx/urbansound8k/urbansound8k/audio/fold8/42324-4-1-0.wav,1.6354375,0.012457655742764473,0.005175551865249872,0.47894227851941745,4057.065381214818,2440.9569558101034,6861.953883495145,2.898782730102539,-338.2310791015625,2.861351728439331,-338.2310791015625,2.861351728439331,25.529619216918945,10.548169136047363,20.191471099853516,-8.533086776733398,-1.8740031719207764,7.6245951652526855,2.353008270263672,7.614355087280273,-1.5362430810928345,6.405435085296631,4.689157962799072
urbansound8k,non_emergency,fold10,/kaggle/input/datasets/jeancdevx/urbansound8k/urbansound8k/audio/fold10/102857-5-0-24.wav,4.0,0.12816858291625977,0.010228127241134644,0.027227029382470118,1305.3192799754852,1769.6489303738724,2863.8570717131474,16.557069778442383,-202.8136444091797,94.98534393310547,-202.8136444091797,94.98534393310547,-10.508566856384277,12.96367359161377,10.728692054748535,16.970823287963867,19.67986297607422,25.724119186401367,3.5889203548431396,6.79454231262207,6.170150279998779,16.835311889648438,0.029453353956341743
urbansound8k,non_emergency,fold8,/kaggle/input/datasets/jeancdevx/urbansound8k/urbansound8k/audio/fold8/7390-9-1-11.wav,4.0,0.07819850742816925,0.10053340345621109,0.11766994521912351,1438.7986423359384,1561.9249621680692,2955.5527888446213,17.62652587890625,-225.08021545410156,107.75708770751953,-225.08021545410156,107.75708770751953,-5.860964298248291,33.192909240722656,-4.358422756195068,3.8625857830047607,-12.467521667480469,8.788784980773926,1.4157955646514893,-1.0052071809768677,-6.2288031578063965,10.66973876953125,-11.830588340759277
urbansound8k,non_emergency,fold10,/kaggle/input/datasets/jeancdevx/urbansound8k/urbansound8k/audio/fold10/102857-5-0-8.wav,4.0,0.1221412867307663,0.010032129473984241,0.03205537226095617,1348.9279485250768,1763.62637535738,2898.9043824701193,16.708955764770508,-201.53013610839844,92.64522552490234,-201.53013610839844,92.64522552490234,-14.042825698852539,12.879192352294922,11.619260787963867,17.515625,19.07455825805664,26.663728713989258,3.2019941806793213,6.130111217498779,10.114779472351074,19.38422203063965,-0.7822149991989136
urbansound8k,non_emergency,fold9,/kaggle/input/datasets/jeancdevx/urbansound8k/urbansound8k/audio/fold9/137803-3-0-1.wav,4.0,0.1532174050807953,0.09973499178886414,0.09019391185258964,1270.2121741412639,1427.3222331058616,2208.167330677291,34.13702392578125,-197.81231689453125,125.77335357666016,-197.81231689453125,125.77335357666016,-15.078272819519043,-25.07570457458496,-23.22673797607422,-9.754976272583008,-13.020392417907715,-6.084598064422607,-18.657772064208984,-12.740887641906738,-9.902383804321289,-2.1473755836486816,3.0404422283172607
urbansound8k,non_emergency,fold10,/kaggle/input/datasets/jeancdevx/urbansound8k/urbansound8k/audio/fold10/101382-2-0-42.wav,4.0,0.014696108177304268,0.01473071239888668,0.18726266807768924,2121.5137606173566,1601.5467256432141,3742.218625498008,3.395146369934082,-395.909423828125,43.22763442993164,-395.909423828125,43.22763442993164,-68.43406677246094,-19.790651321411133,-31.15753746032715,-20.95248031616211,-26.945701599121094,-18.68776512145996,-22.933088302612305,-9.807950973510742,-16.065921783447266,-0.4636150896549225,-4.180281639099121
urbansound8k,non_emergency,fold4,/kaggle/input/datasets/jeancdevx/urbansound8k/urbansound8k/audio/fold4/55018-0-0-148.wav,4.0,0.04287954047322273,0.007720315363258123,0.06463209661354581,1300.4184872946244,1697.3395368798103,2843.2519920318723,8.059442520141602,-270.4707946777344,105.30498504638672,-270.4707946777344,105.30498504638672,0.819491982460022,31.714542388916016,16.092477798461914,12.871926307678223,7.469535827636719,13.409994125366211,0.39062872529029846,6.344271183013916,-2.0681657791137695,2.803424835205078,-6.314755439758301
urbansound8k,non_emergency,fold1,/kaggle/input/datasets/jeancdevx/urbansound8k/urbansound8k/audio/fold1/119455-5-0-0.wav,4.0,0.04536978155374527,0.004415175877511501,0.14178831548804782,2235.917524946512,2283.467995793089,5402.328187250996,11.199355125427246,-224.2347869873047,70.69692993164062,-224.2347869873047,70.69692993164062,21.432662963867188,-0.22543825209140778,-10.920546531677246,9.36788272857666,5.377303600311279,12.238481521606445,-1.4324175119400024,12.46549129486084,4.0230937004089355,13.71533489227295,2.466674566268921
urbansound8k,non_emergency,fold10,/kaggle/input/datasets/jeancdevx/urbansound8k/urbansound8k/audio/fold10/14470-2-0-4.wav,4.0,0.015207372605800629,0.009473999962210655,0.13386298555776893,1762.22176394195,1617.7704672343853,3635.582669322709,2.9001827239990234,-369.57177734375,88.3105697631836,-369.57177734375,88.3105697631836,-26.717487335205078,9.721002578735352,-23.338979721069336,9.50472354888916,-17.412567138671875,-2.5422847270965576,-0.5187287926673889,1.9358488321304321,-4.697548866271973,-4.478977203369141,-9.160704612731934
urbansound8k,non_emergency,fold3,/kaggle/input/datasets/jeancdevx/urbansound8k/urbansound8k/audio/fold3/30204-0-0-9.wav,4.0,0.1128200814127922,0.02191331796348095,0.04475457544820717,1486.7880006215426,2054.920030864549,3648.5308764940237,18.80695152282715,-199.17205810546875,86.96865844726562,-199.17205810546875,86.96865844726562,14.557207107543945,23.784862518310547,21.70011329650879,6.691527843475342,18.36888885498047,9.273959159851074,6.90865421295166,9.605473518371582,2.6615099906921387,3.655182123184204,-1.9191972017288208
urbansound8k,non_emergency,fold10,/kaggle/input/datasets/jeancdevx/urbansound8k/urbansound8k/audio/fold10/162134-7-9-3.wav,4.0,0.07901867479085922,0.011619871482253075,0.3090800859063745,2904.5399133984615,2152.565291534328,5623.443725099602,18.94402313232422,-107.4305419921875,35.65544509887695,-107.4305419921875,35.65544509887695,-9.38642406463623,10.486353874206543,3.2391912937164307,12.8803071975708,0.4607411026954651,2.3097212314605713,2.0562264919281006,-1.6597596406936646,-4.227832794189453,-7.140534400939941,-4.642489433288574
urbansound8k,non_emergency,fold10,/kaggle/input/datasets/jeancdevx/urbansound8k/urbansound8k/audio/fold10/165166-8-0-8.wav,4.0,0.08283481001853943,0.05942414328455925,0.12142445841633466,1502.407187154824,1443.1244852992822,2811.192729083665,17.095258712768555,-230.746826171875,102.12432861328125,-230.746826171875,102.12432861328125,-40.94050979614258,-5.8485212326049805,1.1634140014648438,23.014575958251953,7.216952323913574,18.9003849029541,9.245354652404785,9.573802947998047,1.0208139419555664,2.849177122116089,-3.722771406173706
urbansound8k,non_emergency,fold8,/kaggle/input/datasets/jeancdevx/urbansound8k/urbansound8k/audio/fold8/171243-9-0-81.wav,4.0,0.05571375787258148,0.02291368879377842,0.13475395293824702,1558.4781808058121,1394.1699740098873,2825.4482071713146,11.182600975036621,-237.409423828125,96.15768432617188,-237.409423828125,96.15768432617188,-52.77956008911133,7.964013576507568,-27.846237182617188,-20.86753273010254,-31.492544174194336,-23.634567260742188,-17.05530548095703,-15.91775894165039,-18.157880783081055,-21.067670822143555,-4.96461820602417
urbansound8k,non_emergency,fold8,/kaggle/input/datasets/jeancdevx/urbansound8k/urbansound8k/audio/fold8/50668-5-5-2.wav,4.0,0.03775015473365784,0.006444100756198168,0.12300407744023904,2153.474050837514,2058.6237079510192,4650.336155378486,5.748541355133057,-233.79690551757812,61.52418518066406,-233.79690551757812,61.52418518066406,5.655292987823486,37.37375259399414,7.431399345397949,18.390583038330078,5.572988510131836,11.505537986755371,1.984388828277588,7.142034530639648,-2.351677179336548,-2.2699389457702637,-4.353837013244629
urbansound8k,non_emergency,fold10,/kaggle/input/datasets/jeancdevx/urbansound8k/urbansound8k/audio/fold10/162134-7-17-1.wav,4.0,0.07709392160177231,0.008060912601649761,0.29792548555776893,2881.3889219028665,2237.0534210221963,5780.5652390438245,18.633926391601562,-112.11385345458984,42.08137130737305,-112.11385345458984,42.08137130737305,1.295806884765625,6.955977916717529,2.951768636703491,15.828926086425781,-1.3962827920913696,3.4459118843078613,-3.6238200664520264,-1.3104009628295898,-4.574045658111572,-6.29066276550293,-4.361194133758545
urbansound8k,non_emergency,fold6,/kaggle/input/datasets/jeancdevx/urbansound8k/urbansound8k/audio/fold6/184805-0-0-99.wav,4.0,0.012463152408599854,0.0017264018533751369,0.05336077564741036,985.0937437169765,1342.586012110351,1996.3894422310757,2.6591453552246094,-403.122314453125,140.19151306152344,-403.122314453125,140.19151306152344,-7.774396896362305,24.870071411132812,6.970479488372803,13.582359313964844,4.766350269317627,4.975035190582275,-1.337208867073059,5.4628729820251465,0.13535445928573608,0.3755185008049011,-4.840834140777588
urbansound8k,non_emergency,fold2,/kaggle/input/datasets/jeancdevx/urbansound8k/urbansound8k/audio/fold2/178521-2-0-18.wav,4.0,0.012476109899580479,0.003522555809468031,0.1875894858067729,1984.1210686866077,1611.0798569507006,3774.9003984063743,2.7157559394836426,-318.02166748046875,78.16059112548828,-318.02166748046875,78.16059112548828,-43.25725555419922,14.547883033752441,-12.017675399780273,16.4215145111084,-5.032537460327148,9.94676685333252,0.43217960000038147,2.8606977462768555,2.1610918045043945,4.030681610107422,3.826524257659912
urbansound8k,non_emergency,fold6,/kaggle/input/datasets/jeancdevx/urbansound8k/urbansound8k/audio/fold6/30206-7-0-28.wav,4.0,0.06747476756572723,0.02095637656748295,0.08176279257968128,1597.430089891473,2065.1361300328426,3887.761454183267,14.59572696685791,-208.1533966064453,96.72500610351562,-208.1533966064453,96.72500610351562,13.177960395812988,14.279099464416504,25.809940338134766,8.865633964538574,9.310708045959473,4.016659259796143,5.103593349456787,5.912421703338623,-3.499436140060425,2.021754503250122,-6.664822578430176
urbansound8k,non_emergency,fold3,/kaggle/input/datasets/jeancdevx/urbansound8k/urbansound8k/audio/fold3/72537-3-0-8.wav,4.0,0.1804906278848648,0.21546651422977448,0.1331081922310757,1652.106443482292,1310.2208647397913,3251.5562749003984,45.97114944458008,-199.92379760742188,95.17147064208984,-199.92379760742188,95.17147064208984,-69.54292297363281,27.715730667114258,-37.439697265625,6.142613887786865,-28.893625259399414,-9.220514297485352,1.316607117652893,-5.076144218444824,22.98982048034668,0.8009305596351624,11.923968315124512
urbansound8k,non_emergency,fold1,/kaggle/input/datasets/jeancdevx/urbansound8k/urbansound8k/audio/fold1/174276-7-4-0.wav,4.0,0.05644240602850914,0.01330939307808876,0.3124182955677291,3248.6769807176925,2324.647137130909,6032.806274900398,10.652198791503906,-154.99502563476562,24.17281150817871,-154.99502563476562,24.17281150817871,9.953543663024902,15.094273567199707,7.6962199211120605,9.00523567199707,-0.5681815147399902,8.886951446533203,-4.19160795211792,16.299898147583008,6.377682209014893,6.057095527648926,3.5602283477783203
urbansound8k,non_emergency,fold2,/kaggle/input/datasets/jeancdevx/urbansound8k/urbansound8k/audio/fold2/203929-7-6-10.wav,4.0,0.07123519480228424,0.0060454788617789745,0.09596380104581673,1219.6179825828276,1330.8179668273895,2462.9606573705178,15.624424934387207,-189.4676971435547,140.6067657470703,-189.4676971435547,140.6067657470703,-20.390857696533203,10.009506225585938,-32.16193389892578,23.1622257232666,-3.8656842708587646,-4.761014461517334,-7.8864922523498535,4.394286155700684,-4.724617958068848,-5.565709590911865,-7.701385021209717
urbansound8k,non_emergency,fold4,/kaggle/input/datasets/jeancdevx/urbansound8k/urbansound8k/audio/fold4/162435-6-3-0.wav,0.72725,0.11513850837945938,0.1329423189163208,0.07224439538043478,1858.7202414919013,1904.4265253521598,4082.540760869565,34.63541793823242,-302.0227355957031,45.47785568237305,-302.0227355957031,45.47785568237305,0.5156887173652649,20.543466567993164,1.1036458015441895,-5.646363735198975,0.3123272955417633,4.168450832366943,-5.000081539154053,6.270257472991943,-0.9240092635154724,5.7083659172058105,1.4954214096069336
urbansound8k,non_emergency,fold5,/kaggle/input/datasets/jeancdevx/urbansound8k/urbansound8k/audio/fold5/196085-2-0-1.wav,4.0,0.031044458970427513,0.05134075880050659,0.09173462400398406,1609.1608630608405,1850.392002610736,3690.8615537848605,7.259189128875732,-411.9219055175781,76.99928283691406,-411.9219055175781,76.99928283691406,23.881914138793945,38.367095947265625,3.3567843437194824,-2.0612101554870605,-9.850057601928711,-8.279367446899414,-6.820613861083984,6.509459972381592,1.3920152187347412,-3.518078565597534,2.1417999267578125
urbansound8k,non_emergency,fold5,/kaggle/input/datasets/jeancdevx/urbansound8k/urbansound8k/audio/fold5/180128-4-6-0.wav,4.0,0.054141636937856674,0.013762326911091805,0.2506847609561753,2648.231455343966,2082.1843896096416,5187.437749003984,10.484404563903809,-158.6414031982422,50.72773361206055,-158.6414031982422,50.72773361206055,5.67026948928833,19.93126106262207,-16.829280853271484,13.705422401428223,-8.562206268310547,-0.08469904214143753,-12.843353271484375,6.914066314697266,-6.149260520935059,2.9884192943573,-4.878145694732666
urbansound8k,non_emergency,fold1,/kaggle/input/datasets/jeancdevx/urbansound8k/urbansound8k/audio/fold1/78360-4-0-6.wav,4.0,0.11737770587205887,0.014645649120211601,0.296839983814741,2954.070428849769,1806.1592522064425,5193.289342629482,24.528961181640625,-109.68631744384766,-14.17945384979248,-109.68631744384766,-14.17945384979248,-66.2818603515625,-2.976426124572754,2.811720848083496,0.07590709626674652,-22.009538650512695,1.1229472160339355,1.5383555889129639,1.4679639339447021,0.14637239277362823,-1.844268560409546,-7.237424373626709
urbansound8k,non_emergency,fold10,/kaggle/input/datasets/jeancdevx/urbansound8k/urbansound8k/audio/fold10/208652-8-0-0.wav,4.0,0.006290965247899294,0.0017057724762707949,0.23744864292828685,2584.7504473382473,2073.409748380687,5451.44422310757,1.301135778427124,-382.59600830078125,48.441650390625,-382.59600830078125,48.441650390625,-22.11682891845703,-6.3236002922058105,9.705315589904785,21.240724563598633,-0.5747168660163879,-3.8817124366760254,-16.901199340820312,10.937434196472168,-4.922967910766602,5.654327869415283,-7.1385016441345215
urbansound8k,non_emergency,fold3,/kaggle/input/datasets/jeancdevx/urbansound8k/urbansound8k/audio/fold3/13230-0-0-8.wav,4.0,0.022364359349012375,0.0027014233637601137,0.123039093625498,1378.1910821232352,1397.2004574642317,2394.235557768924,4.146841049194336,-295.1391906738281,122.8652114868164,-295.1391906738281,122.8652114868164,-37.99626541137695,13.411314010620117,15.096853256225586,7.935582637786865,-6.405703544616699,6.438181400299072,0.5438936352729797,4.2362141609191895,-3.5287113189697266,-1.8450721502304077,-7.983202934265137
urbansound8k,non_emergency,fold10,/kaggle/input/datasets/jeancdevx/urbansound8k/urbansound8k/audio/fold10/207213-2-0-52.wav,4.0,0.017396120354533195,0.014383090659976006,0.16031576817729085,1880.8063267212074,1502.8600608543898,3527.9506972111553,3.4429259300231934,-362.93994140625,80.50364685058594,-362.93994140625,80.50364685058594,-48.26799011230469,12.27790355682373,-23.94072914123535,11.094807624816895,-15.235513687133789,2.603327989578247,-8.722874641418457,-10.778722763061523,-12.634260177612305,-0.9644753336906433,-7.129646301269531
urbansound8k,non_emergency,fold8,/kaggle/input/datasets/jeancdevx/urbansound8k/urbansound8k/audio/fold8/33340-7-11-0.wav,3.1396875,0.14210906624794006,0.05133563652634621,0.1819231836928934,2360.2760599486173,2206.7695408117743,5104.219543147208,33.817684173583984,-96.82975769042969,63.527015686035156,-96.82975769042969,63.527015686035156,19.205520629882812,30.16929817199707,3.9902846813201904,-6.130732536315918,-7.504462718963623,-0.019287893548607826,-3.2699191570281982,-5.0810394287109375,-1.7367677688598633,6.1425371170043945,-8.000834465026855
urbansound8k,non_emergency,fold4,/kaggle/input/datasets/jeancdevx/urbansound8k/urbansound8k/audio/fold4/159751-8-0-18.wav,4.0,0.01901930756866932,0.004082805942744017,0.0584964828187251,654.936464831925,833.724105244281,1076.008466135458,2.901249885559082,-442.67169189453125,195.9918212890625,-442.67169189453125,195.9918212890625,-2.9148600101470947,12.819570541381836,-7.680371284484863,7.234715461730957,6.2983012199401855,-10.438441276550293,-0.17830327153205872,1.2727798223495483,-5.452932357788086,-0.5937277674674988,-13.667433738708496
urbansound8k,non_emergency,fold9,/kaggle/input/datasets/jeancdevx/urbansound8k/urbansound8k/audio/fold9/18592-5-0-2.wav,4.0,0.035832662135362625,0.0034686606377363205,0.01783491035856574,707.4500045071405,1183.7776970560171,1399.6513944223107,4.075229167938232,-385.2085266113281,151.6476287841797,-385.2085266113281,151.6476287841797,-12.108680725097656,18.888334274291992,20.340553283691406,4.584621906280518,15.217548370361328,1.9808344841003418,-2.6889915466308594,11.438470840454102,14.140623092651367,16.21692657470703,1.9182260036468506
urbansound8k,non_emergency,fold8,/kaggle/input/datasets/jeancdevx/urbansound8k/urbansound8k/audio/fold8/113202-5-0-15.wav,4.0,0.04808643087744713,0.00503958435729146,0.03101655876494024,655.2092157493162,1244.9142035155342,1052.8510956175298,7.974059581756592,-351.08709716796875,144.32342529296875,-351.08709716796875,144.32342529296875,26.48777198791504,25.38286781311035,10.739747047424316,25.78019905090332,13.926161766052246,17.25631332397461,7.3012261390686035,3.6511952877044678,3.3504767417907715,6.482398509979248,5.372014045715332
urbansound8k,non_emergency,fold7,/kaggle/input/datasets/jeancdevx/urbansound8k/urbansound8k/audio/fold7/177537-7-0-1.wav,4.0,0.0833493024110794,0.01121405977755785,0.07712509337649402,1542.832047941366,1977.380825454698,3949.5766932270917,16.174440383911133,-182.8179168701172,103.64381408691406,-182.8179168701172,103.64381408691406,17.109088897705078,7.353907108306885,10.640810012817383,18.569454193115234,2.4484264850616455,9.617452621459961,-6.1537981033325195,4.162595748901367,-9.511469841003418,2.636461019515991,-7.536080360412598
urbansound8k,non_emergency,fold8,/kaggle/input/datasets/jeancdevx/urbansound8k/urbansound8k/audio/fold8/66324-9-0-42.wav,4.0,0.04695871099829674,0.012309781275689602,0.0752925796812749,1473.0717916087335,1943.1869348726382,3736.7405378486055,9.27815055847168,-260.77142333984375,99.33882141113281,-260.77142333984375,99.33882141113281,31.486473083496094,26.046188354492188,5.681856155395508,9.350889205932617,-1.7314327955245972,5.608659267425537,-0.995890200138092,4.041345596313477,-3.6359341144561768,-0.724906861782074,-1.6881942749023438
urbansound8k,non_emergency,fold1,/kaggle/input/datasets/jeancdevx/urbansound8k/urbansound8k/audio/fold1/137156-9-0-79.wav,4.0,0.0874861478805542,0.026099365204572678,0.08422559760956175,1397.931838917458,1612.592776948959,2958.042828685259,16.945192337036133,-214.72323608398438,98.23697662353516,-214.72323608398438,98.23697662353516,-13.761093139648438,-0.848385751247406,-20.174715042114258,-11.765278816223145,-33.68022155761719,-24.986164093017578,-18.120285034179688,-16.480670928955078,-24.553770065307617,-17.607654571533203,-23.929948806762695
urbansound8k,non_emergency,fold7,/kaggle/input/datasets/jeancdevx/urbansound8k/urbansound8k/audio/fold7/189987-0-0-4.wav,4.0,0.08720949292182922,0.012067805975675583,0.08666894920318725,1467.8884371379297,1753.515719258457,3021.4143426294822,18.142269134521484,-161.95176696777344,104.56839752197266,-161.95176696777344,104.56839752197266,-7.228987216949463,19.099437713623047,12.40660572052002,4.494621753692627,4.413178443908691,15.648881912231445,-2.1715283393859863,-3.0518412590026855,-9.246491432189941,1.7467814683914185,-4.1112823486328125
urbansound8k,non_emergency,fold5,/kaggle/input/datasets/jeancdevx/urbansound8k/urbansound8k/audio/fold5/162432-6-0-0.wav,1.05975,0.0747859925031662,0.14112208783626556,0.04951317630597015,950.5097371975697,1297.2847453255927,1948.4608208955224,17.006441116333008,-437.84515380859375,33.84235763549805,-437.84515380859375,33.84235763549805,-1.0005611181259155,7.044479846954346,2.7285361289978027,4.158849716186523,3.3793413639068604,4.524392127990723,2.6034531593322754,5.3581671714782715,1.7949714660644531,3.732928514480591,4.968164920806885
urbansound8k,non_emergency,fold4,/kaggle/input/datasets/jeancdevx/urbansound8k/urbansound8k/audio/fold4/7389-1-4-7.wav,4.0,0.061795804649591446,0.00890433695167303,0.1058578187250996,1352.2082845525865,1465.169417899358,2608.441235059761,11.8020601272583,-202.16139221191406,121.9375,-202.16139221191406,121.9375,-21.05245590209961,14.278810501098633,-5.308457851409912,4.028680324554443,2.427882194519043,0.37520214915275574,-2.0938613414764404,0.6774125695228577,-10.562005043029785,-0.7476525902748108,-11.944098472595215
urbansound8k,non_emergency,fold2,/kaggle/input/datasets/jeancdevx/urbansound8k/urbansound8k/audio/fold2/46668-4-0-2.wav,4.0,0.026541877537965775,0.020631732419133186,0.5202938247011952,4121.153794206754,2067.9403246571565,6338.147410358566,5.855496883392334,-277.29364013671875,-14.144664764404297,-277.29364013671875,-14.144664764404297,30.935346603393555,15.893149375915527,-11.633817672729492,12.057914733886719,-5.203657627105713,3.2807724475860596,-10.574827194213867,0.11700816452503204,2.443927764892578,1.696582555770874,1.9198510646820068
urbansound8k,non_emergency,fold4,/kaggle/input/datasets/jeancdevx/urbansound8k/urbansound8k/audio/fold4/144007-5-0-4.wav,4.0,0.10106289386749268,0.010170544497668743,0.11022706050796813,1725.848877420519,1689.3733291412073,3730.3909362549803,19.920804977416992,-135.89732360839844,97.22340393066406,-135.89732360839844,97.22340393066406,-10.81059455871582,39.78229522705078,-24.23456382751465,19.503427505493164,2.7792370319366455,10.254546165466309,0.883751392364502,-4.19559383392334,5.830848217010498,1.6439427137374878,-1.932672381401062
urbansound8k,non_emergency,fold9,/kaggle/input/datasets/jeancdevx/urbansound8k/urbansound8k/audio/fold9/207211-2-0-141.wav,4.0,0.011211597360670567,0.004101913888007402,0.16255291334661354,1773.3255144177133,1549.3424635681774,3224.1035856573703,2.538973093032837,-365.3863830566406,91.27110290527344,-365.3863830566406,91.27110290527344,-39.34413146972656,5.236424922943115,-19.240798950195312,-10.362518310546875,-12.474983215332031,-5.174267768859863,-14.769445419311523,-4.1114044189453125,-12.626237869262695,-9.408782958984375,-5.68243932723999
urbansound8k,non_emergency,fold3,/kaggle/input/datasets/jeancdevx/urbansound8k/urbansound8k/audio/fold3/15356-2-0-0.wav,4.0,0.01168240886181593,0.005652846768498421,0.15242156374501992,1911.3041822188798,1653.9750578044232,3699.887948207171,2.7403247356414795,-390.9552001953125,75.79756164550781,-390.9552001953125,75.79756164550781,-25.936092376708984,16.49237632751465,-8.480850219726562,17.98251724243164,0.23854635655879974,12.821441650390625,1.538883090019226,4.720231056213379,-3.4791758060455322,-0.9807537198066711,-0.0725206509232521
urbansound8k,non_emergency,fold5,/kaggle/input/datasets/jeancdevx/urbansound8k/urbansound8k/audio/fold5/85569-0-0-1.wav,4.0,0.011351894587278366,0.0019077588804066181,0.04429547435258964,870.5681681746939,1274.565861552598,1640.2514940239043,2.3958725929260254,-425.09954833984375,149.3483123779297,-425.09954833984375,149.3483123779297,-3.594240665435791,20.358797073364258,3.536532163619995,15.371757507324219,4.6230692863464355,6.9256157875061035,0.8563491106033325,13.016654968261719,-0.7609062194824219,10.433795928955078,-0.9514678120613098
urbansound8k,non_emergency,fold1,/kaggle/input/datasets/jeancdevx/urbansound8k/urbansound8k/audio/fold1/146186-5-0-1.wav,4.0,0.08988138288259506,0.016126204282045364,0.028763850846613547,1208.5743186546144,1988.1862088808928,3283.1175298804783,17.81134796142578,-296.4269104003906,75.42626190185547,-296.4269104003906,75.42626190185547,31.853553771972656,22.91334342956543,29.354999542236328,30.09385108947754,28.652313232421875,27.74882698059082,4.6559929847717285,28.574914932250977,10.834208488464355,2.539184331893921,9.286420822143555
urbansound8k,non_emergency,fold3,/kaggle/input/datasets/jeancdevx/urbansound8k/urbansound8k/audio/fold3/63095-4-0-26.wav,4.0,0.04840688407421112,0.004715496674180031,0.06067526767928287,1063.9274183525874,1591.7270022566945,1607.7564741035856,7.878462314605713,-291.5322265625,137.64089965820312,-291.5322265625,137.64089965820312,15.323962211608887,-10.979236602783203,6.862204551696777,17.4077205657959,18.991580963134766,12.395035743713379,-3.142026662826538,-2.6276683807373047,4.845945358276367,0.4854687750339508,8.919299125671387
urbansound8k,non_emergency,fold5,/kaggle/input/datasets/jeancdevx/urbansound8k/urbansound8k/audio/fold5/178686-0-0-45.wav,4.0,0.009122759103775024,0.0017693680711090565,0.03665027390438247,732.963394650074,1060.6529325084744,1379.4820717131474,1.755217432975769,-473.4651794433594,170.31564331054688,-473.4651794433594,170.31564331054688,-14.100400924682617,18.898488998413086,6.256529331207275,18.78472900390625,6.335039138793945,6.276978492736816,3.51924991607666,0.2567867338657379,0.32551875710487366,6.125565052032471,2.5690956115722656
urbansound8k,non_emergency,fold9,/kaggle/input/datasets/jeancdevx/urbansound8k/urbansound8k/audio/fold9/155242-9-0-15.wav,4.0,0.11401728540658951,0.028642501682043076,0.07912879731075698,1181.3180287117802,1386.0450649428967,2406.8102589641435,18.888586044311523,-200.1476287841797,120.87409210205078,-200.1476287841797,120.87409210205078,-12.595540046691895,33.89657974243164,-1.126590371131897,14.675267219543457,3.733139753341675,8.235240936279297,-0.36170491576194763,-0.5861564874649048,3.4750816822052,-4.47425651550293,-8.084219932556152
urbansound8k,non_emergency,fold1,/kaggle/input/datasets/jeancdevx/urbansound8k/urbansound8k/audio/fold1/191431-9-0-26.wav,4.0,0.02006622590124607,0.007602641824632883,0.269500124501992,2745.070225688875,2142.5412041175455,5370.144422310757,4.416628837585449,-264.50152587890625,45.16939926147461,-264.50152587890625,45.16939926147461,6.0818352699279785,14.662012100219727,-7.3829240798950195,8.595429420471191,-9.712015151977539,-4.366366386413574,-2.5984296798706055,3.5054619312286377,-12.458338737487793,-1.9493720531463623,-7.018306732177734
urbansound8k,non_emergency,fold8,/kaggle/input/datasets/jeancdevx/urbansound8k/urbansound8k/audio/fold8/122199-3-1-1.wav,4.0,0.02733089029788971,0.00434609642252326,0.16811270542828685,2415.9772093406946,2193.6873025194486,5550.174302788844,6.046421051025391,-321.1716003417969,43.66140365600586,-321.1716003417969,43.66140365600586,-9.548229217529297,-62.212703704833984,-6.917263507843018,54.76622009277344,27.92951011657715,22.806259155273438,-8.275046348571777,2.533345937728882,10.145398139953613,20.646617889404297,-5.567200183868408
urbansound8k,non_emergency,fold1,/kaggle/input/datasets/jeancdevx/urbansound8k/urbansound8k/audio/fold1/103074-7-4-2.wav,4.0,0.03716180846095085,0.0031279833056032658,0.2370012138944223,2713.560111149809,2234.525889425659,5593.314243027889,8.433076858520508,-193.0250244140625,50.77886962890625,-193.0250244140625,50.77886962890625,16.242395401000977,22.28269386291504,-3.4590494632720947,5.794372081756592,-5.83181619644165,14.562654495239258,-9.139033317565918,-0.2290034145116806,-1.5553216934204102,2.3302206993103027,-4.719796180725098
urbansound8k,non_emergency,fold2,/kaggle/input/datasets/jeancdevx/urbansound8k/urbansound8k/audio/fold2/34621-4-25-0.wav,0.69,0.025782855227589607,0.019543448463082314,0.060835404829545456,1034.435952177981,1295.2276907137648,2045.809659090909,4.842186450958252,-371.2790832519531,143.2023162841797,-371.2790832519531,143.2023162841797,-23.154924392700195,22.725263595581055,12.003432273864746,0.9024551510810852,4.384294033050537,6.876843452453613,-1.891503095626831,14.884764671325684,4.726627826690674,8.801300048828125,0.04089454188942909
urbansound8k,non_emergency,fold10,/kaggle/input/datasets/jeancdevx/urbansound8k/urbansound8k/audio/fold10/188813-7-9-0.wav,3.2954375,0.00921439565718174,0.0033286584075540304,0.5232383950242718,3781.228850559117,2139.367941251207,6330.855582524272,2.0584828853607178,-349.51629638671875,-1.590670108795166,-349.51629638671875,-1.590670108795166,-4.892092704772949,6.807895660400391,-5.990236759185791,3.110844612121582,-1.811540961265564,5.851315021514893,-12.734818458557129,1.6439027786254883,-1.9007819890975952,-0.3322697579860687,5.841904163360596
urbansound8k,non_emergency,fold10,/kaggle/input/datasets/jeancdevx/urbansound8k/urbansound8k/audio/fold10/167464-0-0-19.wav,4.0,0.06400557607412338,0.013103288598358631,0.07681772908366534,1224.1031134048264,1444.2011116961985,2559.0139442231075,15.109807014465332,-202.19541931152344,125.41706085205078,-202.19541931152344,125.41706085205078,-21.067729949951172,24.819976806640625,-5.598249435424805,16.178203582763672,0.6341618299484253,9.194108963012695,1.4769542217254639,5.338939189910889,1.0458505153656006,2.3941237926483154,-0.6626095175743103
urbansound8k,non_emergency,fold4,/kaggle/input/datasets/jeancdevx/urbansound8k/urbansound8k/audio/fold4/52441-3-0-0.wav,4.0,0.0264893788844347,0.02370350807905197,0.11828467380478087,1446.7201616889715,1389.8286380863797,2634.1508964143427,5.700782299041748,-352.7205505371094,111.47502899169922,-352.7205505371094,111.47502899169922,-33.743019104003906,4.855778217315674,-16.040180206298828,6.019223213195801,-7.066740989685059,-11.874692916870117,-8.886013984680176,10.557114601135254,-4.379225730895996,3.5281732082366943,8.116929054260254
urbansound8k,non_emergency,fold3,/kaggle/input/datasets/jeancdevx/urbansound8k/urbansound8k/audio/fold3/195451-5-0-7.wav,4.0,0.10632931441068649,0.037947800010442734,0.14147316982071714,2102.143870661157,2006.5299903948683,4715.824203187251,21.73573112487793,-120.27902221679688,72.54476928710938,-120.27902221679688,72.54476928710938,-4.060490608215332,15.707723617553711,0.6669918894767761,18.017332077026367,-11.720619201660156,7.36829137802124,-0.5230706930160522,12.585674285888672,-4.855772972106934,0.8476364612579346,-3.3995234966278076
urbansound8k,non_emergency,fold8,/kaggle/input/datasets/jeancdevx/urbansound8k/urbansound8k/audio/fold8/50668-5-0-0.wav,4.0,0.04137402027845383,0.016740040853619576,0.1463715450697211,2277.2447261441625,2059.8671523312787,4626.494023904383,6.848204135894775,-223.7770538330078,56.268245697021484,-223.7770538330078,56.268245697021484,3.472935438156128,38.753780364990234,1.0141353607177734,16.34840202331543,8.722214698791504,6.015696048736572,6.002481460571289,7.841726303100586,-2.0876805782318115,-2.060070037841797,-2.729797601699829
urbansound8k,non_emergency,fold4,/kaggle/input/datasets/jeancdevx/urbansound8k/urbansound8k/audio/fold4/176638-5-0-0.wav,4.0,0.010233424603939056,0.002241091337054968,0.055119366284860555,1377.867878107673,1822.9164792900415,3205.11703187251,1.8285417556762695,-411.8037414550781,100.17208099365234,-411.8037414550781,100.17208099365234,4.271487236022949,18.950687408447266,13.658955574035645,18.925127029418945,5.590914726257324,10.27708911895752,1.9541361331939697,12.11092472076416,4.958876609802246,6.882483959197998,-2.011195182800293
urbansound8k,non_emergency,fold4,/kaggle/input/datasets/jeancdevx/urbansound8k/urbansound8k/audio/fold4/24347-8-0-1.wav,4.0,0.0050717550329864025,0.0009874828392639756,0.11888773032868526,1330.0642961420315,1283.7665638733554,2367.4053784860557,1.080190896987915,-453.7262878417969,128.23121643066406,-453.7262878417969,128.23121643066406,-45.54825973510742,4.864767074584961,-8.788710594177246,14.599081993103027,7.124059677124023,5.687819957733154,5.947286128997803,14.117902755737305,3.8833742141723633,6.892612457275391,-2.7010977268218994
urbansound8k,non_emergency,fold3,/kaggle/input/datasets/jeancdevx/urbansound8k/urbansound8k/audio/fold3/94636-8-0-12.wav,4.0,0.2247714400291443,0.04252658784389496,0.12524511329681276,1330.338161696757,1297.7408945572913,2169.945219123506,43.16459655761719,-147.49685668945312,120.01968383789062,-147.49685668945312,120.01968383789062,-24.122156143188477,-9.733628273010254,-19.84599494934082,10.339164733886719,22.976232528686523,17.36191749572754,-4.128276348114014,-4.379001140594482,-2.4404056072235107,8.829024314880371,-5.753255844116211
urbansound8k,non_emergency,fold1,/kaggle/input/datasets/jeancdevx/urbansound8k/urbansound8k/audio/fold1/134717-0-0-22.wav,4.0,0.09405577927827835,0.025104708969593048,0.053932706673306775,822.5597876972213,1097.8958268647139,1323.2071713147411,21.121776580810547,-237.88233947753906,164.57923889160156,-237.88233947753906,164.57923889160156,-6.298368453979492,5.594515800476074,-6.490401744842529,-11.706364631652832,-0.28438523411750793,-4.609130859375,-10.233233451843262,-2.0790328979492188,-14.195140838623047,-16.660343170166016,-24.2993221282959
urbansound8k,non_emergency,fold8,/kaggle/input/datasets/jeancdevx/urbansound8k/urbansound8k/audio/fold8/148632-8-0-1.wav,4.0,0.0030170725658535957,0.0011022533290088177,0.06744506349601594,957.1263338100971,1222.629134819683,1667.5796812749004,0.5273773074150085,-565.8207397460938,147.16139221191406,-565.8207397460938,147.16139221191406,-19.757888793945312,12.122395515441895,2.910412073135376,24.628847122192383,6.537702560424805,12.333264350891113,5.18751335144043,10.826745986938477,1.7624818086624146,0.9931640028953552,-2.4569289684295654
urbansound8k,non_emergency,fold1,/kaggle/input/datasets/jeancdevx/urbansound8k/urbansound8k/audio/fold1/77766-9-0-0.wav,4.0,0.09483730792999268,0.04387855529785156,0.196281281125498,2094.3871525825903,1735.7947523967534,3926.108067729084,19.5487117767334,-148.6641387939453,64.79054260253906,-148.6641387939453,64.79054260253906,-31.936017990112305,19.216930389404297,-1.9309276342391968,9.0438871383667,2.9415204524993896,4.854119777679443,-3.9615910053253174,7.482101917266846,3.422057628631592,6.777691841125488,-3.3293282985687256
urbansound8k,non_emergency,fold5,/kaggle/input/datasets/jeancdevx/urbansound8k/urbansound8k/audio/fold5/85569-0-0-3.wav,4.0,0.012306283228099346,0.0029335706494748592,0.044645636205179286,911.698726375217,1342.0567436380948,1768.613047808765,2.461723566055298,-418.56646728515625,141.53152465820312,-418.56646728515625,141.53152465820312,-1.2850570678710938,20.705421447753906,4.003515243530273,15.833475112915039,6.3178935050964355,6.629256248474121,2.5720646381378174,14.456799507141113,2.5124197006225586,9.694417953491211,-2.430626153945923
urbansound8k,non_emergency,fold4,/kaggle/input/datasets/jeancdevx/urbansound8k/urbansound8k/audio/fold4/128160-5-0-14.wav,4.0,0.010813741944730282,0.0009150728583335876,0.19914871762948208,2429.282400811467,1983.3252271502683,4894.6713147410355,2.369638442993164,-316.3638916015625,54.45781707763672,-316.3638916015625,54.45781707763672,-27.382802963256836,-1.3072314262390137,4.679965019226074,19.80356216430664,9.076566696166992,5.761140823364258,-16.10478401184082,11.366199493408203,5.535459041595459,-1.7614498138427734,7.395037651062012
urbansound8k,non_emergency,fold4,/kaggle/input/datasets/jeancdevx/urbansound8k/urbansound8k/audio/fold4/185909-2-0-17.wav,4.0,0.007140852510929108,0.002250244142487645,0.12211700074701196,1526.7713196309064,1585.0269549957004,3128.797310756972,1.513948917388916,-407.8446044921875,111.19661712646484,-407.8446044921875,111.19661712646484,-18.367223739624023,-3.3437674045562744,-20.857297897338867,11.612038612365723,-4.691689968109131,10.647509574890137,-1.6753313541412354,-0.05614030733704567,-1.865464210510254,5.741929531097412,2.193510055541992
urbansound8k,non_emergency,fold3,/kaggle/input/datasets/jeancdevx/urbansound8k/urbansound8k/audio/fold3/146714-0-0-53.wav,4.0,0.01836436614394188,0.0038876431062817574,0.07778651020916334,2245.639071808225,2458.4524474870414,5500.124501992032,3.8931806087493896,-381.3922119140625,56.69062042236328,-381.3922119140625,56.69062042236328,43.38731384277344,18.64023780822754,9.001704216003418,5.187542915344238,18.41054344177246,17.2726993560791,3.6419103145599365,13.639562606811523,11.813322067260742,10.4247407913208,12.669120788574219
urbansound8k,non_emergency,fold5,/kaggle/input/datasets/jeancdevx/urbansound8k/urbansound8k/audio/fold5/180125-4-3-1.wav,4.0,0.09004389494657516,0.025898350402712822,0.2544703996513944,2424.1771472630585,1914.3427066769286,4662.163844621514,16.379024505615234,-118.0721664428711,69.78861236572266,-118.0721664428711,69.78861236572266,-5.61488151550293,12.605283737182617,-31.212787628173828,29.050397872924805,-26.458553314208984,8.219569206237793,-9.922285079956055,-5.617475509643555,-1.9407230615615845,1.3870244026184082,-4.1602396965026855
urbansound8k,non_emergency,fold5,/kaggle/input/datasets/jeancdevx/urbansound8k/urbansound8k/audio/fold5/178686-0-0-14.wav,4.0,0.007520326878875494,0.0011432644678279757,0.031958105079681276,642.7771591922482,1030.2180774472638,1142.8660358565737,1.4752169847488403,-507.96380615234375,177.33189392089844,-507.96380615234375,177.33189392089844,4.410727500915527,13.943124771118164,10.762272834777832,12.893688201904297,4.1172356605529785,7.829772472381592,1.9939087629318237,1.8848514556884766,-0.31456810235977173,6.318961143493652,0.6192677021026611
urbansound8k,non_emergency,fold8,/kaggle/input/datasets/jeancdevx/urbansound8k/urbansound8k/audio/fold8/29936-3-0-0.wav,2.75,0.010914423502981663,0.004680841229856014,0.09011060138081395,1334.7717344958573,1572.2993635059697,2556.595203488372,2.4944183826446533,-388.98150634765625,117.46395874023438,-388.98150634765625,117.46395874023438,-11.232359886169434,19.300251007080078,17.820133209228516,0.6732005476951599,-3.122797727584839,4.820480823516846,-0.7604444622993469,1.9491630792617798,-7.535916328430176,-1.2512794733047485,1.4843339920043945
urbansound8k,non_emergency,fold3,/kaggle/input/datasets/jeancdevx/urbansound8k/urbansound8k/audio/fold3/93065-9-0-14.wav,4.0,0.03588443249464035,0.011521339416503906,0.21266885582669323,2011.7444043352962,1493.3896624026086,3385.2714143426297,7.890343189239502,-227.57110595703125,72.14443969726562,-227.57110595703125,72.14443969726562,-57.23581314086914,14.840359687805176,-2.0278117656707764,4.55476713180542,-5.819923400878906,0.5611405968666077,-1.0910927057266235,-1.5138102769851685,-3.4827301502227783,5.333549976348877,-5.458765983581543
urbansound8k,non_emergency,fold9,/kaggle/input/datasets/jeancdevx/urbansound8k/urbansound8k/audio/fold9/180937-4-1-12.wav,4.0,0.15959186851978302,0.02129693515598774,0.29113623630478086,2936.845363656608,2196.772591803477,5884.399900398406,33.63703918457031,-41.64542770385742,31.262380599975586,-41.64542770385742,31.262380599975586,-12.789811134338379,13.236053466796875,8.981566429138184,6.815512180328369,6.247622966766357,6.205845832824707,5.164839267730713,1.2034529447555542,-6.087951183319092,2.584646701812744,-4.490553855895996
urbansound8k,non_emergency,fold5,/kaggle/input/datasets/jeancdevx/urbansound8k/urbansound8k/audio/fold5/180125-4-1-7.wav,4.0,0.0967443585395813,0.005735212936997414,0.18991611678286852,2234.2532456449762,1985.3055179860212,4711.840139442231,17.43636131286621,-100.77953338623047,74.82283020019531,-100.77953338623047,74.82283020019531,-0.7061466574668884,4.123929977416992,-28.06535530090332,14.387239456176758,-12.704559326171875,9.344781875610352,-9.420641899108887,-3.7047975063323975,-5.555320739746094,4.498344898223877,-0.12914051115512848
urbansound8k,non_emergency,fold3,/kaggle/input/datasets/jeancdevx/urbansound8k/urbansound8k/audio/fold3/186339-9-0-3.wav,4.0,0.0213813204318285,0.01849375292658806,0.03552975597609562,931.3457723100439,1446.998219340131,2084.287848605578,5.2364325523376465,-433.42230224609375,119.62690734863281,-433.42230224609375,119.62690734863281,6.754907608032227,28.87773895263672,-0.07467079907655716,9.20423412322998,1.5710043907165527,8.37916374206543,9.246062278747559,9.951186180114746,5.491532802581787,3.180497646331787,0.3844522535800934
urbansound8k,non_emergency,fold2,/kaggle/input/datasets/jeancdevx/urbansound8k/urbansound8k/audio/fold2/189023-0-0-6.wav,4.0,0.008303775452077389,0.0008651299867779016,0.05971426792828685,1101.145318425983,1453.0234190874248,2292.4551792828684,1.7528066635131836,-420.7454528808594,129.7754364013672,-420.7454528808594,129.7754364013672,-6.5336594581604,30.146425247192383,6.008732795715332,12.558941841125488,0.08029844611883163,6.338842391967773,-2.7916924953460693,4.103114128112793,-5.427792549133301,7.996659278869629,-3.1320858001708984
urbansound8k,non_emergency,fold1,/kaggle/input/datasets/jeancdevx/urbansound8k/urbansound8k/audio/fold1/98223-7-10-0.wav,0.9893125,0.12271683663129807,0.03748796880245209,0.28488848286290325,2963.251740538254,2301.7097145231796,5973.790322580645,26.890047073364258,-81.57977294921875,32.757972717285156,-81.57977294921875,32.757972717285156,-2.581589698791504,15.032429695129395,24.095439910888672,12.341217994689941,0.026602910831570625,5.253579616546631,-6.644659042358398,-5.283345699310303,-9.612569808959961,-2.689272880554199,-6.693103790283203
urbansound8k,non_emergency,fold6,/kaggle/input/datasets/jeancdevx/urbansound8k/urbansound8k/audio/fold6/104327-2-0-4.wav,4.0,0.0541720911860466,0.01199219562113285,0.1683461466633466,2128.6639618999575,1972.8799728324004,4497.883466135459,12.442961692810059,-161.12814331054688,75.20460510253906,-161.12814331054688,75.20460510253906,-10.266043663024902,4.071823596954346,-13.841826438903809,-6.196197509765625,-7.380438327789307,-2.779527425765991,-8.230524063110352,-2.582899808883667,-7.729145526885986,-2.442384719848633,-5.788387775421143
urbansound8k,non_emergency,fold2,/kaggle/input/datasets/jeancdevx/urbansound8k/urbansound8k/audio/fold2/96169-9-1-3.wav,4.0,0.033936530351638794,0.01715945638716221,0.16643192853585656,1939.3383014691983,1762.3081149672635,3811.4417330677293,6.48444128036499,-267.59344482421875,79.63011932373047,-267.59344482421875,79.63011932373047,-16.455400466918945,9.83608627319336,-2.421269655227661,8.91086483001709,-7.013773441314697,-1.608548641204834,-7.88804292678833,0.6894139647483826,-4.472738742828369,3.979424476623535,-2.5551884174346924
urbansound8k,non_emergency,fold1,/kaggle/input/datasets/jeancdevx/urbansound8k/urbansound8k/audio/fold1/57584-4-0-6.wav,4.0,0.06410960108041763,0.0042892033234238625,0.22948829681274902,2052.6142302944104,1319.3638280015116,3304.84312749004,13.81882095336914,-157.6619110107422,74.4153060913086,-157.6619110107422,74.4153060913086,-81.74934387207031,29.88710594177246,-22.509592056274414,4.757772922515869,-16.654550552368164,8.312849998474121,-14.086074829101562,7.271491050720215,0.6440708041191101,3.7857091426849365,-7.890908241271973
urbansound8k,non_emergency,fold9,/kaggle/input/datasets/jeancdevx/urbansound8k/urbansound8k/audio/fold9/105029-7-0-3.wav,4.0,0.027577750384807587,0.0025373846292495728,0.3412015998505976,3290.8347185429043,2093.4288538077935,5859.873007968127,7.715765953063965,-219.19166564941406,17.16680908203125,-219.19166564941406,17.16680908203125,-7.446808338165283,7.46071720123291,-13.03296947479248,14.772151947021484,8.214629173278809,4.294576168060303,-7.6333699226379395,5.917441368103027,-1.782700538635254,0.8990030288696289,-6.84536600112915
urbansound8k,non_emergency,fold4,/kaggle/input/datasets/jeancdevx/urbansound8k/urbansound8k/audio/fold4/187356-1-3-0.wav,3.49,0.08359284698963165,0.07614286243915558,0.03812607020547945,633.9953763089708,837.9608969085004,1363.2990867579908,20.435749053955078,-316.8641662597656,158.72354125976562,-316.8641662597656,158.72354125976562,-22.67894744873047,8.373944282531738,24.805570602416992,12.633394241333008,14.323659896850586,7.633925437927246,9.305218696594238,7.4731292724609375,6.056388854980469,9.36238956451416,6.58452844619751
urbansound8k,non_emergency,fold9,/kaggle/input/datasets/jeancdevx/urbansound8k/urbansound8k/audio/fold9/101729-0-0-22.wav,4.0,0.06963587552309036,0.08486485481262207,0.25247447709163345,2813.2979059596964,1985.5942547896577,4939.990039840637,17.933237075805664,-319.78778076171875,53.42268371582031,-319.78778076171875,53.42268371582031,33.583072662353516,17.113662719726562,-2.410275459289551,22.775074005126953,-6.975781440734863,28.604698181152344,-6.085260391235352,11.447949409484863,-1.6335976123809814,-1.269781231880188,8.733797073364258
urbansound8k,non_emergency,fold3,/kaggle/input/datasets/jeancdevx/urbansound8k/urbansound8k/audio/fold3/188824-7-0-0.wav,1.37,0.0056153167970478535,0.001198924146592617,0.2791038335755814,2886.4655454515364,2366.7666703945624,5760.719476744186,1.2707465887069702,-382.0663146972656,51.168304443359375,-382.0663146972656,51.168304443359375,21.628429412841797,11.799270629882812,-7.1562819480896,3.1267175674438477,-9.434389114379883,4.060488700866699,-8.298535346984863,-5.428276062011719,0.0187593512237072,-2.5522992610931396,1.3948944807052612
urbansound8k,non_emergency,fold7,/kaggle/input/datasets/jeancdevx/urbansound8k/urbansound8k/audio/fold7/39857-5-0-2.wav,4.0,0.3406728208065033,0.06192518398165703,0.16696884337649404,2286.104721369006,2044.4892236722121,5013.570717131474,82.78719329833984,4.422923564910889,72.75310516357422,4.422923564910889,72.75310516357422,-4.031854152679443,10.984628677368164,-3.7227039337158203,-0.7152190804481506,-23.4609375,-11.273612976074219,-16.291431427001953,16.118627548217773,-17.239253997802734,14.681229591369629,-7.537850379943848
urbansound8k,non_emergency,fold5,/kaggle/input/datasets/jeancdevx/urbansound8k/urbansound8k/audio/fold5/173993-3-0-25.wav,4.0,0.004017354920506477,0.008236146531999111,0.12972718500996017,1427.3480144822431,1391.2213514726013,2372.6967131474103,1.087152123451233,-577.6727905273438,105.70301818847656,-577.6727905273438,105.70301818847656,-33.142059326171875,2.4565162658691406,22.029125213623047,14.026268005371094,6.222900867462158,8.35226058959961,6.656073093414307,10.139394760131836,6.511950969696045,7.335992336273193,7.003551959991455
urbansound8k,non_emergency,fold2,/kaggle/input/datasets/jeancdevx/urbansound8k/urbansound8k/audio/fold2/102858-5-0-0.wav,4.0,0.21061839163303375,0.021263882517814636,0.020367747758964144,1236.4200789625181,1781.630856669316,2923.7425298804783,19.065141677856445,-195.4840087890625,80.7862319946289,-195.4840087890625,80.7862319946289,-11.319905281066895,22.804534912109375,13.927040100097656,14.947489738464355,4.925403118133545,18.51490592956543,9.835150718688965,13.456087112426758,5.562428951263428,6.905487060546875,0.7013596296310425
urbansound8k,non_emergency,fold9,/kaggle/input/datasets/jeancdevx/urbansound8k/urbansound8k/audio/fold9/161005-2-0-19.wav,4.0,0.02700399048626423,0.00461265305057168,0.09044291583665338,1416.0921852129338,1618.8446668449546,3007.3456175298807,5.8259148597717285,-285.8157958984375,108.11250305175781,-285.8157958984375,108.11250305175781,-13.314458847045898,22.952543258666992,4.598057746887207,20.683563232421875,-0.2364976704120636,9.19929313659668,0.6550000905990601,5.586629867553711,0.5015233159065247,7.481142044067383,-1.13985013961792
urbansound8k,non_emergency,fold3,/kaggle/input/datasets/jeancdevx/urbansound8k/urbansound8k/audio/fold3/159761-0-0-4.wav,4.0,0.0021084300242364407,7.503693632315844e-05,0.017807675547808766,1369.1474815729798,1785.5376039501084,3198.082669322709,0.1983162760734558,-575.1707153320312,93.32794189453125,-575.1707153320312,93.32794189453125,-4.053924560546875,25.585920333862305,3.808110475540161,11.42685604095459,6.133397102355957,9.019672393798828,1.0321640968322754,6.38284158706665,0.8697264194488525,4.823615074157715,-2.3083958625793457
urbansound8k,non_emergency,fold1,/kaggle/input/datasets/jeancdevx/urbansound8k/urbansound8k/audio/fold1/197073-3-7-0.wav,4.0,0.07532016187906265,0.05544739216566086,0.06803644795816734,1064.9683977214129,1231.1245189746508,1909.7983067729083,13.850804328918457,-378.7249450683594,134.14239501953125,-378.7249450683594,134.14239501953125,-5.215877056121826,-33.492366790771484,-13.42426872253418,-7.0410566329956055,-32.87181854248047,-8.752843856811523,-10.059307098388672,-1.8410621881484985,-13.674898147583008,-8.017131805419922,-2.71632719039917
urbansound8k,non_emergency,fold3,/kaggle/input/datasets/jeancdevx/urbansound8k/urbansound8k/audio/fold3/49809-3-3-0.wav,2.77,0.022862182930111885,0.02119758538901806,0.18660762392241378,1886.3304262329034,1420.1810331707045,3187.410201149425,5.462663650512695,-356.9060363769531,85.08443450927734,-356.9060363769531,85.08443450927734,-52.45780563354492,-6.969418525695801,-20.575437545776367,11.723241806030273,-2.501833200454712,12.215407371520996,9.715553283691406,10.029279708862305,12.115506172180176,5.181823253631592,-9.010778427124023
urbansound8k,non_emergency,fold1,/kaggle/input/datasets/jeancdevx/urbansound8k/urbansound8k/audio/fold1/161702-9-0-45.wav,4.0,0.031641118228435516,0.015668071806430817,0.06253501618525896,1072.4225232815909,1425.8491989663173,2168.637948207171,6.195513725280762,-364.79290771484375,120.96268463134766,-364.79290771484375,120.96268463134766,4.0350236892700195,22.843517303466797,-2.4740452766418457,11.633700370788574,-2.5378737449645996,3.7246205806732178,-6.15526819229126,-2.8180880546569824,-6.310272693634033,-1.8755786418914795,-4.957447052001953
urbansound8k,non_emergency,fold1,/kaggle/input/datasets/jeancdevx/urbansound8k/urbansound8k/audio/fold1/103258-5-0-19.wav,4.0,0.01326770894229412,0.004319895524531603,0.0380859375,1009.6339815818606,1581.8303694308488,2337.4003984063743,2.8847601413726807,-444.3305969238281,103.62518310546875,-444.3305969238281,103.62518310546875,2.564544200897217,30.336071014404297,15.83554458618164,31.088220596313477,18.387582778930664,24.696020126342773,7.546895503997803,12.109541893005371,5.152837753295898,6.914508819580078,-3.3458669185638428
urbansound8k,non_emergency,fold1,/kaggle/input/datasets/jeancdevx/urbansound8k/urbansound8k/audio/fold1/192124-2-0-3.wav,4.0,0.017549457028508186,0.007085272576659918,0.16091882470119523,1684.1091396233062,1443.960932698868,2988.296812749004,3.981095790863037,-335.1044616699219,97.38056945800781,-335.1044616699219,97.38056945800781,-44.5565299987793,12.873636245727539,1.7966547012329102,13.060044288635254,-5.165672302246094,2.9413654804229736,-2.6342852115631104,-0.1657043695449829,6.964565753936768,11.750444412231445,-1.6737635135650635
urbansound8k,non_emergency,fold7,/kaggle/input/datasets/jeancdevx/urbansound8k/urbansound8k/audio/fold7/74965-4-0-0.wav,4.0,0.04986603558063507,0.02216503955423832,0.4503703934262948,3691.6849959916367,2073.7671753752015,6052.166334661355,10.498265266418457,-194.4409942626953,-5.126089096069336,-194.4409942626953,-5.126089096069336,-12.34965705871582,-3.174405813217163,-14.234659194946289,-0.029338577762246132,-8.214550018310547,-2.2091965675354004,-10.490752220153809,-2.4153826236724854,-10.616025924682617,1.372943639755249,-4.242189407348633
urbansound8k,non_emergency,fold2,/kaggle/input/datasets/jeancdevx/urbansound8k/urbansound8k/audio/fold2/152908-5-0-8.wav,4.0,0.14867691695690155,0.021667199209332466,0.07747136454183266,1725.0074171587548,1878.1762409115631,3991.8451195219122,26.575885772705078,-114.83116912841797,88.59905242919922,-114.83116912841797,88.59905242919922,-12.588550567626953,5.469272136688232,9.611006736755371,24.09486961364746,-2.2331013679504395,16.173307418823242,5.48817253112793,8.94359302520752,5.614897727966309,10.946722030639648,-4.355679035186768
urbansound8k,non_emergency,fold9,/kaggle/input/datasets/jeancdevx/urbansound8k/urbansound8k/audio/fold9/39856-5-0-10.wav,4.0,0.41206464171409607,0.04161152243614197,0.14704074327689243,2290.6906896058185,2130.46507690798,5164.653884462152,97.5431137084961,15.472756385803223,72.28364562988281,15.472756385803223,72.28364562988281,13.75963306427002,18.98482322692871,-4.573506832122803,-8.766740798950195,-23.448469161987305,-1.614556908607483,-21.253433227539062,12.339558601379395,-17.295988082885742,9.182759284973145,1.1374071836471558
urbansound8k,non_emergency,fold2,/kaggle/input/datasets/jeancdevx/urbansound8k/urbansound8k/audio/fold2/74226-9-0-6.wav,4.0,0.056232720613479614,0.03349272906780243,0.07911323456175298,1170.0818517620921,1293.8524077896736,2237.363047808765,9.658175468444824,-288.6929931640625,125.01252746582031,-288.6929931640625,125.01252746582031,-27.4965763092041,32.950775146484375,7.733081340789795,8.84138298034668,4.414292335510254,2.126436710357666,4.822936534881592,10.383993148803711,-0.3570348620414734,0.7128281593322754,-5.850704669952393
urbansound8k,non_emergency,fold10,/kaggle/input/datasets/jeancdevx/urbansound8k/urbansound8k/audio/fold10/99192-4-0-20.wav,4.0,0.06817986816167831,0.01741594634950161,0.21087135831673307,2518.3996805322104,2288.1520514999966,5794.198207171315,13.059574127197266,-144.15765380859375,59.702667236328125,-144.15765380859375,59.702667236328125,-17.70827865600586,-19.928197860717773,-14.4019193649292,-34.22208786010742,-13.622199058532715,-15.361441612243652,-3.944601535797119,-15.448854446411133,-14.385693550109863,-7.0527544021606445,-16.05109214782715
urbansound8k,non_emergency,fold5,/kaggle/input/datasets/jeancdevx/urbansound8k/urbansound8k/audio/fold5/189895-3-0-0.wav,4.0,0.048893362283706665,0.08297305554151535,0.2886928847111554,2410.530043210513,1637.8458872150684,3965.761952191235,11.38729476928711,-441.9384460449219,57.042823791503906,-441.9384460449219,57.042823791503906,-31.703142166137695,-15.511704444885254,-0.27333512902259827,2.5018105506896973,-5.234441757202148,3.6647145748138428,8.859064102172852,3.780275344848633,-4.3760223388671875,1.3024126291275024,-2.5390138626098633
urbansound8k,non_emergency,fold10,/kaggle/input/datasets/jeancdevx/urbansound8k/urbansound8k/audio/fold10/162134-7-8-3.wav,4.0,0.09729007631540298,0.008290966041386127,0.2836194285358566,2745.529481441337,2080.863688774318,5238.04780876494,23.414167404174805,-82.21025848388672,43.438533782958984,-82.21025848388672,43.438533782958984,-9.637611389160156,11.994715690612793,-5.86965799331665,6.885463237762451,-5.051179885864258,3.815091609954834,-1.9960371255874634,6.986900329589844,0.9020519256591797,-3.6387617588043213,-3.712709665298462
urbansound8k,non_emergency,fold2,/kaggle/input/datasets/jeancdevx/urbansound8k/urbansound8k/audio/fold2/94710-5-0-3.wav,4.0,0.1806400567293167,0.04706457257270813,0.019772472609561755,1051.0334989933597,1763.3764983679464,2551.917330677291,20.802448272705078,-232.36123657226562,95.5920181274414,-232.36123657226562,95.5920181274414,24.219539642333984,28.42626190185547,22.20564842224121,27.232585906982422,7.428170204162598,11.84982967376709,1.6527179479599,11.318310737609863,0.7991915941238403,9.818704605102539,-0.9930943846702576
urbansound8k,non_emergency,fold10,/kaggle/input/datasets/jeancdevx/urbansound8k/urbansound8k/audio/fold10/88121-8-0-2.wav,4.0,0.004142128862440586,0.0017049650195986032,0.1055737985557769,1562.237022287793,1658.2188275201859,3233.8769920318723,0.8159180879592896,-487.8404235839844,96.52424621582031,-487.8404235839844,96.52424621582031,-9.8193359375,26.124135971069336,-1.7092790603637695,9.74991512298584,6.947666168212891,11.393572807312012,3.5362086296081543,8.662739753723145,1.0143886804580688,3.506798267364502,-3.0566463470458984
urbansound8k,non_emergency,fold7,/kaggle/input/datasets/jeancdevx/urbansound8k/urbansound8k/audio/fold7/99812-1-0-2.wav,4.0,0.0076478286646306515,0.003659788053482771,0.257816390687251,2153.2450671787387,1486.9681176772958,3478.0876494023905,1.5700052976608276,-407.2481994628906,72.11334228515625,-407.2481994628906,72.11334228515625,-34.91069412231445,51.830101013183594,-20.893470764160156,22.272214889526367,11.92361831665039,-5.2356648445129395,-5.661594867706299,8.109586715698242,-8.907013893127441,4.299310684204102,-2.5231573581695557
urbansound8k,non_emergency,fold8,/kaggle/input/datasets/jeancdevx/urbansound8k/urbansound8k/audio/fold8/41364-9-0-23.wav,4.0,0.0359906330704689,0.028868846595287323,0.12945094621513945,1628.4058963033724,1713.5701647442656,3276.394422310757,5.215452671051025,-306.3789978027344,95.07337951660156,-306.3789978027344,95.07337951660156,-2.740593910217285,22.108869552612305,3.480091094970703,4.823329925537109,-1.6915005445480347,4.53434419631958,4.9651947021484375,12.431406021118164,3.9864277839660645,1.361851692199707,-5.890855312347412
urbansound8k,non_emergency,fold4,/kaggle/input/datasets/jeancdevx/urbansound8k/urbansound8k/audio/fold4/24347-8-0-48.wav,4.0,0.15745818614959717,0.02957274205982685,0.15332420318725098,1585.9513464542374,1223.6600139993582,2710.5951195219122,35.2028694152832,-135.11959838867188,105.39508819580078,-135.11959838867188,105.39508819580078,-71.55169677734375,4.573263168334961,-24.1060848236084,14.83786678314209,0.4153386354446411,9.468878746032715,2.966625690460205,17.85376739501953,6.073251724243164,5.941617488861084,-9.627826690673828
urbansound8k,non_emergency,fold6,/kaggle/input/datasets/jeancdevx/urbansound8k/urbansound8k/audio/fold6/121285-0-0-3.wav,4.0,0.1340627819299698,0.018611513078212738,0.10915712151394422,1299.498163625458,1289.1525754379297,2223.481075697211,23.474037170410156,-152.17108154296875,123.47579956054688,-152.17108154296875,123.47579956054688,-40.571434020996094,-4.680685997009277,-19.993946075439453,-6.046899795532227,-14.198429107666016,-9.822518348693848,-19.323787689208984,-5.302999019622803,-6.401712894439697,0.11722803860902786,-12.236751556396484
urbansound8k,non_emergency,fold2,/kaggle/input/datasets/jeancdevx/urbansound8k/urbansound8k/audio/fold2/204773-3-9-0.wav,4.0,0.033459581434726715,0.06507229804992676,0.05971037724103586,860.1249610811678,1075.2601503172652,1433.4536852589642,8.148386001586914,-485.0464782714844,103.1435317993164,-485.0464782714844,103.1435317993164,8.1442232131958,-6.357388019561768,-10.38475513458252,-14.067893981933594,-13.104063987731934,-5.035756587982178,-10.960867881774902,-7.4315032958984375,-8.139459609985352,-4.477225303649902,-5.321497440338135
urbansound8k,non_emergency,fold3,/kaggle/input/datasets/jeancdevx/urbansound8k/urbansound8k/audio/fold3/63095-4-1-33.wav,4.0,0.056525688618421555,0.004748152568936348,0.11857647534860558,2038.0439087576804,2395.2074087252267,5673.493525896414,11.029359817504883,-237.1319580078125,89.03419494628906,-237.1319580078125,89.03419494628906,11.65214729309082,-22.710922241210938,7.933335781097412,-19.17860221862793,19.07839012145996,22.767807006835938,1.8058573007583618,-2.9703710079193115,3.7149500846862793,8.175090789794922,-1.4596672058105469
urbansound8k,non_emergency,fold5,/kaggle/input/datasets/jeancdevx/urbansound8k/urbansound8k/audio/fold5/7066-6-1-0.wav,3.1658125,0.08065148442983627,0.08230765908956528,0.18121646148989898,2178.2091200638597,1945.7173598866164,4396.543560606061,21.88960838317871,-236.30712890625,58.012420654296875,-236.30712890625,58.012420654296875,3.765423059463501,6.206841468811035,-0.7502197027206421,9.169926643371582,9.289356231689453,12.390040397644043,6.646730422973633,8.87918472290039,2.7392005920410156,7.818887233734131,2.2110376358032227
urbansound8k,non_emergency,fold10,/kaggle/input/datasets/jeancdevx/urbansound8k/urbansound8k/audio/fold10/15544-5-0-14.wav,4.0,0.035664789378643036,0.011781513690948486,0.09565643675298804,1925.3149727028706,2023.7467176665943,4250.249003984064,6.437862396240234,-252.78009033203125,73.9256362915039,-252.78009033203125,73.9256362915039,-10.084468841552734,5.180774211883545,-4.898013591766357,4.352468013763428,6.396068096160889,14.762040138244629,19.778167724609375,8.869519233703613,19.218704223632812,3.212393283843994,2.709860324859619
urbansound8k,non_emergency,fold10,/kaggle/input/datasets/jeancdevx/urbansound8k/urbansound8k/audio/fold10/102857-5-0-9.wav,4.0,0.12053417414426804,0.009772224351763725,0.03143675298804781,1356.1316188988076,1775.3824152452416,2931.586155378486,16.477785110473633,-203.26113891601562,91.51806640625,-203.26113891601562,91.51806640625,-13.35943603515625,13.484865188598633,11.683138847351074,17.737260818481445,20.001211166381836,26.939640045166016,3.736379861831665,7.4514288902282715,10.200719833374023,19.124094009399414,-1.4821027517318726
urbansound8k,non_emergency,fold8,/kaggle/input/datasets/jeancdevx/urbansound8k/urbansound8k/audio/fold8/74677-0-0-94.wav,4.0,0.03894037753343582,0.004903027787804604,0.11537054905378485,1545.3616895618297,1608.1807998732559,3266.745517928287,7.995899677276611,-227.21884155273438,107.43202209472656,-227.21884155273438,107.43202209472656,-16.604753494262695,26.5737361907959,-7.357699871063232,6.67650032043457,-9.036481857299805,-2.4376137256622314,2.642648458480835,-5.625002384185791,0.8536374568939209,-0.04686351120471954,-2.2064714431762695
urbansound8k,non_emergency,fold3,/kaggle/input/datasets/jeancdevx/urbansound8k/urbansound8k/audio/fold3/63095-4-0-14.wav,4.0,0.049862340092659,0.004573013633489609,0.06956548804780877,1065.2864142728877,1531.169143903395,1659.113545816733,8.84562873840332,-281.3703918457031,141.43136596679688,-281.3703918457031,141.43136596679688,10.355140686035156,-10.451689720153809,8.886638641357422,11.570840835571289,21.493677139282227,12.460070610046387,-11.99166202545166,-2.913590669631958,8.013463973999023,-2.3724610805511475,4.022365093231201
urbansound8k,non_emergency,fold5,/kaggle/input/datasets/jeancdevx/urbansound8k/urbansound8k/audio/fold5/72259-1-10-4.wav,4.0,0.058899786323308945,0.010197452269494534,0.1592925174302789,1679.5969661982176,1548.7798406465938,3354.332669322709,11.305351257324219,-185.14535522460938,103.82307434082031,-185.14535522460938,103.82307434082031,-25.023719787597656,24.13686180114746,-22.572425842285156,15.516362190246582,-1.941064715385437,-4.404003143310547,5.521422386169434,3.336149215698242,-0.2319590002298355,4.046849250793457,2.247180938720703
urbansound8k,non_emergency,fold7,/kaggle/input/datasets/jeancdevx/urbansound8k/urbansound8k/audio/fold7/104625-4-1-8.wav,4.0,0.07421139627695084,0.026074549183249474,0.2419851842629482,2513.8943982956353,1933.7231680618293,4788.035358565737,14.18924331665039,-126.26779174804688,50.169532775878906,-126.26779174804688,50.169532775878906,-13.97730541229248,17.803298950195312,-19.73758888244629,4.37110710144043,-8.565214157104492,2.761890411376953,-5.644509315490723,-1.7769321203231812,-8.842506408691406,-2.5273873805999756,-10.441011428833008
urbansound8k,non_emergency,fold7,/kaggle/input/datasets/jeancdevx/urbansound8k/urbansound8k/audio/fold7/77770-9-0-20.wav,4.0,0.03521762788295746,0.03903421014547348,0.2829113234561753,2688.953362263609,1745.8429830423954,4605.639940239043,8.715566635131836,-255.39443969726562,20.12228775024414,-255.39443969726562,20.12228775024414,-48.60809326171875,16.527616500854492,-6.689143657684326,5.358636379241943,-5.277748107910156,1.0452980995178223,-5.968441486358643,0.2514190077781677,-1.8881415128707886,1.7965905666351318,-1.3976426124572754
urbansound8k,non_emergency,fold7,/kaggle/input/datasets/jeancdevx/urbansound8k/urbansound8k/audio/fold7/123685-5-0-2.wav,4.0,0.07082099467515945,0.021539317443966866,0.05955474975099601,1534.31233486041,2192.786629954618,4380.042330677291,13.408679008483887,-256.3708801269531,96.15925598144531,-256.3708801269531,96.15925598144531,45.98363494873047,21.6575927734375,7.9016852378845215,0.5605515241622925,23.73480987548828,11.098085403442383,4.429945468902588,14.868987083435059,0.7167943716049194,3.198634147644043,-15.23412036895752
urbansound8k,non_emergency,fold7,/kaggle/input/datasets/jeancdevx/urbansound8k/urbansound8k/audio/fold7/116485-3-2-0.wav,4.0,0.028458371758461,0.04705585539340973,0.14341851344621515,1772.5481024263736,1466.241725300993,3210.097111553785,6.939479827880859,-471.9525451660156,48.84265899658203,-471.9525451660156,48.84265899658203,-58.853885650634766,-12.826903343200684,7.854311943054199,7.522013187408447,10.139204978942871,1.0392086505889893,-6.81138277053833,2.0253565311431885,3.2231454849243164,2.2190096378326416,-1.5515292882919312
urbansound8k,non_emergency,fold8,/kaggle/input/datasets/jeancdevx/urbansound8k/urbansound8k/audio/fold8/177726-0-0-37.wav,4.0,0.013880183920264244,0.0033539568539708853,0.015597765189243027,714.8769900243615,1380.177685845257,1387.5747011952192,2.6742658615112305,-484.4415588378906,126.3307113647461,-484.4415588378906,126.3307113647461,21.063608169555664,32.97618865966797,11.926606178283691,14.682877540588379,7.334293842315674,9.181636810302734,1.5979697704315186,9.475875854492188,4.534095287322998,10.727619171142578,5.237514972686768
urbansound8k,non_emergency,fold1,/kaggle/input/datasets/jeancdevx/urbansound8k/urbansound8k/audio/fold1/103258-5-0-12.wav,4.0,0.00833649281412363,0.0011537662940099835,0.042046657121513946,1106.0679100396285,1522.3664587627547,2500.124501992032,1.6817072629928589,-458.0498046875,112.1989974975586,-458.0498046875,112.1989974975586,-9.57331657409668,31.84715461730957,7.322978496551514,30.067914962768555,14.425765037536621,24.666610717773438,5.130509853363037,8.85975456237793,0.5869588851928711,3.790621042251587,-5.43508768081665
urbansound8k,non_emergency,fold8,/kaggle/input/datasets/jeancdevx/urbansound8k/urbansound8k/audio/fold8/106905-5-0-1.wav,4.0,0.06938359886407852,0.02463454380631447,0.19895418326693226,2157.6857901559347,1740.690155807366,4268.737549800797,15.605595588684082,-147.90904235839844,68.86332702636719,-147.90904235839844,68.86332702636719,-35.24509811401367,7.3207268714904785,-12.250503540039062,10.783138275146484,-23.72865867614746,9.514056205749512,2.2094976902008057,0.9904515743255615,-2.6386003494262695,0.9675381183624268,0.16054213047027588
urbansound8k,non_emergency,fold6,/kaggle/input/datasets/jeancdevx/urbansound8k/urbansound8k/audio/fold6/155127-9-1-24.wav,4.0,0.06366590410470963,0.03677356615662575,0.0697327875996016,1099.936297863651,1329.1884815441044,1867.34312749004,6.918033123016357,-298.29071044921875,134.46653747558594,-298.29071044921875,134.46653747558594,-3.2665762901306152,0.03212370350956917,-12.920056343078613,5.488912105560303,-6.4226274490356445,-10.494982719421387,-7.050902843475342,-5.125368118286133,-10.434677124023438,1.2108166217803955,-9.4852876663208
urbansound8k,non_emergency,fold8,/kaggle/input/datasets/jeancdevx/urbansound8k/urbansound8k/audio/fold8/54383-0-0-7.wav,4.0,0.0916004553437233,0.00756904436275363,0.11052664342629483,1484.7271176052848,1590.4762557561328,2598.605577689243,19.708297729492188,-153.59788513183594,114.70863342285156,-153.59788513183594,114.70863342285156,-25.18303108215332,-26.523557662963867,-20.443387985229492,-8.61217212677002,-7.275055885314941,-3.3518221378326416,-7.17507791519165,-8.899105072021484,-2.3424453735351562,-5.872199535369873,-1.8182662725448608
urbansound8k,non_emergency,fold3,/kaggle/input/datasets/jeancdevx/urbansound8k/urbansound8k/audio/fold3/177742-0-0-214.wav,4.0,0.052302297204732895,0.007420084439218044,0.13707280253984064,2226.7563126104583,2190.580448399849,5125.0,9.527095794677734,-184.905517578125,68.14173889160156,-184.905517578125,68.14173889160156,7.964336395263672,9.80154800415039,6.741978168487549,20.171377182006836,-0.6564126014709473,6.219083309173584,-5.590975761413574,3.575871706008911,-4.992031574249268,-0.8112717270851135,-4.958970546722412
urbansound8k,non_emergency,fold1,/kaggle/input/datasets/jeancdevx/urbansound8k/urbansound8k/audio/fold1/147764-4-6-0.wav,4.0,0.07118087261915207,0.009148314595222473,0.29429158366533864,2606.2775134017593,1730.6417153192015,4355.70219123506,13.414280891418457,-133.27706909179688,44.49602508544922,-133.27706909179688,44.49602508544922,-49.281864166259766,36.09635543823242,-15.442276000976562,9.366714477539062,0.9254944324493408,4.951383113861084,11.952592849731445,-17.459564208984375,9.85846996307373,-17.018314361572266,12.36754322052002
urbansound8k,non_emergency,fold2,/kaggle/input/datasets/jeancdevx/urbansound8k/urbansound8k/audio/fold2/73623-7-1-0.wav,4.0,0.08582660555839539,0.008856013417243958,0.2923618027888446,2936.451176979678,2122.5394123836877,5556.835159362549,17.071605682373047,-99.70270538330078,36.46473693847656,-99.70270538330078,36.46473693847656,-9.627456665039062,9.258979797363281,-8.315019607543945,3.4701435565948486,-14.742652893066406,-1.2169057130813599,-10.117286682128906,-3.9761714935302734,-18.26033592224121,9.317981719970703,1.3409547805786133
urbansound8k,non_emergency,fold5,/kaggle/input/datasets/jeancdevx/urbansound8k/urbansound8k/audio/fold5/104998-7-8-14.wav,4.0,0.028193313628435135,0.0032412083819508553,0.3768558578187251,3581.742213384996,2080.8404364164976,5979.270418326693,8.212400436401367,-234.5551300048828,4.428309440612793,-234.5551300048828,4.428309440612793,3.359252452850342,22.501134872436523,-3.6499552726745605,6.809995174407959,-9.231430053710938,3.5160622596740723,-5.848659992218018,15.450740814208984,-0.05116315931081772,6.051395893096924,-8.70958137512207
urbansound8k,non_emergency,fold8,/kaggle/input/datasets/jeancdevx/urbansound8k/urbansound8k/audio/fold8/17009-2-0-10.wav,4.0,0.013333004899322987,0.005454146768897772,0.15913299925298804,1870.6897471065922,1673.909167564107,3607.1339641434265,3.2342276573181152,-357.58197021484375,82.6164779663086,-357.58197021484375,82.6164779663086,-21.42620849609375,37.60538101196289,-14.659393310546875,16.916574478149414,9.37156867980957,0.5809205174446106,4.532125473022461,9.699525833129883,3.4128687381744385,9.196523666381836,-1.2897920608520508
urbansound8k,non_emergency,fold3,/kaggle/input/datasets/jeancdevx/urbansound8k/urbansound8k/audio/fold3/63095-4-1-10.wav,4.0,0.04889844357967377,0.010263022966682911,0.04785934387450199,910.9763554860617,1377.859438317498,1376.9920318725099,7.107428550720215,-308.7272033691406,148.32583618164062,-308.7272033691406,148.32583618164062,9.404047012329102,-14.87637710571289,8.315566062927246,20.712751388549805,18.384607315063477,15.09313678741455,-8.111381530761719,5.669175624847412,6.291139125823975,0.7613279819488525,10.280501365661621
urbansound8k,non_emergency,fold10,/kaggle/input/datasets/jeancdevx/urbansound8k/urbansound8k/audio/fold10/155280-2-0-10.wav,4.0,0.028909875079989433,0.022217456251382828,0.03872011952191235,923.5644258553461,1353.5691146593224,2100.8466135458166,6.74223518371582,-390.6925964355469,125.49603271484375,-390.6925964355469,125.49603271484375,-7.903448581695557,33.46996307373047,2.216256618499756,22.595218658447266,6.663721084594727,8.348929405212402,7.503847122192383,0.7417742609977722,5.406859874725342,6.671071529388428,3.805988073348999
urbansound8k,non_emergency,fold2,/kaggle/input/datasets/jeancdevx/urbansound8k/urbansound8k/audio/fold2/34621-4-8-0.wav,0.48,0.04272923618555069,0.027533425018191338,0.10168850806451613,1401.2818793603476,1479.6704413526288,2551.4112903225805,8.40736198425293,-267.6838073730469,113.37154388427734,-267.6838073730469,113.37154388427734,-31.013687133789062,18.304838180541992,10.490822792053223,2.8970189094543457,-4.183636665344238,3.750509262084961,-3.3766117095947266,12.699250221252441,6.966378688812256,7.689753532409668,-5.5530548095703125
urbansound8k,non_emergency,fold7,/kaggle/input/datasets/jeancdevx/urbansound8k/urbansound8k/audio/fold7/196070-2-0-0.wav,4.0,0.024270232766866684,0.030353199690580368,0.13822444596613545,1959.6282059633259,1772.3388952074426,3963.1474103585656,6.88756799697876,-376.0512390136719,67.43416595458984,-376.0512390136719,67.43416595458984,-10.50755786895752,21.36275291442871,-30.044979095458984,0.3333270847797394,-7.805525779724121,3.8374693393707275,-6.5905537605285645,6.306633472442627,-4.15156364440918,0.6008248925209045,6.606471061706543
urbansound8k,non_emergency,fold5,/kaggle/input/datasets/jeancdevx/urbansound8k/urbansound8k/audio/fold5/72259-1-7-11.wav,4.0,0.061591170728206635,0.012915652245283127,0.16482118401394422,1685.447401817938,1444.9188504248182,3219.1857569721114,8.68884563446045,-213.36102294921875,96.9161605834961,-213.36102294921875,96.9161605834961,-36.4551887512207,32.39847946166992,-25.239084243774414,10.074831008911133,1.362682819366455,-8.211437225341797,-0.88981693983078,-2.3196587562561035,-9.870184898376465,-0.3563903272151947,12.194086074829102
urbansound8k,non_emergency,fold3,/kaggle/input/datasets/jeancdevx/urbansound8k/urbansound8k/audio/fold3/42937-4-0-0.wav,4.0,0.07140876352787018,0.02283603698015213,0.48481464765936255,3934.90672009191,1975.676747581376,6247.6344621513945,16.498403549194336,-161.43482971191406,-45.42967987060547,-161.43482971191406,-45.42967987060547,-39.49972152709961,-19.76008415222168,-25.756614685058594,-6.0071821212768555,-15.272489547729492,1.2044881582260132,-4.431846618652344,-5.967675685882568,-11.634946823120117,-1.6290431022644043,-11.862625122070312
urbansound8k,non_emergency,fold2,/kaggle/input/datasets/jeancdevx/urbansound8k/urbansound8k/audio/fold2/172593-2-0-14.wav,4.0,0.016755875200033188,0.0036616099532693624,0.16352169447211157,1823.916131070752,1631.9197911347667,3693.1025896414344,3.85040020942688,-311.1795349121094,91.05937194824219,-311.1795349121094,91.05937194824219,-23.043190002441406,36.44431686401367,-6.878438472747803,10.943669319152832,-26.193628311157227,4.529837131500244,-5.4135661125183105,-9.412322044372559,3.432502508163452,0.8097236156463623,-7.341397762298584
urbansound8k,non_emergency,fold4,/kaggle/input/datasets/jeancdevx/urbansound8k/urbansound8k/audio/fold4/154758-5-0-17.wav,4.0,0.014438950456678867,0.0008741694036871195,0.1633971924800797,2132.6608838728976,2040.0538559678187,4751.929780876494,3.1341147422790527,-289.248046875,77.40652465820312,-289.248046875,77.40652465820312,-10.870074272155762,0.0899493470788002,2.717954158782959,3.71791672706604,-0.37354400753974915,-5.530309200286865,-16.889297485351562,1.7150485515594482,-4.818040370941162,1.0740383863449097,5.956610202789307
urbansound8k,non_emergency,fold4,/kaggle/input/datasets/jeancdevx/urbansound8k/urbansound8k/audio/fold4/24347-8-0-96.wav,4.0,0.013140677474439144,0.004564075265079737,0.14963583167330677,1471.7352861563122,1367.7439586385767,2574.1409362549803,2.3980138301849365,-431.959716796875,110.32101440429688,-431.959716796875,110.32101440429688,-28.242786407470703,14.879587173461914,0.23655524849891663,15.23177719116211,0.9539288878440857,1.222774863243103,6.083826065063477,14.936030387878418,-3.1972053050994873,3.3337504863739014,-1.1222435235977173
urbansound8k,non_emergency,fold7,/kaggle/input/datasets/jeancdevx/urbansound8k/urbansound8k/audio/fold7/209992-5-2-137.wav,4.0,0.05072528496384621,0.010012672282755375,0.053454152141434265,1166.31563207966,1454.5245070481822,2432.955677290837,9.065587997436523,-264.1107177734375,124.25431060791016,-264.1107177734375,124.25431060791016,-19.651094436645508,16.538944244384766,-13.57414436340332,33.887271881103516,-0.509857714176178,31.252758026123047,12.829778671264648,1.49294912815094,-1.6151055097579956,16.88412857055664,3.145289659500122
urbansound8k,non_emergency,fold7,/kaggle/input/datasets/jeancdevx/urbansound8k/urbansound8k/audio/fold7/164627-1-0-0.wav,1.4981875,0.09918098896741867,0.060159649699926376,0.257573553856383,2426.3719736379103,1549.8696481949326,4095.5784574468084,3.0092320442199707,-458.7927551269531,-60.963863372802734,-458.7927551269531,-60.963863372802734,-47.50614929199219,9.308032989501953,-17.867156982421875,-30.382265090942383,-30.206716537475586,-6.59707498550415,-15.021724700927734,-8.902804374694824,-33.2631950378418,-24.32086753845215,-16.21012306213379
urbansound8k,non_emergency,fold1,/kaggle/input/datasets/jeancdevx/urbansound8k/urbansound8k/audio/fold1/17592-5-1-1.wav,4.0,0.10159781575202942,0.006710683926939964,0.02086964641434263,779.2338854720698,1350.2267141424961,1869.0239043824702,14.032711029052734,-291.3044128417969,119.65086364746094,-291.3044128417969,119.65086364746094,-3.6329870223999023,39.09681701660156,9.377984046936035,9.72453498840332,-2.3083791732788086,6.056307792663574,11.645742416381836,10.111564636230469,11.75522518157959,19.048255920410156,2.4903078079223633
urbansound8k,non_emergency,fold4,/kaggle/input/datasets/jeancdevx/urbansound8k/urbansound8k/audio/fold4/195969-0-0-22.wav,4.0,0.00792564358562231,0.0006216043839231133,0.34788580054780877,3045.8095200990347,2463.1522041817707,6173.618027888446,1.6760114431381226,-375.8236083984375,54.410282135009766,-375.8236083984375,54.410282135009766,24.036556243896484,22.87950897216797,2.422886371612549,4.462607383728027,-4.05288028717041,9.972555160522461,-23.825939178466797,19.274351119995117,-11.639668464660645,9.27457332611084,-16.855064392089844
urbansound8k,non_emergency,fold10,/kaggle/input/datasets/jeancdevx/urbansound8k/urbansound8k/audio/fold10/102857-5-0-7.wav,4.0,0.12291288375854492,0.010436213575303555,0.032140967380478086,1342.0087541384964,1758.963605570502,2886.827689243028,16.946001052856445,-201.76364135742188,92.92630767822266,-201.76364135742188,92.92630767822266,-13.754939079284668,13.102561950683594,11.929253578186035,18.16305160522461,19.35706329345703,26.37991714477539,2.8399569988250732,5.051804542541504,9.191920280456543,19.044097900390625,-1.4212685823440552
urbansound8k,non_emergency,fold9,/kaggle/input/datasets/jeancdevx/urbansound8k/urbansound8k/audio/fold9/79089-0-0-25.wav,4.0,0.07260498404502869,0.05298133194446564,0.10417315114541832,1664.575644238606,1920.4240280455276,3816.421812749004,15.748209953308105,-212.8161163330078,98.10485076904297,-212.8161163330078,98.10485076904297,5.592645645141602,-6.652102470397949,-6.0617594718933105,2.4887943267822266,-2.3894028663635254,2.8104193210601807,4.323441505432129,6.249202251434326,-4.738638401031494,7.55055570602417,-3.968366861343384
urbansound8k,non_emergency,fold1,/kaggle/input/datasets/jeancdevx/urbansound8k/urbansound8k/audio/fold1/177621-0-0-88.wav,4.0,0.026024920865893364,0.00296262395568192,0.07598901269920319,1360.2488894017868,1782.9216092690951,3359.8730079681277,5.563199996948242,-304.55010986328125,119.07401275634766,-304.55010986328125,119.07401275634766,11.966827392578125,14.92952823638916,6.747989177703857,15.174417495727539,-0.9306759238243103,15.686044692993164,-12.304220199584961,15.986029624938965,-9.900690078735352,3.6559255123138428,0.3009120225906372
urbansound8k,non_emergency,fold3,/kaggle/input/datasets/jeancdevx/urbansound8k/urbansound8k/audio/fold3/199769-1-0-13.wav,4.0,0.20738156139850616,0.007321540731936693,0.11033210906374502,1215.7872272534132,1073.7072385655154,2053.535856573705,5.587823867797852,-236.76565551757812,106.07083129882812,-236.76565551757812,106.07083129882812,-28.21830940246582,23.69624900817871,1.907684087753296,1.4692246913909912,-0.036378078162670135,-5.0278778076171875,-2.0412204265594482,-7.375824928283691,-9.89342212677002,5.3171186447143555,11.267990112304688
urbansound8k,non_emergency,fold9,/kaggle/input/datasets/jeancdevx/urbansound8k/urbansound8k/audio/fold9/159745-8-1-7.wav,4.0,0.0003994159633293748,5.9285666793584824e-05,0.04514753486055777,847.7706294796561,1340.9571337039142,1300.6723107569721,0.08345253765583038,-770.2572631835938,153.85452270507812,-770.2572631835938,153.85452270507812,20.818424224853516,-4.160824775695801,9.258460998535156,20.875856399536133,6.969205379486084,5.285347938537598,-3.4625298976898193,1.076190710067749,-5.764348983764648,-3.0774362087249756,-7.47407341003418
urbansound8k,non_emergency,fold6,/kaggle/input/datasets/jeancdevx/urbansound8k/urbansound8k/audio/fold6/167701-4-11-0.wav,2.3665,0.08351675420999527,0.04687156900763512,0.12470307221283784,1423.5401619229494,1218.1677527036284,2451.6469594594596,17.650981903076172,-205.5836181640625,118.77644348144531,-205.5836181640625,118.77644348144531,-65.0698471069336,1.1259808540344238,-24.000709533691406,-14.397619247436523,-14.245795249938965,-13.732351303100586,-6.797181606292725,-3.698673963546753,-3.382578134536743,6.383481502532959,0.6667546629905701
urbansound8k,non_emergency,fold3,/kaggle/input/datasets/jeancdevx/urbansound8k/urbansound8k/audio/fold3/22601-8-0-35.wav,4.0,0.035931188613176346,0.0073842210695147514,0.12853663471115537,1140.1221476623102,1024.3795954557497,1646.7255976095616,7.363945007324219,-311.60382080078125,152.31564331054688,-311.60382080078125,152.31564331054688,-48.11087417602539,3.1130428314208984,-12.13223934173584,29.272268295288086,16.410181045532227,4.556432723999023,-12.467876434326172,5.196372032165527,6.3611626625061035,-1.0198004245758057,-13.077471733093262
urbansound8k,non_emergency,fold8,/kaggle/input/datasets/jeancdevx/urbansound8k/urbansound8k/audio/fold8/196561-3-0-29.wav,4.0,0.11587422341108322,0.049327097833156586,0.0816305092131474,1282.4083021849997,1453.7317359877657,2498.5059760956174,27.07236099243164,-189.19744873046875,123.6797866821289,-189.19744873046875,123.6797866821289,-14.389150619506836,8.339353561401367,-1.7719974517822266,15.753667831420898,0.05627824366092682,4.927934646606445,-4.994622230529785,2.9433295726776123,-2.900305986404419,3.148940324783325,0.8216999173164368
urbansound8k,non_emergency,fold2,/kaggle/input/datasets/jeancdevx/urbansound8k/urbansound8k/audio/fold2/74226-9-0-10.wav,4.0,0.07012337446212769,0.04622692987322807,0.0614261703187251,1022.5064170687026,1319.3054639313723,1997.4477091633466,11.144039154052734,-292.2874755859375,129.82693481445312,-292.2874755859375,129.82693481445312,-6.361725330352783,30.74724006652832,10.021263122558594,17.642662048339844,3.780353307723999,3.0215604305267334,5.7167887687683105,2.7622063159942627,-5.533344745635986,-1.041007399559021,-5.910399436950684
urbansound8k,non_emergency,fold10,/kaggle/input/datasets/jeancdevx/urbansound8k/urbansound8k/audio/fold10/189985-0-0-6.wav,4.0,0.08615518361330032,0.011224023997783661,0.08384431025896415,1448.217361863762,1752.296776705314,3025.087151394422,17.966093063354492,-165.71902465820312,105.17742156982422,-165.71902465820312,105.17742156982422,-5.777078628540039,20.273691177368164,12.532952308654785,6.57169771194458,3.013737678527832,13.161205291748047,-0.7081335783004761,-0.5287268757820129,-11.173954963684082,2.9803428649902344,-1.4042513370513916
urbansound8k,non_emergency,fold10,/kaggle/input/datasets/jeancdevx/urbansound8k/urbansound8k/audio/fold10/59513-3-0-1.wav,4.0,0.030401747673749924,0.04311206564307213,0.07307877863545817,961.4360689543026,1120.321266975909,1701.3819721115538,7.887021541595459,-461.0193176269531,145.20193481445312,-461.0193176269531,145.20193481445312,1.5548923015594482,-8.16279411315918,-13.301704406738281,-8.823115348815918,-4.0155415534973145,-7.3462815284729,-12.471715927124023,-2.318958282470703,1.0283275842666626,-5.789444923400879,-1.0543227195739746
urbansound8k,non_emergency,fold4,/kaggle/input/datasets/jeancdevx/urbansound8k/urbansound8k/audio/fold4/42954-9-0-5.wav,4.0,0.08371064066886902,0.03970552608370781,0.12563029133466136,1619.6486210190326,1384.2787825692756,2950.8217131474103,7.132704257965088,-310.7168273925781,47.355987548828125,-310.7168273925781,47.355987548828125,-44.15236282348633,22.38766860961914,-32.2042121887207,-16.404708862304688,-16.11705780029297,-0.3170023262500763,-7.076453685760498,-25.4875431060791,-11.956035614013672,-9.071516990661621,-7.896308422088623
urbansound8k,non_emergency,fold4,/kaggle/input/datasets/jeancdevx/urbansound8k/urbansound8k/audio/fold4/144007-5-0-8.wav,4.0,0.10013477504253387,0.00990928616374731,0.10816499626494024,1686.3982123987005,1673.383597666073,3677.85109561753,19.567092895507812,-140.22744750976562,99.02574920654297,-140.22744750976562,99.02574920654297,-11.25659465789795,40.671966552734375,-22.962329864501953,19.177112579345703,2.606969118118286,10.356536865234375,1.6653677225112915,-5.685212135314941,5.5021843910217285,1.684098720550537,-1.4627082347869873
urbansound8k,non_emergency,fold5,/kaggle/input/datasets/jeancdevx/urbansound8k/urbansound8k/audio/fold5/162318-2-0-38.wav,4.0,0.03728432580828667,0.009930660016834736,0.1349562686752988,1599.32279027319,1580.602116825354,3163.3466135458166,8.068544387817383,-234.00840759277344,104.57840728759766,-234.00840759277344,104.57840728759766,-21.82613754272461,25.328948974609375,-6.065542221069336,5.2089762687683105,-1.1469860076904297,5.258060932159424,-4.557309627532959,-4.116708755493164,0.0840444341301918,6.725811958312988,-2.05505633354187
urbansound8k,non_emergency,fold6,/kaggle/input/datasets/jeancdevx/urbansound8k/urbansound8k/audio/fold6/94632-5-1-18.wav,4.0,0.04147772118449211,0.006746756378561258,0.12593765562749004,1624.0208573150633,1678.4246857499581,3255.6025896414344,9.157576560974121,-206.52626037597656,104.87898254394531,-206.52626037597656,104.87898254394531,-18.410354614257812,6.686997890472412,-5.520652770996094,3.63261079788208,-3.29365873336792,11.895820617675781,-4.94212007522583,1.954728364944458,-12.191526412963867,-4.568511962890625,-6.6732635498046875
